id,date,sex,city,product category,MontH,season,region
1,2012-02-14,Erkek,İstanbul,Cinsel,Şubat,KIŞ,MARMARA
2,2012-02-14,Erkek,İstanbul,Sağlık,Şubat,KIŞ,MARMARA
3,2012-02-14,Erkek,Samsun,Ağrılar,Şubat,KIŞ,KARADENİZ
4,2012-02-14,Erkek,Ankara,Cinsel,Şubat,KIŞ,İÇ ANADOLU
5,2012-02-14,Erkek,Kocaeli,Ağrılar,Şubat,KIŞ,MARMARA
6,2012-02-14,Erkek,Trabzon,Cinsel,Şubat,KIŞ,KARADENİZ
7,2012-02-14,Erkek,Muş,Cinsel,Şubat,KIŞ,DOĞU ANADOLU
8,2012-02-14,Erkek,İstanbul,Cinsel,Şubat,KIŞ,MARMARA
9,2012-02-14,Bayan,Kocaeli,Cinsel,Şubat,KIŞ,MARMARA
10,2012-02-14,Erkek,Hatay,Cinsel,Şubat,KIŞ,AKDENİZ
11,2012-02-14,Erkek,Zonguldak,Zayıflama,Şubat,KIŞ,KARADENİZ
12,2012-02-14,Bayan,İstanbul,Saç,Şubat,KIŞ,MARMARA
13,2012-02-15,Erkek,İzmir,DİĞER,Şubat,KIŞ,EGE
14,2012-02-15,Erkek,Ankara,Zayıflama,Şubat,KIŞ,İÇ ANADOLU
15,2012-02-15,Bayan,İstanbul,Bakım,Şubat,KIŞ,MARMARA
16,2012-02-15,Erkek,Karabük,Cinsel,Şubat,KIŞ,KARADENİZ
17,2012-02-15,Erkek,Bursa,Saç,Şubat,KIŞ,MARMARA
18,2012-02-15,Erkek,İzmir,Cinsel,Şubat,KIŞ,EGE
19,2012-02-15,Bayan,İstanbul,Zayıflama,Şubat,KIŞ,MARMARA
20,2012-02-15,Bayan,Nevşehir,Güzellik,Şubat,KIŞ,İÇ ANADOLU
21,2012-02-15,Erkek,Antalya,Ağrılar,Şubat,KIŞ,AKDENİZ
22,2012-02-15,Bayan,İstanbul,DİĞER,Şubat,KIŞ,MARMARA
23,2012-02-15,Bayan,Zonguldak,Zayıflama,Şubat,KIŞ,KARADENİZ
24,2012-02-15,Bayan,Manisa,Zayıflama,Şubat,KIŞ,EGE
25,2012-02-15,Bayan,Ankara,Bakım,Şubat,KIŞ,İÇ ANADOLU
26,2012-02-15,Bayan,İzmir,Zayıflama,Şubat,KIŞ,EGE
27,2012-02-15,Erkek,Diyarbakır,Zayıflama,Şubat,KIŞ,GÜNEYDOĞU
28,2012-02-15,Bayan,İzmir,Zayıflama,Şubat,KIŞ,EGE
29,2012-02-15,Bayan,İstanbul,Zayıflama,Şubat,KIŞ,MARMARA
30,2012-02-16,Bayan,İstanbul,Zayıflama,Şubat,KIŞ,MARMARA
31,2012-02-16,Bayan,İstanbul,DİĞER,Şubat,KIŞ,MARMARA
32,2012-02-16,Bayan,İstanbul,Zayıflama,Şubat,KIŞ,MARMARA
33,2012-02-16,Erkek,Kayseri,Cinsel,Şubat,KIŞ,İÇ ANADOLU
34,2012-02-16,Erkek,İstanbul,Zayıflama,Şubat,KIŞ,MARMARA
35,2012-02-16,Bayan,İstanbul,Zayıflama,Şubat,KIŞ,MARMARA
36,2012-02-16,Erkek,Eskişehir,Cinsel,Şubat,KIŞ,İÇ ANADOLU
37,2012-02-16,Erkek,Trabzon,DİĞER,Şubat,KIŞ,KARADENİZ
38,2012-02-16,Erkek,İstanbul,Cinsel,Şubat,KIŞ,MARMARA
39,2012-02-16,Bayan,İzmir,Zayıflama,Şubat,KIŞ,EGE
40,2012-02-16,Erkek,İstanbul,Cinsel,Şubat,KIŞ,MARMARA
41,2012-02-16,Bayan,İstanbul,Zayıflama,Şubat,KIŞ,MARMARA
42,2012-02-16,Bayan,Bursa,Zayıflama,Şubat,KIŞ,MARMARA
43,2012-02-16,Erkek,Düzce,Cinsel,Şubat,KIŞ,KARADENİZ
44,2012-02-16,Erkek,Van,Güzellik,Şubat,KIŞ,DOĞU ANADOLU
45,2012-02-16,Bayan,İzmir,Zayıflama,Şubat,KIŞ,EGE
46,2012-02-16,Erkek,İstanbul,DİĞER,Şubat,KIŞ,MARMARA
47,2012-02-16,Bayan,İstanbul,Sağlık,Şubat,KIŞ,MARMARA
48,2012-02-16,Erkek,Trabzon,Cinsel,Şubat,KIŞ,KARADENİZ
49,2012-02-16,Erkek,İzmir,Güzellik,Şubat,KIŞ,EGE
50,2012-02-16,Bayan,İstanbul,Zayıflama,Şubat,KIŞ,MARMARA
51,2012-02-16,Bayan,Bursa,Zayıflama,Şubat,KIŞ,MARMARA
52,2012-02-16,Erkek,İstanbul,Ağrılar,Şubat,KIŞ,MARMARA
53,2012-02-16,Bayan,İstanbul,Zayıflama,Şubat,KIŞ,MARMARA
54,2012-02-16,Erkek,İstanbul,Zayıflama,Şubat,KIŞ,MARMARA
55,2012-02-16,Erkek,Konya,Cinsel,Şubat,KIŞ,İÇ ANADOLU
56,2012-02-16,Bayan,İstanbul,Zayıflama,Şubat,KIŞ,MARMARA
57,2012-02-16,Erkek,İstanbul,Cinsel,Şubat,KIŞ,MARMARA
58,2012-02-16,Erkek,İstanbul,Bakım,Şubat,KIŞ,MARMARA
59,2012-02-16,Bayan,Muş,Zayıflama,Şubat,KIŞ,DOĞU ANADOLU
60,2012-02-16,Erkek,Ankara,Zayıflama,Şubat,KIŞ,İÇ ANADOLU
61,2012-02-16,Erkek,Ankara,Bakım,Şubat,KIŞ,İÇ ANADOLU
62,2012-02-16,Erkek,Kahramanmaraş,Saç,Şubat,KIŞ,AKDENİZ
63,2012-02-16,Bayan,Sivas,Zayıflama,Şubat,KIŞ,İÇ ANADOLU
64,2012-02-17,Bayan,Çorum,Bakım,Şubat,KIŞ,KARADENİZ
65,2012-02-17,Erkek,Iğdır,Cinsel,Şubat,KIŞ,DOĞU ANADOLU
66,2012-02-17,Bayan,İstanbul,Güzellik,Şubat,KIŞ,MARMARA
67,2012-02-17,Erkek,İzmir,Zayıflama,Şubat,KIŞ,EGE
68,2012-02-17,Bayan,İstanbul,DİĞER,Şubat,KIŞ,MARMARA
69,2012-02-17,Erkek,İstanbul,Zayıflama,Şubat,KIŞ,MARMARA
70,2012-02-17,Bayan,Antalya,Zayıflama,Şubat,KIŞ,AKDENİZ
71,2012-02-17,Erkek,Samsun,Zayıflama,Şubat,KIŞ,KARADENİZ
72,2012-02-17,Bayan,İzmir,Güzellik,Şubat,KIŞ,EGE
73,2012-02-17,Erkek,İstanbul,Cinsel,Şubat,KIŞ,MARMARA
74,2012-02-17,Bayan,İstanbul,Cinsel,Şubat,KIŞ,MARMARA
75,2012-02-17,Erkek,Sivas,Sağlık,Şubat,KIŞ,İÇ ANADOLU
76,2012-02-17,Bayan,İstanbul,Bakım,Şubat,KIŞ,MARMARA
77,2012-02-17,Erkek,Bursa,Güzellik,Şubat,KIŞ,MARMARA
78,2012-02-17,Bayan,İstanbul,Zayıflama,Şubat,KIŞ,MARMARA
79,2012-02-18,Erkek,Adana,Sağlık,Şubat,KIŞ,AKDENİZ
80,2012-02-18,Bayan,Ankara,DİĞER,Şubat,KIŞ,İÇ ANADOLU
81,2012-02-18,Bayan,Denizli,Zayıflama,Şubat,KIŞ,EGE
82,2012-02-18,Erkek,İstanbul,Zayıflama,Şubat,KIŞ,MARMARA
83,2012-02-18,Erkek,Bursa,Zayıflama,Şubat,KIŞ,MARMARA
84,2012-02-18,Erkek,İstanbul,Zayıflama,Şubat,KIŞ,MARMARA
85,2012-02-18,Bayan,Ankara,Zayıflama,Şubat,KIŞ,İÇ ANADOLU
86,2012-02-18,Erkek,İstanbul,Sağlık,Şubat,KIŞ,MARMARA
87,2012-02-18,Erkek,Kahramanmaraş,Zayıflama,Şubat,KIŞ,AKDENİZ
88,2012-02-18,Erkek,İstanbul,DİĞER,Şubat,KIŞ,MARMARA
89,2012-02-18,Erkek,İzmir,DİĞER,Şubat,KIŞ,EGE
90,2012-02-20,Bayan,İstanbul,DİĞER,Şubat,KIŞ,MARMARA
91,2012-02-20,Erkek,İstanbul,DİĞER,Şubat,KIŞ,MARMARA
92,2012-02-20,Erkek,Aydın,Güzellik,Şubat,KIŞ,EGE
93,2012-02-20,Erkek,Şanlıurfa,Ağrılar,Şubat,KIŞ,GÜNEYDOĞU
94,2012-02-20,Bayan,Kocaeli,Zayıflama,Şubat,KIŞ,MARMARA
95,2012-02-20,Erkek,İstanbul,DİĞER,Şubat,KIŞ,MARMARA
96,2012-02-20,Erkek,İstanbul,Güzellik,Şubat,KIŞ,MARMARA
97,2012-02-20,Bayan,İstanbul,Zayıflama,Şubat,KIŞ,MARMARA
98,2012-02-20,Erkek,İzmir,Zayıflama,Şubat,KIŞ,EGE
99,2012-02-20,Erkek,Ankara,Cinsel,Şubat,KIŞ,İÇ ANADOLU
100,2012-02-20,Erkek,Erzurum,Cinsel,Şubat,KIŞ,DOĞU ANADOLU
101,2012-02-20,Erkek,Adıyaman,Zayıflama,Şubat,KIŞ,GÜNEYDOĞU
102,2012-02-20,Erkek,Kastamonu,Sağlık,Şubat,KIŞ,KARADENİZ
103,2012-02-20,Erkek,Konya,Zayıflama,Şubat,KIŞ,İÇ ANADOLU
104,2012-02-20,Erkek,Kocaeli,Cinsel,Şubat,KIŞ,MARMARA
105,2012-02-20,Erkek,Giresun,Zayıflama,Şubat,KIŞ,KARADENİZ
106,2012-02-20,Bayan,Balıkesir,Zayıflama,Şubat,KIŞ,MARMARA
107,2012-02-20,Erkek,Amasya,Cinsel,Şubat,KIŞ,KARADENİZ
108,2012-02-20,Bayan,Antalya,Güzellik,Şubat,KIŞ,AKDENİZ
109,2012-02-20,Erkek,Ordu,Güzellik,Şubat,KIŞ,KARADENİZ
110,2012-02-20,Bayan,İstanbul,Güzellik,Şubat,KIŞ,MARMARA
111,2012-02-20,Erkek,Mersin,Saç,Şubat,KIŞ,AKDENİZ
112,2012-02-20,Erkek,İstanbul,Zayıflama,Şubat,KIŞ,MARMARA
113,2012-02-20,Erkek,İzmir,Zayıflama,Şubat,KIŞ,EGE
114,2012-02-20,Bayan,Sivas,Zayıflama,Şubat,KIŞ,İÇ ANADOLU
115,2012-02-20,Erkek,İzmir,Cinsel,Şubat,KIŞ,EGE
116,2012-02-20,Bayan,Trabzon,Sağlık,Şubat,KIŞ,KARADENİZ
117,2012-02-20,Erkek,İstanbul,Cinsel,Şubat,KIŞ,MARMARA
118,2012-02-21,Erkek,İstanbul,Zayıflama,Şubat,KIŞ,MARMARA
119,2012-02-21,Erkek,Adana,DİĞER,Şubat,KIŞ,AKDENİZ
120,2012-02-21,Erkek,Afyon,Zayıflama,Şubat,KIŞ,EGE
121,2012-02-21,Bayan,İzmir,Zayıflama,Şubat,KIŞ,EGE
122,2012-02-21,Erkek,Mersin,Cinsel,Şubat,KIŞ,AKDENİZ
123,2012-02-21,Erkek,Adana,Zayıflama,Şubat,KIŞ,AKDENİZ
124,2012-02-21,Erkek,Rize,Cinsel,Şubat,KIŞ,KARADENİZ
125,2012-02-21,Erkek,Ankara,Zayıflama,Şubat,KIŞ,İÇ ANADOLU
126,2012-02-21,Erkek,Konya,Cinsel,Şubat,KIŞ,İÇ ANADOLU
127,2012-02-21,Erkek,Gaziantep,Saç,Şubat,KIŞ,GÜNEYDOĞU
128,2012-02-21,Bayan,Çanakkale,Zayıflama,Şubat,KIŞ,MARMARA
129,2012-02-21,Bayan,İstanbul,Zayıflama,Şubat,KIŞ,MARMARA
130,2012-02-21,Erkek,İzmir,Cinsel,Şubat,KIŞ,EGE
131,2012-02-21,Erkek,Kayseri,Zayıflama,Şubat,KIŞ,İÇ ANADOLU
132,2012-02-21,Erkek,İstanbul,Zayıflama,Şubat,KIŞ,MARMARA
133,2012-02-21,Erkek,Denizli,Zayıflama,Şubat,KIŞ,EGE
134,2012-02-21,Erkek,Bursa,Bakım,Şubat,KIŞ,MARMARA
135,2012-02-21,Bayan,İstanbul,Zayıflama,Şubat,KIŞ,MARMARA
136,2012-02-21,Erkek,Ankara,DİĞER,Şubat,KIŞ,İÇ ANADOLU
137,2012-02-21,Bayan,İstanbul,Zayıflama,Şubat,KIŞ,MARMARA
138,2012-02-22,Bayan,İzmir,Zayıflama,Şubat,KIŞ,EGE
139,2012-02-22,Erkek,Bursa,Cinsel,Şubat,KIŞ,MARMARA
140,2012-02-22,Bayan,Tokat,Ağrılar,Şubat,KIŞ,KARADENİZ
141,2012-02-22,Bayan,Ankara,Zayıflama,Şubat,KIŞ,İÇ ANADOLU
142,2012-02-22,Bayan,Isparta,Güzellik,Şubat,KIŞ,AKDENİZ
143,2012-02-22,Erkek,Ankara,DİĞER,Şubat,KIŞ,İÇ ANADOLU
144,2012-02-22,Bayan,Burdur,Zayıflama,Şubat,KIŞ,AKDENİZ
145,2012-02-22,Erkek,Manisa,Cinsel,Şubat,KIŞ,EGE
146,2012-02-22,Bayan,İstanbul,Cinsel,Şubat,KIŞ,MARMARA
147,2012-02-22,Bayan,İstanbul,Zayıflama,Şubat,KIŞ,MARMARA
148,2012-02-22,Bayan,Konya,Zayıflama,Şubat,KIŞ,İÇ ANADOLU
149,2012-02-22,Erkek,Siirt,Cinsel,Şubat,KIŞ,GÜNEYDOĞU
150,2012-02-22,Erkek,Aksaray,Zayıflama,Şubat,KIŞ,İÇ ANADOLU
151,2012-02-22,Bayan,Ankara,Zayıflama,Şubat,KIŞ,İÇ ANADOLU
152,2012-02-22,Bayan,İstanbul,Zayıflama,Şubat,KIŞ,MARMARA
153,2012-02-22,Bayan,İstanbul,Ağrılar,Şubat,KIŞ,MARMARA
154,2012-02-22,Erkek,İstanbul,Zayıflama,Şubat,KIŞ,MARMARA
155,2012-02-22,Erkek,Diyarbakır,Ağrılar,Şubat,KIŞ,GÜNEYDOĞU
156,2012-02-22,Erkek,Tokat,Zayıflama,Şubat,KIŞ,KARADENİZ
157,2012-02-22,Bayan,İstanbul,Cinsel,Şubat,KIŞ,MARMARA
158,2012-02-22,Erkek,İzmir,Zayıflama,Şubat,KIŞ,EGE
159,2012-02-22,Bayan,Ankara,Zayıflama,Şubat,KIŞ,İÇ ANADOLU
160,2012-02-22,Erkek,İstanbul,Zayıflama,Şubat,KIŞ,MARMARA
161,2012-02-22,Erkek,Mersin,Zayıflama,Şubat,KIŞ,AKDENİZ
162,2012-02-22,Erkek,Manisa,Cinsel,Şubat,KIŞ,EGE
163,2012-02-22,Bayan,İstanbul,Zayıflama,Şubat,KIŞ,MARMARA
164,2012-02-22,Erkek,Balıkesir,Saç,Şubat,KIŞ,MARMARA
165,2012-02-22,Erkek,Manisa,Ağrılar,Şubat,KIŞ,EGE
166,2012-02-23,Erkek,Ankara,Güzellik,Şubat,KIŞ,İÇ ANADOLU
167,2012-02-23,Bayan,Aksaray,Zayıflama,Şubat,KIŞ,İÇ ANADOLU
168,2012-02-23,Erkek,Balıkesir,Cinsel,Şubat,KIŞ,MARMARA
169,2012-02-23,Erkek,İzmir,Zayıflama,Şubat,KIŞ,EGE
170,2012-02-23,Erkek,Isparta,Sağlık,Şubat,KIŞ,AKDENİZ
171,2012-02-23,Erkek,Zonguldak,DİĞER,Şubat,KIŞ,KARADENİZ
172,2012-02-23,Erkek,Kocaeli,Zayıflama,Şubat,KIŞ,MARMARA
173,2012-02-23,Bayan,Ordu,Zayıflama,Şubat,KIŞ,KARADENİZ
174,2012-02-23,Bayan,İstanbul,Zayıflama,Şubat,KIŞ,MARMARA
175,2012-02-23,Erkek,Zonguldak,DİĞER,Şubat,KIŞ,KARADENİZ
176,2012-02-23,Erkek,Kocaeli,Zayıflama,Şubat,KIŞ,MARMARA
177,2012-02-23,Erkek,Adana,Saç,Şubat,KIŞ,AKDENİZ
178,2012-02-23,Erkek,İzmir,Zayıflama,Şubat,KIŞ,EGE
179,2012-02-23,Erkek,İstanbul,Cinsel,Şubat,KIŞ,MARMARA
180,2012-02-23,Bayan,Kocaeli,Cinsel,Şubat,KIŞ,MARMARA
181,2012-02-23,Erkek,İstanbul,Cinsel,Şubat,KIŞ,MARMARA
182,2012-02-23,Erkek,İzmir,Ağrılar,Şubat,KIŞ,EGE
183,2012-02-23,Bayan,İstanbul,Zayıflama,Şubat,KIŞ,MARMARA
184,2012-02-23,Erkek,İstanbul,Cinsel,Şubat,KIŞ,MARMARA
185,2012-02-23,Erkek,Muş,Cinsel,Şubat,KIŞ,DOĞU ANADOLU
186,2012-02-23,Bayan,İstanbul,Zayıflama,Şubat,KIŞ,MARMARA
187,2012-02-23,Bayan,Muş,Ağrılar,Şubat,KIŞ,DOĞU ANADOLU
188,2012-02-23,Bayan,İstanbul,Bakım,Şubat,KIŞ,MARMARA
189,2012-02-23,Erkek,İstanbul,Sağlık,Şubat,KIŞ,MARMARA
190,2012-02-23,Erkek,Erzurum,Cinsel,Şubat,KIŞ,DOĞU ANADOLU
191,2012-02-23,Erkek,İstanbul,Cinsel,Şubat,KIŞ,MARMARA
192,2012-02-23,Erkek,Karaman,Ağrılar,Şubat,KIŞ,İÇ ANADOLU
193,2012-02-24,Bayan,Eskişehir,Zayıflama,Şubat,KIŞ,İÇ ANADOLU
194,2012-02-24,Erkek,Düzce,Zayıflama,Şubat,KIŞ,KARADENİZ
195,2012-02-24,Bayan,İzmir,Zayıflama,Şubat,KIŞ,EGE
196,2012-02-24,Erkek,Muş,Cinsel,Şubat,KIŞ,DOĞU ANADOLU
197,2012-02-24,Erkek,İstanbul,Zayıflama,Şubat,KIŞ,MARMARA
198,2012-02-24,Erkek,İstanbul,Ağrılar,Şubat,KIŞ,MARMARA
199,2012-02-24,Erkek,İstanbul,Zayıflama,Şubat,KIŞ,MARMARA
200,2012-02-24,Bayan,Tekirdağ,Zayıflama,Şubat,KIŞ,MARMARA
201,2012-02-24,Erkek,İstanbul,Sağlık,Şubat,KIŞ,MARMARA
202,2012-02-24,Bayan,İstanbul,DİĞER,Şubat,KIŞ,MARMARA
203,2012-02-24,Bayan,Malatya,DİĞER,Şubat,KIŞ,DOĞU ANADOLU
204,2012-02-24,Bayan,İstanbul,Zayıflama,Şubat,KIŞ,MARMARA
205,2012-02-24,Erkek,Ankara,Zayıflama,Şubat,KIŞ,İÇ ANADOLU
206,2012-02-24,Bayan,İzmir,Zayıflama,Şubat,KIŞ,EGE
207,2012-02-24,Erkek,Manisa,Cinsel,Şubat,KIŞ,EGE
208,2012-02-24,Erkek,İstanbul,Cinsel,Şubat,KIŞ,MARMARA
209,2012-02-25,Bayan,Balıkesir,DİĞER,Şubat,KIŞ,MARMARA
210,2012-02-25,Erkek,İstanbul,Cinsel,Şubat,KIŞ,MARMARA
211,2012-02-25,Bayan,Muğla,Zayıflama,Şubat,KIŞ,EGE
212,2012-02-25,Bayan,Hatay,Ağrılar,Şubat,KIŞ,AKDENİZ
213,2012-02-25,Erkek,Antalya,Cinsel,Şubat,KIŞ,AKDENİZ
214,2012-02-25,Bayan,Konya,Zayıflama,Şubat,KIŞ,İÇ ANADOLU
215,2012-02-25,Erkek,Ankara,Zayıflama,Şubat,KIŞ,İÇ ANADOLU
216,2012-02-25,Erkek,Kayseri,Cinsel,Şubat,KIŞ,İÇ ANADOLU
217,2012-02-25,Bayan,İzmir,Zayıflama,Şubat,KIŞ,EGE
218,2012-02-25,Erkek,Muş,Cinsel,Şubat,KIŞ,DOĞU ANADOLU
219,2012-02-27,Bayan,Ankara,Zayıflama,Şubat,KIŞ,İÇ ANADOLU
220,2012-02-27,Erkek,Tekirdağ,Zayıflama,Şubat,KIŞ,MARMARA
221,2012-02-27,Bayan,Kocaeli,DİĞER,Şubat,KIŞ,MARMARA
222,2012-02-27,Erkek,Hakkari,DİĞER,Şubat,KIŞ,DOĞU ANADOLU
223,2012-02-27,Bayan,Diyarbakır,Zayıflama,Şubat,KIŞ,GÜNEYDOĞU
224,2012-02-27,Bayan,İstanbul,Zayıflama,Şubat,KIŞ,MARMARA
225,2012-02-27,Bayan,İstanbul,Saç,Şubat,KIŞ,MARMARA
226,2012-02-27,Erkek,İstanbul,Bakım,Şubat,KIŞ,MARMARA
227,2012-02-27,Erkek,Antalya,Ağrılar,Şubat,KIŞ,AKDENİZ
228,2012-02-27,Bayan,İstanbul,Zayıflama,Şubat,KIŞ,MARMARA
229,2012-02-27,Bayan,İzmir,Zayıflama,Şubat,KIŞ,EGE
230,2012-02-27,Bayan,İstanbul,Zayıflama,Şubat,KIŞ,MARMARA
231,2012-02-27,Erkek,İzmir,Zayıflama,Şubat,KIŞ,EGE
232,2012-02-27,Bayan,İstanbul,Zayıflama,Şubat,KIŞ,MARMARA
233,2012-02-27,Erkek,Edirne,Zayıflama,Şubat,KIŞ,MARMARA
234,2012-02-27,Bayan,İstanbul,Zayıflama,Şubat,KIŞ,MARMARA
235,2012-02-27,Bayan,İstanbul,Bakım,Şubat,KIŞ,MARMARA
236,2012-02-27,Erkek,Ankara,DİĞER,Şubat,KIŞ,İÇ ANADOLU
237,2012-02-27,Bayan,Ankara,Zayıflama,Şubat,KIŞ,İÇ ANADOLU
238,2012-02-27,Bayan,Trabzon,Bakım,Şubat,KIŞ,KARADENİZ
239,2012-02-27,Erkek,İstanbul,Cinsel,Şubat,KIŞ,MARMARA
240,2012-02-27,Erkek,Aydın,Cinsel,Şubat,KIŞ,EGE
241,2012-02-27,Erkek,İstanbul,Cinsel,Şubat,KIŞ,MARMARA
242,2012-02-27,Erkek,Eskişehir,Zayıflama,Şubat,KIŞ,İÇ ANADOLU
243,2012-02-27,Bayan,Zonguldak,Ağrılar,Şubat,KIŞ,KARADENİZ
244,2012-02-27,Bayan,İzmir,Zayıflama,Şubat,KIŞ,EGE
245,2012-02-27,Bayan,Mersin,Zayıflama,Şubat,KIŞ,AKDENİZ
246,2012-02-27,Erkek,Diyarbakır,Cinsel,Şubat,KIŞ,GÜNEYDOĞU
247,2012-02-27,Erkek,Sivas,DİĞER,Şubat,KIŞ,İÇ ANADOLU
248,2012-02-27,Erkek,Manisa,Sağlık,Şubat,KIŞ,EGE
249,2012-02-27,Bayan,İstanbul,Ağrılar,Şubat,KIŞ,MARMARA
250,2012-02-27,Bayan,İstanbul,Zayıflama,Şubat,KIŞ,MARMARA
251,2012-02-27,Erkek,Bursa,Cinsel,Şubat,KIŞ,MARMARA
252,2012-02-27,Bayan,İstanbul,Zayıflama,Şubat,KIŞ,MARMARA
253,2012-02-27,Erkek,Bartın,Cinsel,Şubat,KIŞ,KARADENİZ
254,2012-02-27,Bayan,Denizli,Sağlık,Şubat,KIŞ,EGE
255,2012-02-27,Erkek,Kayseri,DİĞER,Şubat,KIŞ,İÇ ANADOLU
256,2012-02-27,Erkek,Bolu,Ağrılar,Şubat,KIŞ,KARADENİZ
257,2012-02-27,Erkek,İzmir,Cinsel,Şubat,KIŞ,EGE
258,2012-02-27,Bayan,Kütahya,Zayıflama,Şubat,KIŞ,EGE
259,2012-02-27,Erkek,İstanbul,Cinsel,Şubat,KIŞ,MARMARA
260,2012-02-27,Erkek,Mersin,Güzellik,Şubat,KIŞ,AKDENİZ
261,2012-02-27,Erkek,Sinop,DİĞER,Şubat,KIŞ,KARADENİZ
262,2012-02-27,Erkek,İstanbul,Zayıflama,Şubat,KIŞ,MARMARA
263,2012-02-27,Erkek,Diyarbakır,Zayıflama,Şubat,KIŞ,GÜNEYDOĞU
264,2012-02-28,Erkek,Diyarbakır,Güzellik,Şubat,KIŞ,GÜNEYDOĞU
265,2012-02-28,Erkek,Kocaeli,DİĞER,Şubat,KIŞ,MARMARA
266,2012-02-28,Bayan,İzmir,Zayıflama,Şubat,KIŞ,EGE
267,2012-02-28,Erkek,İstanbul,Bakım,Şubat,KIŞ,MARMARA
268,2012-02-28,Erkek,Ankara,Zayıflama,Şubat,KIŞ,İÇ ANADOLU
269,2012-02-28,Erkek,Şanlıurfa,Zayıflama,Şubat,KIŞ,GÜNEYDOĞU
270,2012-02-28,Bayan,Bursa,Zayıflama,Şubat,KIŞ,MARMARA
271,2012-02-28,Erkek,Gaziantep,Ağrılar,Şubat,KIŞ,GÜNEYDOĞU
272,2012-02-28,Erkek,Denizli,Zayıflama,Şubat,KIŞ,EGE
273,2012-02-28,Bayan,Bursa,Zayıflama,Şubat,KIŞ,MARMARA
274,2012-02-28,Erkek,Tokat,Sağlık,Şubat,KIŞ,KARADENİZ
275,2012-02-28,Bayan,Ankara,Zayıflama,Şubat,KIŞ,İÇ ANADOLU
276,2012-02-28,Erkek,İstanbul,Zayıflama,Şubat,KIŞ,MARMARA
277,2012-02-28,Erkek,Amasya,DİĞER,Şubat,KIŞ,KARADENİZ
278,2012-02-28,Erkek,İstanbul,Bakım,Şubat,KIŞ,MARMARA
279,2012-02-28,Erkek,İstanbul,Zayıflama,Şubat,KIŞ,MARMARA
280,2012-02-28,Bayan,Giresun,Zayıflama,Şubat,KIŞ,KARADENİZ
281,2012-02-28,Bayan,Kocaeli,Zayıflama,Şubat,KIŞ,MARMARA
282,2012-02-28,Erkek,Denizli,Cinsel,Şubat,KIŞ,EGE
283,2012-02-28,Bayan,İstanbul,Zayıflama,Şubat,KIŞ,MARMARA
284,2012-02-28,Erkek,İstanbul,Cinsel,Şubat,KIŞ,MARMARA
285,2012-02-28,Erkek,Ankara,Ağrılar,Şubat,KIŞ,İÇ ANADOLU
286,2012-02-29,Bayan,Ankara,Zayıflama,Şubat,KIŞ,İÇ ANADOLU
287,2012-02-29,Erkek,Düzce,Zayıflama,Şubat,KIŞ,KARADENİZ
288,2012-02-29,Bayan,Erzincan,Zayıflama,Şubat,KIŞ,DOĞU ANADOLU
289,2012-02-29,Erkek,Trabzon,Cinsel,Şubat,KIŞ,KARADENİZ
290,2012-02-29,Bayan,Kocaeli,Zayıflama,Şubat,KIŞ,MARMARA
291,2012-02-29,Erkek,Tekirdağ,Cinsel,Şubat,KIŞ,MARMARA
292,2012-02-29,Bayan,İstanbul,Zayıflama,Şubat,KIŞ,MARMARA
293,2012-02-29,Erkek,Ankara,DİĞER,Şubat,KIŞ,İÇ ANADOLU
294,2012-02-29,Bayan,İstanbul,Zayıflama,Şubat,KIŞ,MARMARA
295,2012-02-29,Erkek,Malatya,Zayıflama,Şubat,KIŞ,DOĞU ANADOLU
296,2012-02-29,Bayan,Adana,Zayıflama,Şubat,KIŞ,AKDENİZ
297,2012-02-29,Bayan,Adana,Zayıflama,Şubat,KIŞ,AKDENİZ
298,2012-02-29,Erkek,İstanbul,Cinsel,Şubat,KIŞ,MARMARA
299,2012-02-29,Erkek,İzmir,Zayıflama,Şubat,KIŞ,EGE
300,2012-02-29,Erkek,Antalya,Cinsel,Şubat,KIŞ,AKDENİZ
301,2012-03-01,Erkek,İstanbul,Saç,Mart,İLKBAHAR,MARMARA
302,2012-03-01,Erkek,Tokat,Cinsel,Mart,İLKBAHAR,KARADENİZ
303,2012-03-01,Bayan,İzmir,Zayıflama,Mart,İLKBAHAR,EGE
304,2012-03-01,Erkek,Gaziantep,Cinsel,Mart,İLKBAHAR,GÜNEYDOĞU
305,2012-03-01,Bayan,Bursa,Zayıflama,Mart,İLKBAHAR,MARMARA
306,2012-03-01,Erkek,İzmir,Zayıflama,Mart,İLKBAHAR,EGE
307,2012-03-01,Bayan,Kocaeli,Zayıflama,Mart,İLKBAHAR,MARMARA
308,2012-03-01,Erkek,Elazığ,Zayıflama,Mart,İLKBAHAR,DOĞU ANADOLU
309,2012-03-01,Erkek,İstanbul,DİĞER,Mart,İLKBAHAR,MARMARA
310,2012-03-01,Erkek,Edirne,Zayıflama,Mart,İLKBAHAR,MARMARA
311,2012-03-01,Erkek,İstanbul,Bakım,Mart,İLKBAHAR,MARMARA
312,2012-03-01,Bayan,Gaziantep,Bakım,Mart,İLKBAHAR,GÜNEYDOĞU
313,2012-03-01,Erkek,İstanbul,Zayıflama,Mart,İLKBAHAR,MARMARA
314,2012-03-01,Bayan,İstanbul,Zayıflama,Mart,İLKBAHAR,MARMARA
315,2012-03-01,Bayan,İstanbul,Zayıflama,Mart,İLKBAHAR,MARMARA
316,2012-03-01,Bayan,Sivas,Zayıflama,Mart,İLKBAHAR,İÇ ANADOLU
317,2012-03-01,Bayan,Çanakkale,Zayıflama,Mart,İLKBAHAR,MARMARA
318,2012-03-01,Bayan,Ankara,Zayıflama,Mart,İLKBAHAR,İÇ ANADOLU
319,2012-03-01,Erkek,İstanbul,Cinsel,Mart,İLKBAHAR,MARMARA
320,2012-03-01,Erkek,Kocaeli,Zayıflama,Mart,İLKBAHAR,MARMARA
321,2012-03-01,Bayan,Mardin,Zayıflama,Mart,İLKBAHAR,GÜNEYDOĞU
322,2012-03-01,Bayan,İzmir,Zayıflama,Mart,İLKBAHAR,EGE
323,2012-03-01,Bayan,Tekirdağ,Zayıflama,Mart,İLKBAHAR,MARMARA
324,2012-03-01,Erkek,İstanbul,Cinsel,Mart,İLKBAHAR,MARMARA
325,2012-03-01,Erkek,İstanbul,Ağrılar,Mart,İLKBAHAR,MARMARA
326,2012-03-01,Bayan,Antalya,Bakım,Mart,İLKBAHAR,AKDENİZ
327,2012-03-01,Erkek,İstanbul,Cinsel,Mart,İLKBAHAR,MARMARA
328,2012-03-01,Bayan,Ankara,Zayıflama,Mart,İLKBAHAR,İÇ ANADOLU
329,2012-03-01,Erkek,İstanbul,Zayıflama,Mart,İLKBAHAR,MARMARA
330,2012-03-02,Erkek,Ankara,Sağlık,Mart,İLKBAHAR,İÇ ANADOLU
331,2012-03-02,Erkek,Kocaeli,Cinsel,Mart,İLKBAHAR,MARMARA
332,2012-03-02,Erkek,İstanbul,Zayıflama,Mart,İLKBAHAR,MARMARA
333,2012-03-02,Bayan,İzmir,Ağrılar,Mart,İLKBAHAR,EGE
334,2012-03-02,Bayan,Mersin,Cinsel,Mart,İLKBAHAR,AKDENİZ
335,2012-03-02,Erkek,Balıkesir,Zayıflama,Mart,İLKBAHAR,MARMARA
336,2012-03-02,Bayan,İstanbul,Zayıflama,Mart,İLKBAHAR,MARMARA
337,2012-03-02,Erkek,Kocaeli,Cinsel,Mart,İLKBAHAR,MARMARA
338,2012-03-02,Erkek,Ankara,Zayıflama,Mart,İLKBAHAR,İÇ ANADOLU
339,2012-03-02,Bayan,İstanbul,Ağrılar,Mart,İLKBAHAR,MARMARA
340,2012-03-02,Bayan,Kars,Zayıflama,Mart,İLKBAHAR,DOĞU ANADOLU
341,2012-03-02,Bayan,Mersin,Zayıflama,Mart,İLKBAHAR,AKDENİZ
342,2012-03-02,Erkek,İstanbul,Cinsel,Mart,İLKBAHAR,MARMARA
343,2012-03-02,Bayan,İstanbul,Bakım,Mart,İLKBAHAR,MARMARA
344,2012-03-02,Erkek,Antalya,Zayıflama,Mart,İLKBAHAR,AKDENİZ
345,2012-03-02,Bayan,İstanbul,Cinsel,Mart,İLKBAHAR,MARMARA
346,2012-03-02,Erkek,İzmir,Zayıflama,Mart,İLKBAHAR,EGE
347,2012-03-02,Bayan,Konya,Zayıflama,Mart,İLKBAHAR,İÇ ANADOLU
348,2012-03-02,Bayan,Ankara,Zayıflama,Mart,İLKBAHAR,İÇ ANADOLU
349,2012-03-02,Bayan,Mersin,Zayıflama,Mart,İLKBAHAR,AKDENİZ
350,2012-03-02,Erkek,İstanbul,Cinsel,Mart,İLKBAHAR,MARMARA
351,2012-03-02,Erkek,Kırıkkale,Cinsel,Mart,İLKBAHAR,İÇ ANADOLU
352,2012-03-03,Erkek,Bitlis,Zayıflama,Mart,İLKBAHAR,DOĞU ANADOLU
353,2012-03-03,Erkek,İstanbul,DİĞER,Mart,İLKBAHAR,MARMARA
354,2012-03-03,Bayan,Şanlıurfa,Zayıflama,Mart,İLKBAHAR,GÜNEYDOĞU
355,2012-03-03,Bayan,Kayseri,Ağrılar,Mart,İLKBAHAR,İÇ ANADOLU
356,2012-03-03,Bayan,Çorum,Zayıflama,Mart,İLKBAHAR,KARADENİZ
357,2012-03-03,Erkek,İstanbul,DİĞER,Mart,İLKBAHAR,MARMARA
358,2012-03-03,Bayan,İstanbul,Zayıflama,Mart,İLKBAHAR,MARMARA
359,2012-03-03,Erkek,İstanbul,Zayıflama,Mart,İLKBAHAR,MARMARA
360,2012-03-03,Erkek,Sivas,Cinsel,Mart,İLKBAHAR,İÇ ANADOLU
361,2012-03-03,Erkek,Trabzon,Cinsel,Mart,İLKBAHAR,KARADENİZ
362,2012-03-05,Bayan,Düzce,Zayıflama,Mart,İLKBAHAR,KARADENİZ
363,2012-03-05,Erkek,Diyarbakır,DİĞER,Mart,İLKBAHAR,GÜNEYDOĞU
364,2012-03-05,Bayan,Antalya,Cinsel,Mart,İLKBAHAR,AKDENİZ
365,2012-03-05,Erkek,Giresun,Saç,Mart,İLKBAHAR,KARADENİZ
366,2012-03-05,Bayan,Antalya,Ağrılar,Mart,İLKBAHAR,AKDENİZ
367,2012-03-05,Bayan,Ankara,DİĞER,Mart,İLKBAHAR,İÇ ANADOLU
368,2012-03-05,Erkek,Bursa,DİĞER,Mart,İLKBAHAR,MARMARA
369,2012-03-05,Bayan,Ankara,Sağlık,Mart,İLKBAHAR,İÇ ANADOLU
370,2012-03-05,Bayan,İstanbul,Zayıflama,Mart,İLKBAHAR,MARMARA
371,2012-03-05,Bayan,İstanbul,Zayıflama,Mart,İLKBAHAR,MARMARA
372,2012-03-05,Bayan,İstanbul,Zayıflama,Mart,İLKBAHAR,MARMARA
373,2012-03-05,Bayan,Afyon,Güzellik,Mart,İLKBAHAR,EGE
374,2012-03-05,Erkek,Zonguldak,Zayıflama,Mart,İLKBAHAR,KARADENİZ
375,2012-03-05,Bayan,Bursa,DİĞER,Mart,İLKBAHAR,MARMARA
376,2012-03-05,Erkek,İstanbul,Zayıflama,Mart,İLKBAHAR,MARMARA
377,2012-03-05,Erkek,İstanbul,Cinsel,Mart,İLKBAHAR,MARMARA
378,2012-03-05,Bayan,İçel,Zayıflama,Mart,İLKBAHAR,AKDENİZ
379,2012-03-05,Bayan,İstanbul,Zayıflama,Mart,İLKBAHAR,MARMARA
380,2012-03-05,Erkek,Kütahya,Cinsel,Mart,İLKBAHAR,EGE
381,2012-03-05,Erkek,Elazığ,Saç,Mart,İLKBAHAR,DOĞU ANADOLU
382,2012-03-05,Erkek,Ankara,Cinsel,Mart,İLKBAHAR,İÇ ANADOLU
383,2012-03-05,Erkek,Aydın,Zayıflama,Mart,İLKBAHAR,EGE
384,2012-03-05,Erkek,Hatay,Zayıflama,Mart,İLKBAHAR,AKDENİZ
385,2012-03-05,Erkek,Şanlıurfa,Cinsel,Mart,İLKBAHAR,GÜNEYDOĞU
386,2012-03-05,Bayan,İstanbul,Saç,Mart,İLKBAHAR,MARMARA
387,2012-03-05,Erkek,Mardin,Ağrılar,Mart,İLKBAHAR,GÜNEYDOĞU
388,2012-03-05,Bayan,Bursa,Zayıflama,Mart,İLKBAHAR,MARMARA
389,2012-03-05,Erkek,Gaziantep,Saç,Mart,İLKBAHAR,GÜNEYDOĞU
390,2012-03-05,Bayan,İstanbul,Zayıflama,Mart,İLKBAHAR,MARMARA
391,2012-03-05,Bayan,Adana,Zayıflama,Mart,İLKBAHAR,AKDENİZ
392,2012-03-05,Erkek,İzmir,Zayıflama,Mart,İLKBAHAR,EGE
393,2012-03-05,Erkek,Diyarbakır,DİĞER,Mart,İLKBAHAR,GÜNEYDOĞU
394,2012-03-05,Bayan,Balıkesir,Güzellik,Mart,İLKBAHAR,MARMARA
395,2012-03-05,Erkek,Hatay,Cinsel,Mart,İLKBAHAR,AKDENİZ
396,2012-03-05,Erkek,İstanbul,Saç,Mart,İLKBAHAR,MARMARA
397,2012-03-05,Erkek,Mardin,DİĞER,Mart,İLKBAHAR,GÜNEYDOĞU
398,2012-03-05,Bayan,İstanbul,Zayıflama,Mart,İLKBAHAR,MARMARA
399,2012-03-05,Erkek,Mersin,Cinsel,Mart,İLKBAHAR,AKDENİZ
400,2012-03-05,Bayan,İstanbul,Zayıflama,Mart,İLKBAHAR,MARMARA
401,2012-03-05,Bayan,İzmir,Zayıflama,Mart,İLKBAHAR,EGE
402,2012-03-05,Bayan,İstanbul,Zayıflama,Mart,İLKBAHAR,MARMARA
403,2012-03-05,Bayan,İstanbul,Zayıflama,Mart,İLKBAHAR,MARMARA
404,2012-03-05,Erkek,İstanbul,Zayıflama,Mart,İLKBAHAR,MARMARA
405,2012-03-05,Erkek,Sivas,Zayıflama,Mart,İLKBAHAR,İÇ ANADOLU
406,2012-03-05,Bayan,Bursa,Zayıflama,Mart,İLKBAHAR,MARMARA
407,2012-03-05,Erkek,İstanbul,Cinsel,Mart,İLKBAHAR,MARMARA
408,2012-03-05,Bayan,İstanbul,DİĞER,Mart,İLKBAHAR,MARMARA
409,2012-03-06,Erkek,Giresun,Zayıflama,Mart,İLKBAHAR,KARADENİZ
410,2012-03-06,Bayan,İzmir,Zayıflama,Mart,İLKBAHAR,EGE
411,2012-03-06,Erkek,Konya,Zayıflama,Mart,İLKBAHAR,İÇ ANADOLU
412,2012-03-06,Erkek,Eskişehir,Zayıflama,Mart,İLKBAHAR,İÇ ANADOLU
413,2012-03-06,Bayan,Gaziantep,Zayıflama,Mart,İLKBAHAR,GÜNEYDOĞU
414,2012-03-06,Bayan,Ankara,Zayıflama,Mart,İLKBAHAR,İÇ ANADOLU
415,2012-03-06,Bayan,Manisa,Zayıflama,Mart,İLKBAHAR,EGE
416,2012-03-06,Erkek,Bartın,DİĞER,Mart,İLKBAHAR,KARADENİZ
417,2012-03-06,Erkek,Muğla,Zayıflama,Mart,İLKBAHAR,EGE
418,2012-03-06,Bayan,İstanbul,Ağrılar,Mart,İLKBAHAR,MARMARA
419,2012-03-06,Bayan,İzmir,Zayıflama,Mart,İLKBAHAR,EGE
420,2012-03-06,Bayan,Kocaeli,Zayıflama,Mart,İLKBAHAR,MARMARA
421,2012-03-06,Erkek,Ankara,Zayıflama,Mart,İLKBAHAR,İÇ ANADOLU
422,2012-03-06,Erkek,Antalya,Zayıflama,Mart,İLKBAHAR,AKDENİZ
423,2012-03-06,Erkek,İstanbul,Zayıflama,Mart,İLKBAHAR,MARMARA
424,2012-03-06,Erkek,Muş,Cinsel,Mart,İLKBAHAR,DOĞU ANADOLU
425,2012-03-06,Erkek,Niğde,Cinsel,Mart,İLKBAHAR,İÇ ANADOLU
426,2012-03-06,Bayan,Bursa,Zayıflama,Mart,İLKBAHAR,MARMARA
427,2012-03-06,Erkek,İstanbul,Cinsel,Mart,İLKBAHAR,MARMARA
428,2012-03-06,Erkek,Ankara,DİĞER,Mart,İLKBAHAR,İÇ ANADOLU
429,2012-03-06,Erkek,Antalya,Cinsel,Mart,İLKBAHAR,AKDENİZ
430,2012-03-06,Erkek,İstanbul,Zayıflama,Mart,İLKBAHAR,MARMARA
431,2012-03-06,Erkek,İstanbul,DİĞER,Mart,İLKBAHAR,MARMARA
432,2012-03-06,Erkek,Ankara,Bakım,Mart,İLKBAHAR,İÇ ANADOLU
433,2012-03-06,Erkek,Erzurum,Cinsel,Mart,İLKBAHAR,DOĞU ANADOLU
434,2012-03-06,Bayan,İstanbul,Zayıflama,Mart,İLKBAHAR,MARMARA
435,2012-03-06,Erkek,Konya,Zayıflama,Mart,İLKBAHAR,İÇ ANADOLU
436,2012-03-06,Erkek,İstanbul,Cinsel,Mart,İLKBAHAR,MARMARA
437,2012-03-07,Erkek,İstanbul,Cinsel,Mart,İLKBAHAR,MARMARA
438,2012-03-07,Bayan,İstanbul,Zayıflama,Mart,İLKBAHAR,MARMARA
439,2012-03-07,Bayan,İstanbul,DİĞER,Mart,İLKBAHAR,MARMARA
440,2012-03-07,Erkek,Adana,DİĞER,Mart,İLKBAHAR,AKDENİZ
441,2012-03-07,Bayan,İstanbul,Güzellik,Mart,İLKBAHAR,MARMARA
442,2012-03-07,Bayan,İstanbul,Zayıflama,Mart,İLKBAHAR,MARMARA
443,2012-03-07,Bayan,Balıkesir,Zayıflama,Mart,İLKBAHAR,MARMARA
444,2012-03-07,Erkek,Aydın,Ağrılar,Mart,İLKBAHAR,EGE
445,2012-03-07,Bayan,İzmir,Zayıflama,Mart,İLKBAHAR,EGE
446,2012-03-07,Erkek,Kahramanmaraş,DİĞER,Mart,İLKBAHAR,AKDENİZ
447,2012-03-07,Bayan,Çanakkale,Zayıflama,Mart,İLKBAHAR,MARMARA
448,2012-03-07,Erkek,Kırıkkale,Cinsel,Mart,İLKBAHAR,İÇ ANADOLU
449,2012-03-07,Erkek,Bursa,Zayıflama,Mart,İLKBAHAR,MARMARA
450,2012-03-07,Bayan,Ankara,Zayıflama,Mart,İLKBAHAR,İÇ ANADOLU
451,2012-03-07,Erkek,İstanbul,Zayıflama,Mart,İLKBAHAR,MARMARA
452,2012-03-07,Bayan,Ankara,Zayıflama,Mart,İLKBAHAR,İÇ ANADOLU
453,2012-03-07,Erkek,İstanbul,DİĞER,Mart,İLKBAHAR,MARMARA
454,2012-03-07,Erkek,İstanbul,Zayıflama,Mart,İLKBAHAR,MARMARA
455,2012-03-07,Erkek,İzmir,Zayıflama,Mart,İLKBAHAR,EGE
456,2012-03-07,Erkek,Kahramanmaraş,Zayıflama,Mart,İLKBAHAR,AKDENİZ
457,2012-03-07,Erkek,İstanbul,DİĞER,Mart,İLKBAHAR,MARMARA
458,2012-03-07,Erkek,Kütahya,Cinsel,Mart,İLKBAHAR,EGE
459,2012-03-07,Erkek,İstanbul,Zayıflama,Mart,İLKBAHAR,MARMARA
460,2012-03-07,Erkek,Amasya,Cinsel,Mart,İLKBAHAR,KARADENİZ
461,2012-03-07,Erkek,Kahramanmaraş,DİĞER,Mart,İLKBAHAR,AKDENİZ
462,2012-03-07,Erkek,İzmir,Zayıflama,Mart,İLKBAHAR,EGE
463,2012-03-07,Erkek,İstanbul,Zayıflama,Mart,İLKBAHAR,MARMARA
464,2012-03-07,Bayan,Kırıkkale,Zayıflama,Mart,İLKBAHAR,İÇ ANADOLU
465,2012-03-07,Erkek,Ankara,Sağlık,Mart,İLKBAHAR,İÇ ANADOLU
466,2012-03-07,Erkek,İstanbul,DİĞER,Mart,İLKBAHAR,MARMARA
467,2012-03-07,Bayan,Mersin,Zayıflama,Mart,İLKBAHAR,AKDENİZ
468,2012-03-07,Erkek,Bursa,DİĞER,Mart,İLKBAHAR,MARMARA
469,2012-03-08,Erkek,Ağrı,Zayıflama,Mart,İLKBAHAR,DOĞU ANADOLU
470,2012-03-08,Erkek,İzmir,DİĞER,Mart,İLKBAHAR,EGE
471,2012-03-08,Bayan,Manisa,Zayıflama,Mart,İLKBAHAR,EGE
472,2012-03-08,Erkek,Edirne,Zayıflama,Mart,İLKBAHAR,MARMARA
473,2012-03-08,Erkek,Denizli,Zayıflama,Mart,İLKBAHAR,EGE
474,2012-03-08,Erkek,Batman,DİĞER,Mart,İLKBAHAR,GÜNEYDOĞU
475,2012-03-08,Bayan,İstanbul,Zayıflama,Mart,İLKBAHAR,MARMARA
476,2012-03-08,Erkek,Ağrı,Zayıflama,Mart,İLKBAHAR,DOĞU ANADOLU
477,2012-03-08,Erkek,Gaziantep,DİĞER,Mart,İLKBAHAR,GÜNEYDOĞU
478,2012-03-08,Bayan,Diyarbakır,Zayıflama,Mart,İLKBAHAR,GÜNEYDOĞU
479,2012-03-08,Erkek,İstanbul,Ağrılar,Mart,İLKBAHAR,MARMARA
480,2012-03-08,Erkek,Mardin,Zayıflama,Mart,İLKBAHAR,GÜNEYDOĞU
481,2012-03-08,Erkek,Balıkesir,Zayıflama,Mart,İLKBAHAR,MARMARA
482,2012-03-08,Erkek,Ankara,Zayıflama,Mart,İLKBAHAR,İÇ ANADOLU
483,2012-03-08,Erkek,İstanbul,Saç,Mart,İLKBAHAR,MARMARA
484,2012-03-08,Bayan,İstanbul,Zayıflama,Mart,İLKBAHAR,MARMARA
485,2012-03-08,Erkek,İzmir,Cinsel,Mart,İLKBAHAR,EGE
486,2012-03-08,Bayan,İstanbul,Zayıflama,Mart,İLKBAHAR,MARMARA
487,2012-03-08,Bayan,İzmir,Cinsel,Mart,İLKBAHAR,EGE
488,2012-03-08,Erkek,İstanbul,Zayıflama,Mart,İLKBAHAR,MARMARA
489,2012-03-08,Erkek,İstanbul,Zayıflama,Mart,İLKBAHAR,MARMARA
490,2012-03-08,Erkek,Mersin,Zayıflama,Mart,İLKBAHAR,AKDENİZ
491,2012-03-08,Erkek,Aydın,DİĞER,Mart,İLKBAHAR,EGE
492,2012-03-08,Erkek,Eskişehir,DİĞER,Mart,İLKBAHAR,İÇ ANADOLU
493,2012-03-08,Erkek,İstanbul,DİĞER,Mart,İLKBAHAR,MARMARA
494,2012-03-08,Bayan,Ankara,Zayıflama,Mart,İLKBAHAR,İÇ ANADOLU
495,2012-03-08,Bayan,Antalya,Zayıflama,Mart,İLKBAHAR,AKDENİZ
496,2012-03-08,Erkek,Karaman,Sağlık,Mart,İLKBAHAR,İÇ ANADOLU
497,2012-03-08,Erkek,Samsun,DİĞER,Mart,İLKBAHAR,KARADENİZ
498,2012-03-08,Bayan,İstanbul,Zayıflama,Mart,İLKBAHAR,MARMARA
499,2012-03-08,Erkek,İstanbul,Zayıflama,Mart,İLKBAHAR,MARMARA
500,2012-03-08,Erkek,Edirne,Cinsel,Mart,İLKBAHAR,MARMARA
501,2012-03-08,Bayan,Antalya,Zayıflama,Mart,İLKBAHAR,AKDENİZ
502,2012-03-09,Erkek,Edirne,Cinsel,Mart,İLKBAHAR,MARMARA
503,2012-03-09,Bayan,Antalya,Zayıflama,Mart,İLKBAHAR,AKDENİZ
504,2012-03-09,Bayan,İzmir,Zayıflama,Mart,İLKBAHAR,EGE
505,2012-03-09,Bayan,İstanbul,Zayıflama,Mart,İLKBAHAR,MARMARA
506,2012-03-09,Bayan,Hatay,Zayıflama,Mart,İLKBAHAR,AKDENİZ
507,2012-03-09,Bayan,Ankara,DİĞER,Mart,İLKBAHAR,İÇ ANADOLU
508,2012-03-09,Erkek,İstanbul,Zayıflama,Mart,İLKBAHAR,MARMARA
509,2012-03-09,Erkek,Antalya,DİĞER,Mart,İLKBAHAR,AKDENİZ
510,2012-03-09,Erkek,İstanbul,Zayıflama,Mart,İLKBAHAR,MARMARA
511,2012-03-09,Erkek,Kocaeli,Cinsel,Mart,İLKBAHAR,MARMARA
512,2012-03-09,Erkek,Ağrı,DİĞER,Mart,İLKBAHAR,DOĞU ANADOLU
513,2012-03-09,Erkek,Mersin,Zayıflama,Mart,İLKBAHAR,AKDENİZ
514,2012-03-09,Bayan,Adıyaman,Zayıflama,Mart,İLKBAHAR,GÜNEYDOĞU
515,2012-03-09,Bayan,Konya,Zayıflama,Mart,İLKBAHAR,İÇ ANADOLU
516,2012-03-09,Erkek,Antalya,Zayıflama,Mart,İLKBAHAR,AKDENİZ
517,2012-03-09,Bayan,Ankara,Zayıflama,Mart,İLKBAHAR,İÇ ANADOLU
518,2012-03-09,Erkek,İstanbul,Zayıflama,Mart,İLKBAHAR,MARMARA
519,2012-03-09,Erkek,İstanbul,DİĞER,Mart,İLKBAHAR,MARMARA
520,2012-03-09,Erkek,Çanakkale,Bakım,Mart,İLKBAHAR,MARMARA
521,2012-03-09,Erkek,İstanbul,Zayıflama,Mart,İLKBAHAR,MARMARA
522,2012-03-09,Bayan,İstanbul,Bakım,Mart,İLKBAHAR,MARMARA
523,2012-03-09,Erkek,İstanbul,Cinsel,Mart,İLKBAHAR,MARMARA
524,2012-03-09,Erkek,Ağrı,Bakım,Mart,İLKBAHAR,DOĞU ANADOLU
525,2012-03-09,Erkek,Gaziantep,Cinsel,Mart,İLKBAHAR,GÜNEYDOĞU
526,2012-03-09,Bayan,İstanbul,Zayıflama,Mart,İLKBAHAR,MARMARA
527,2012-03-09,Erkek,İçel,DİĞER,Mart,İLKBAHAR,AKDENİZ
528,2012-03-09,Bayan,İstanbul,Zayıflama,Mart,İLKBAHAR,MARMARA
529,2012-03-09,Bayan,İstanbul,Zayıflama,Mart,İLKBAHAR,MARMARA
530,2012-03-09,Bayan,İstanbul,Zayıflama,Mart,İLKBAHAR,MARMARA
531,2012-03-10,Bayan,Çorum,Zayıflama,Mart,İLKBAHAR,KARADENİZ
532,2012-03-10,Bayan,Ankara,Zayıflama,Mart,İLKBAHAR,İÇ ANADOLU
533,2012-03-10,Erkek,İstanbul,Zayıflama,Mart,İLKBAHAR,MARMARA
534,2013-03-13,Bayan,İzmir,Cinsel,Mart,İLKBAHAR,EGE
535,2013-03-13,Erkek,Kocaeli,Cinsel,Mart,İLKBAHAR,MARMARA
536,2013-03-13,Erkek,Bursa,Bakım,Mart,İLKBAHAR,MARMARA
537,2013-03-13,Erkek,Ankara,Cinsel,Mart,İLKBAHAR,İÇ ANADOLU
538,2013-03-13,Bayan,Kastamonu,Cinsel,Mart,İLKBAHAR,KARADENİZ
539,2013-03-13,Erkek,İstanbul,Cinsel,Mart,İLKBAHAR,MARMARA
540,2013-03-13,Erkek,Samsun,Zayıflama,Mart,İLKBAHAR,KARADENİZ
541,2013-03-13,Erkek,İstanbul,Cinsel,Mart,İLKBAHAR,MARMARA
542,2013-03-14,Erkek,Zonguldak,Bakım,Mart,İLKBAHAR,KARADENİZ
543,2013-03-14,Bayan,Konya,Bakım,Mart,İLKBAHAR,İÇ ANADOLU
544,2013-03-14,Erkek,Kayseri,Cinsel,Mart,İLKBAHAR,İÇ ANADOLU
545,2013-03-14,Erkek,Burdur,Cinsel,Mart,İLKBAHAR,AKDENİZ
546,2013-03-14,Erkek,İzmir,Bakım,Mart,İLKBAHAR,EGE
547,2013-03-14,Erkek,Muğla,Bakım,Mart,İLKBAHAR,EGE
548,2013-03-14,Erkek,Kastamonu,Cinsel,Mart,İLKBAHAR,KARADENİZ
549,2013-03-14,Erkek,Adana,Cinsel,Mart,İLKBAHAR,AKDENİZ
550,2013-03-14,Erkek,Çanakkale,Cinsel,Mart,İLKBAHAR,MARMARA
551,2013-03-14,Erkek,Ankara,Cinsel,Mart,İLKBAHAR,İÇ ANADOLU
552,2013-03-14,Erkek,Yozgat,Cinsel,Mart,İLKBAHAR,İÇ ANADOLU
553,2013-03-14,Erkek,İstanbul,Cinsel,Mart,İLKBAHAR,MARMARA
554,2013-03-14,Erkek,Gaziantep,Cinsel,Mart,İLKBAHAR,GÜNEYDOĞU
555,2013-03-14,Erkek,Ankara,Cinsel,Mart,İLKBAHAR,İÇ ANADOLU
556,2013-03-15,Erkek,İzmir,Cinsel,Mart,İLKBAHAR,EGE
557,2013-03-15,Erkek,Antalya,Bakım,Mart,İLKBAHAR,AKDENİZ
558,2013-03-15,Erkek,Trabzon,Cinsel,Mart,İLKBAHAR,KARADENİZ
559,2013-03-15,Erkek,Düzce,Cinsel,Mart,İLKBAHAR,KARADENİZ
560,2013-03-15,Erkek,İstanbul,Cinsel,Mart,İLKBAHAR,MARMARA
561,2013-03-15,Erkek,Tokat,Cinsel,Mart,İLKBAHAR,KARADENİZ
562,2013-03-15,Erkek,Kocaeli,Cinsel,Mart,İLKBAHAR,MARMARA
563,2013-03-15,Erkek,İstanbul,Cinsel,Mart,İLKBAHAR,MARMARA
564,2013-03-15,Erkek,Bolu,Cinsel,Mart,İLKBAHAR,KARADENİZ
565,2013-03-15,Erkek,Ankara,Bakım,Mart,İLKBAHAR,İÇ ANADOLU
566,2013-03-15,Erkek,Ankara,Cinsel,Mart,İLKBAHAR,İÇ ANADOLU
567,2013-03-15,Bayan,Konya,DİĞER,Mart,İLKBAHAR,İÇ ANADOLU
568,2013-03-15,Erkek,Antalya,DİĞER,Mart,İLKBAHAR,AKDENİZ
569,2013-03-16,Erkek,Ankara,DİĞER,Mart,İLKBAHAR,İÇ ANADOLU
570,2013-03-16,Erkek,Batman,DİĞER,Mart,İLKBAHAR,GÜNEYDOĞU
571,2013-03-16,Erkek,Antalya,Cinsel,Mart,İLKBAHAR,AKDENİZ
572,2013-03-16,Erkek,İstanbul,Cinsel,Mart,İLKBAHAR,MARMARA
573,2013-03-16,Erkek,İzmir,Ağrılar,Mart,İLKBAHAR,EGE
574,2013-03-16,Bayan,İstanbul,Güzellik,Mart,İLKBAHAR,MARMARA
575,2013-03-16,Erkek,Elazığ,Cinsel,Mart,İLKBAHAR,DOĞU ANADOLU
576,2013-03-16,Erkek,Adana,Cinsel,Mart,İLKBAHAR,AKDENİZ
577,2013-03-16,Erkek,Muğla,Güzellik,Mart,İLKBAHAR,EGE
578,2013-03-16,Erkek,Tokat,Cinsel,Mart,İLKBAHAR,KARADENİZ
579,2013-03-18,Erkek,Isparta,Cinsel,Mart,İLKBAHAR,AKDENİZ
580,2013-03-18,Bayan,Denizli,Bakım,Mart,İLKBAHAR,EGE
581,2013-03-18,Bayan,İstanbul,Bakım,Mart,İLKBAHAR,MARMARA
582,2013-03-18,Erkek,Ankara,DİĞER,Mart,İLKBAHAR,İÇ ANADOLU
583,2013-03-18,Bayan,Adana,Güzellik,Mart,İLKBAHAR,AKDENİZ
584,2013-03-18,Erkek,İzmir,Bakım,Mart,İLKBAHAR,EGE
585,2013-03-18,Erkek,Hatay,Cinsel,Mart,İLKBAHAR,AKDENİZ
586,2013-03-18,Erkek,Konya,Cinsel,Mart,İLKBAHAR,İÇ ANADOLU
587,2013-03-20,Bayan,İstanbul,Zayıflama,Mart,İLKBAHAR,MARMARA
588,2013-03-20,Erkek,Samsun,Güzellik,Mart,İLKBAHAR,KARADENİZ
589,2013-03-18,Erkek,İstanbul,Cinsel,Mart,İLKBAHAR,MARMARA
590,2013-03-18,Bayan,Bursa,Bakım,Mart,İLKBAHAR,MARMARA
591,2013-03-18,Erkek,İstanbul,Cinsel,Mart,İLKBAHAR,MARMARA
592,2013-03-18,Bayan,İstanbul,Bakım,Mart,İLKBAHAR,MARMARA
593,2013-03-18,Erkek,Zonguldak,Cinsel,Mart,İLKBAHAR,KARADENİZ
594,2013-03-18,Erkek,Yozgat,Cinsel,Mart,İLKBAHAR,İÇ ANADOLU
595,2013-03-18,Erkek,Isparta,DİĞER,Mart,İLKBAHAR,AKDENİZ
596,2013-03-18,Erkek,Mersin,DİĞER,Mart,İLKBAHAR,AKDENİZ
597,2013-03-18,Erkek,Burdur,DİĞER,Mart,İLKBAHAR,AKDENİZ
598,2013-03-18,Erkek,Muş,Saç,Mart,İLKBAHAR,DOĞU ANADOLU
599,2013-03-19,Erkek,İstanbul,Bakım,Mart,İLKBAHAR,MARMARA
600,2013-03-19,Erkek,İstanbul,Bakım,Mart,İLKBAHAR,MARMARA
601,2013-03-19,Erkek,Iğdır,Cinsel,Mart,İLKBAHAR,DOĞU ANADOLU
602,2013-03-19,Erkek,İstanbul,Cinsel,Mart,İLKBAHAR,MARMARA
603,2013-03-19,Bayan,Muğla,DİĞER,Mart,İLKBAHAR,EGE
604,2013-03-19,Erkek,Trabzon,Cinsel,Mart,İLKBAHAR,KARADENİZ
605,2013-03-19,Bayan,İzmir,Cinsel,Mart,İLKBAHAR,EGE
606,2013-03-19,Bayan,Isparta,Ağrılar,Mart,İLKBAHAR,AKDENİZ
607,2013-03-19,Erkek,İstanbul,Cinsel,Mart,İLKBAHAR,MARMARA
608,2013-03-19,Erkek,Muğla,Cinsel,Mart,İLKBAHAR,EGE
609,2013-03-19,Erkek,Muş,DİĞER,Mart,İLKBAHAR,DOĞU ANADOLU
610,2013-03-19,Erkek,Kahramanmaraş,Cinsel,Mart,İLKBAHAR,AKDENİZ
611,2013-03-19,Erkek,İzmir,Cinsel,Mart,İLKBAHAR,EGE
612,2013-03-19,Erkek,Bursa,Cinsel,Mart,İLKBAHAR,MARMARA
613,2013-03-19,Erkek,Gaziantep,DİĞER,Mart,İLKBAHAR,GÜNEYDOĞU
614,2013-03-19,Erkek,Kocaeli,Cinsel,Mart,İLKBAHAR,MARMARA
615,2013-03-19,Erkek,İstanbul,Cinsel,Mart,İLKBAHAR,MARMARA
616,2013-03-19,Erkek,Antalya,Bakım,Mart,İLKBAHAR,AKDENİZ
617,2013-03-19,Erkek,Konya,Cinsel,Mart,İLKBAHAR,İÇ ANADOLU
618,2013-03-19,Bayan,Ankara,Cinsel,Mart,İLKBAHAR,İÇ ANADOLU
619,2013-03-19,Erkek,Ankara,Cinsel,Mart,İLKBAHAR,İÇ ANADOLU
620,2013-03-19,Bayan,Bolu,Cinsel,Mart,İLKBAHAR,KARADENİZ
621,2013-03-19,Erkek,Samsun,Zayıflama,Mart,İLKBAHAR,KARADENİZ
622,2013-03-20,Erkek,İstanbul,Zayıflama,Mart,İLKBAHAR,MARMARA
623,2013-03-20,Erkek,Tekirdağ,Cinsel,Mart,İLKBAHAR,MARMARA
624,2013-03-20,Erkek,Kocaeli,Cinsel,Mart,İLKBAHAR,MARMARA
625,2013-03-20,Erkek,İstanbul,Cinsel,Mart,İLKBAHAR,MARMARA
626,2013-03-20,Erkek,Manisa,Cinsel,Mart,İLKBAHAR,EGE
627,2013-03-20,Erkek,Şanlıurfa,Cinsel,Mart,İLKBAHAR,GÜNEYDOĞU
628,2013-03-20,Bayan,Trabzon,Cinsel,Mart,İLKBAHAR,KARADENİZ
629,2013-03-20,Erkek,Sinop,Bakım,Mart,İLKBAHAR,KARADENİZ
630,2013-03-20,Bayan,İstanbul,Zayıflama,Mart,İLKBAHAR,MARMARA
631,2013-03-20,Bayan,İstanbul,Cinsel,Mart,İLKBAHAR,MARMARA
632,2013-03-20,Erkek,Hatay,Cinsel,Mart,İLKBAHAR,AKDENİZ
633,2013-03-20,Erkek,Çorum,Cinsel,Mart,İLKBAHAR,KARADENİZ
634,2013-03-20,Erkek,İstanbul,Cinsel,Mart,İLKBAHAR,MARMARA
635,2013-03-20,Erkek,Batman,Cinsel,Mart,İLKBAHAR,GÜNEYDOĞU
636,2013-03-20,Bayan,Edirne,Zayıflama,Mart,İLKBAHAR,MARMARA
637,2013-03-20,Bayan,İzmir,Bakım,Mart,İLKBAHAR,EGE
638,2013-03-20,Erkek,Muş,DİĞER,Mart,İLKBAHAR,DOĞU ANADOLU
639,2013-03-20,Erkek,Gaziantep,Bakım,Mart,İLKBAHAR,GÜNEYDOĞU
640,2013-03-21,Erkek,İstanbul,Cinsel,Mart,İLKBAHAR,MARMARA
641,2013-03-21,Erkek,Hatay,DİĞER,Mart,İLKBAHAR,AKDENİZ
642,2013-03-21,Erkek,Afyon,Cinsel,Mart,İLKBAHAR,EGE
643,2013-03-21,Bayan,İstanbul,Cinsel,Mart,İLKBAHAR,MARMARA
644,2013-03-21,Erkek,İstanbul,Cinsel,Mart,İLKBAHAR,MARMARA
645,2013-03-21,Bayan,İstanbul,Cinsel,Mart,İLKBAHAR,MARMARA
646,2013-03-21,Erkek,İstanbul,Bakım,Mart,İLKBAHAR,MARMARA
647,2013-03-21,Bayan,Kocaeli,Bakım,Mart,İLKBAHAR,MARMARA
648,2013-03-21,Bayan,Şanlıurfa,Bakım,Mart,İLKBAHAR,GÜNEYDOĞU
649,2013-03-21,Erkek,Zonguldak,Bakım,Mart,İLKBAHAR,KARADENİZ
650,2013-03-21,Erkek,Konya,Cinsel,Mart,İLKBAHAR,İÇ ANADOLU
651,2013-03-21,Erkek,Çorum,Cinsel,Mart,İLKBAHAR,KARADENİZ
652,2013-03-21,Erkek,İstanbul,Cinsel,Mart,İLKBAHAR,MARMARA
653,2013-03-21,Erkek,İstanbul,Bakım,Mart,İLKBAHAR,MARMARA
654,2013-03-21,Erkek,İstanbul,Bakım,Mart,İLKBAHAR,MARMARA
655,2013-03-22,Erkek,İstanbul,Cinsel,Mart,İLKBAHAR,MARMARA
656,2013-03-22,Erkek,Eskişehir,Cinsel,Mart,İLKBAHAR,İÇ ANADOLU
657,2013-03-22,Erkek,Balıkesir,Cinsel,Mart,İLKBAHAR,MARMARA
658,2013-03-22,Bayan,Bursa,Zayıflama,Mart,İLKBAHAR,MARMARA
659,2013-03-22,Erkek,Antalya,Cinsel,Mart,İLKBAHAR,AKDENİZ
660,2013-03-22,Erkek,Ankara,Cinsel,Mart,İLKBAHAR,İÇ ANADOLU
661,2013-03-22,Erkek,İstanbul,DİĞER,Mart,İLKBAHAR,MARMARA
662,2013-03-22,Erkek,Adana,Cinsel,Mart,İLKBAHAR,AKDENİZ
663,2013-03-22,Erkek,İstanbul,Cinsel,Mart,İLKBAHAR,MARMARA
664,2013-03-22,Erkek,Muğla,Cinsel,Mart,İLKBAHAR,EGE
665,2013-03-22,Erkek,Kocaeli,Cinsel,Mart,İLKBAHAR,MARMARA
666,2013-03-22,Erkek,Ankara,Cinsel,Mart,İLKBAHAR,İÇ ANADOLU
667,2013-03-22,Erkek,Zonguldak,Cinsel,Mart,İLKBAHAR,KARADENİZ
668,2013-03-22,Erkek,İzmir,Bakım,Mart,İLKBAHAR,EGE
669,2013-03-23,Bayan,İstanbul,Bakım,Mart,İLKBAHAR,MARMARA
670,2013-03-23,Bayan,İstanbul,Bakım,Mart,İLKBAHAR,MARMARA
671,2013-03-23,Erkek,İstanbul,DİĞER,Mart,İLKBAHAR,MARMARA
672,2013-03-23,Erkek,Bursa,DİĞER,Mart,İLKBAHAR,MARMARA
673,2013-03-23,Bayan,Antalya,Bakım,Mart,İLKBAHAR,AKDENİZ
674,2013-03-25,Erkek,İstanbul,Bakım,Mart,İLKBAHAR,MARMARA
675,2013-03-25,Bayan,Balıkesir,Bakım,Mart,İLKBAHAR,MARMARA
676,2013-03-25,Bayan,İstanbul,Bakım,Mart,İLKBAHAR,MARMARA
677,2013-03-25,Erkek,Kocaeli,Cinsel,Mart,İLKBAHAR,MARMARA
678,2013-03-25,Erkek,Amasya,Cinsel,Mart,İLKBAHAR,KARADENİZ
679,2013-03-25,Bayan,Ankara,Bakım,Mart,İLKBAHAR,İÇ ANADOLU
680,2013-03-25,Erkek,Kastamonu,Cinsel,Mart,İLKBAHAR,KARADENİZ
681,2013-03-25,Erkek,İstanbul,Cinsel,Mart,İLKBAHAR,MARMARA
682,2013-03-25,Bayan,Elazığ,Bakım,Mart,İLKBAHAR,DOĞU ANADOLU
683,2013-03-25,Erkek,İstanbul,Cinsel,Mart,İLKBAHAR,MARMARA
684,2013-03-25,Bayan,Ankara,Bakım,Mart,İLKBAHAR,İÇ ANADOLU
685,2013-03-25,Erkek,Zonguldak,Bakım,Mart,İLKBAHAR,KARADENİZ
686,2013-03-25,Erkek,Konya,Cinsel,Mart,İLKBAHAR,İÇ ANADOLU
687,2013-03-26,Erkek,İstanbul,Bakım,Mart,İLKBAHAR,MARMARA
688,2013-03-26,Erkek,Ankara,Cinsel,Mart,İLKBAHAR,İÇ ANADOLU
689,2013-03-26,Erkek,İstanbul,Cinsel,Mart,İLKBAHAR,MARMARA
690,2013-03-26,Erkek,İstanbul,Cinsel,Mart,İLKBAHAR,MARMARA
691,2013-03-26,Erkek,Adana,Cinsel,Mart,İLKBAHAR,AKDENİZ
692,2013-03-26,Erkek,Nevşehir,Cinsel,Mart,İLKBAHAR,İÇ ANADOLU
693,2013-03-26,Erkek,Konya,Cinsel,Mart,İLKBAHAR,İÇ ANADOLU
694,2013-03-26,Erkek,Ankara,Cinsel,Mart,İLKBAHAR,İÇ ANADOLU
695,2013-03-26,Erkek,Kırıkkale,Bakım,Mart,İLKBAHAR,İÇ ANADOLU
696,2013-03-26,Erkek,Bursa,Cinsel,Mart,İLKBAHAR,MARMARA
697,2013-03-26,Erkek,İstanbul,Cinsel,Mart,İLKBAHAR,MARMARA
698,2013-03-26,Erkek,Muş,Bakım,Mart,İLKBAHAR,DOĞU ANADOLU
699,2013-03-26,Erkek,Rize,Güzellik,Mart,İLKBAHAR,KARADENİZ
700,2013-03-26,Erkek,Ankara,Saç,Mart,İLKBAHAR,İÇ ANADOLU
701,2013-03-26,Erkek,Hatay,DİĞER,Mart,İLKBAHAR,AKDENİZ
702,2013-03-26,Bayan,Adana,Cinsel,Mart,İLKBAHAR,AKDENİZ
703,2013-03-26,Erkek,Isparta,Cinsel,Mart,İLKBAHAR,AKDENİZ
704,2013-03-26,Erkek,Gaziantep,Cinsel,Mart,İLKBAHAR,GÜNEYDOĞU
705,2013-03-26,Erkek,Denizli,Cinsel,Mart,İLKBAHAR,EGE
706,2013-03-27,Erkek,Konya,Bakım,Mart,İLKBAHAR,İÇ ANADOLU
707,2013-03-27,Erkek,Bursa,Cinsel,Mart,İLKBAHAR,MARMARA
708,2013-03-27,Erkek,Hatay,Cinsel,Mart,İLKBAHAR,AKDENİZ
709,2013-03-27,Erkek,Afyon,Cinsel,Mart,İLKBAHAR,EGE
710,2013-03-27,Erkek,Nevşehir,Cinsel,Mart,İLKBAHAR,İÇ ANADOLU
711,2013-03-27,Erkek,İstanbul,Cinsel,Mart,İLKBAHAR,MARMARA
712,2013-03-27,Bayan,İstanbul,Cinsel,Mart,İLKBAHAR,MARMARA
713,2013-03-27,Bayan,Van,Cinsel,Mart,İLKBAHAR,DOĞU ANADOLU
714,2013-03-27,Erkek,Ankara,Cinsel,Mart,İLKBAHAR,İÇ ANADOLU
715,2013-03-27,Erkek,Niğde,Cinsel,Mart,İLKBAHAR,İÇ ANADOLU
716,2013-03-27,Erkek,Adana,Cinsel,Mart,İLKBAHAR,AKDENİZ
717,2013-03-27,Erkek,Kırşehir,Cinsel,Mart,İLKBAHAR,İÇ ANADOLU
718,2013-03-27,Erkek,İstanbul,Cinsel,Mart,İLKBAHAR,MARMARA
719,2013-03-27,Erkek,Ankara,Cinsel,Mart,İLKBAHAR,İÇ ANADOLU
720,2013-03-27,Erkek,Şanlıurfa,Cinsel,Mart,İLKBAHAR,GÜNEYDOĞU
721,2013-03-27,Erkek,Bolu,Cinsel,Mart,İLKBAHAR,KARADENİZ
722,2013-03-27,Erkek,Mersin,Cinsel,Mart,İLKBAHAR,AKDENİZ
723,2013-03-27,Erkek,İstanbul,Cinsel,Mart,İLKBAHAR,MARMARA
724,2013-03-27,Erkek,İstanbul,Cinsel,Mart,İLKBAHAR,MARMARA
725,2013-03-27,Erkek,Kocaeli,Cinsel,Mart,İLKBAHAR,MARMARA
726,2013-03-28,Bayan,Denizli,Bakım,Mart,İLKBAHAR,EGE
727,2013-03-28,Erkek,Isparta,DİĞER,Mart,İLKBAHAR,AKDENİZ
728,2013-03-28,Erkek,Konya,DİĞER,Mart,İLKBAHAR,İÇ ANADOLU
729,2013-03-28,Bayan,İstanbul,Zayıflama,Mart,İLKBAHAR,MARMARA
730,2013-03-28,Erkek,İstanbul,DİĞER,Mart,İLKBAHAR,MARMARA
731,2013-03-28,Erkek,Bursa,Cinsel,Mart,İLKBAHAR,MARMARA
732,2013-03-28,Bayan,İstanbul,Cinsel,Mart,İLKBAHAR,MARMARA
733,2013-03-28,Erkek,Malatya,Cinsel,Mart,İLKBAHAR,DOĞU ANADOLU
734,2013-03-28,Bayan,İstanbul,Cinsel,Mart,İLKBAHAR,MARMARA
735,2013-03-28,Bayan,İstanbul,Zayıflama,Mart,İLKBAHAR,MARMARA
736,2013-03-28,Erkek,İstanbul,DİĞER,Mart,İLKBAHAR,MARMARA
737,2013-03-28,Erkek,Erzurum,Cinsel,Mart,İLKBAHAR,DOĞU ANADOLU
738,2013-03-28,Bayan,Hatay,Cinsel,Mart,İLKBAHAR,AKDENİZ
739,2013-03-28,Erkek,Isparta,Cinsel,Mart,İLKBAHAR,AKDENİZ
740,2013-03-28,Erkek,Karabük,Ağrılar,Mart,İLKBAHAR,KARADENİZ
741,2013-03-28,Erkek,Eskişehir,Cinsel,Mart,İLKBAHAR,İÇ ANADOLU
742,2013-03-28,Erkek,Tunceli,DİĞER,Mart,İLKBAHAR,DOĞU ANADOLU
743,2013-03-28,Bayan,Tokat,Cinsel,Mart,İLKBAHAR,KARADENİZ
744,2013-03-29,Erkek,Yozgat,Bakım,Mart,İLKBAHAR,İÇ ANADOLU
745,2013-03-29,Erkek,Ankara,Ağrılar,Mart,İLKBAHAR,İÇ ANADOLU
746,2013-03-29,Erkek,Denizli,Cinsel,Mart,İLKBAHAR,EGE
747,2013-03-29,Bayan,Iğdır,Ağrılar,Mart,İLKBAHAR,DOĞU ANADOLU
748,2013-03-29,Erkek,İstanbul,Cinsel,Mart,İLKBAHAR,MARMARA
749,2013-03-29,Erkek,Bursa,Cinsel,Mart,İLKBAHAR,MARMARA
750,2013-03-29,Erkek,İstanbul,DİĞER,Mart,İLKBAHAR,MARMARA
751,2013-03-29,Erkek,Balıkesir,Cinsel,Mart,İLKBAHAR,MARMARA
752,2013-03-29,Erkek,İstanbul,Ağrılar,Mart,İLKBAHAR,MARMARA
753,2013-03-29,Erkek,İzmir,Cinsel,Mart,İLKBAHAR,EGE
754,2013-03-29,Erkek,Zonguldak,Cinsel,Mart,İLKBAHAR,KARADENİZ
755,2013-03-29,Erkek,Diyarbakır,Cinsel,Mart,İLKBAHAR,GÜNEYDOĞU
756,2013-03-29,Erkek,İzmir,Cinsel,Mart,İLKBAHAR,EGE
757,2013-03-29,Erkek,Ankara,Cinsel,Mart,İLKBAHAR,İÇ ANADOLU
758,2013-03-29,Erkek,Bingöl,Cinsel,Mart,İLKBAHAR,DOĞU ANADOLU
759,2013-03-29,Erkek,Mersin,Cinsel,Mart,İLKBAHAR,AKDENİZ
760,2013-03-29,Erkek,İstanbul,Cinsel,Mart,İLKBAHAR,MARMARA
761,2013-03-29,Bayan,İstanbul,Zayıflama,Mart,İLKBAHAR,MARMARA
762,2013-03-29,Erkek,Kahramanmaraş,Cinsel,Mart,İLKBAHAR,AKDENİZ
763,2013-03-29,Erkek,Adana,Cinsel,Mart,İLKBAHAR,AKDENİZ
764,2013-03-30,Erkek,Antalya,Ağrılar,Mart,İLKBAHAR,AKDENİZ
765,2013-03-30,Erkek,İstanbul,Bakım,Mart,İLKBAHAR,MARMARA
766,2013-03-30,Erkek,İstanbul,Bakım,Mart,İLKBAHAR,MARMARA
767,2013-03-30,Erkek,İstanbul,Cinsel,Mart,İLKBAHAR,MARMARA
768,2013-03-30,Erkek,İstanbul,Cinsel,Mart,İLKBAHAR,MARMARA
769,2013-03-30,Erkek,İstanbul,Cinsel,Mart,İLKBAHAR,MARMARA
770,2013-04-01,Erkek,İstanbul,Cinsel,Nisan,İLKBAHAR,MARMARA
771,2013-04-01,Erkek,Elazığ,Cinsel,Nisan,İLKBAHAR,DOĞU ANADOLU
772,2013-04-01,Erkek,İstanbul,Cinsel,Nisan,İLKBAHAR,MARMARA
773,2013-04-01,Erkek,Kayseri,Cinsel,Nisan,İLKBAHAR,İÇ ANADOLU
774,2013-04-01,Erkek,Mersin,Cinsel,Nisan,İLKBAHAR,AKDENİZ
775,2013-04-01,Erkek,Adana,Bakım,Nisan,İLKBAHAR,AKDENİZ
776,2013-04-01,Erkek,Konya,Cinsel,Nisan,İLKBAHAR,İÇ ANADOLU
777,2013-04-01,Erkek,Ankara,DİĞER,Nisan,İLKBAHAR,İÇ ANADOLU
778,2013-04-01,Erkek,İzmir,Ağrılar,Nisan,İLKBAHAR,EGE
779,2013-04-01,Erkek,Kahramanmaraş,Cinsel,Nisan,İLKBAHAR,AKDENİZ
780,2013-04-01,Erkek,Zonguldak,Cinsel,Nisan,İLKBAHAR,KARADENİZ
781,2013-04-01,Bayan,İstanbul,Zayıflama,Nisan,İLKBAHAR,MARMARA
782,2013-04-01,Erkek,Eskişehir,Cinsel,Nisan,İLKBAHAR,İÇ ANADOLU
783,2013-04-01,Erkek,Kahramanmaraş,Cinsel,Nisan,İLKBAHAR,AKDENİZ
784,2013-04-01,Erkek,İstanbul,Cinsel,Nisan,İLKBAHAR,MARMARA
785,2013-04-01,Erkek,Ankara,Cinsel,Nisan,İLKBAHAR,İÇ ANADOLU
786,2013-04-01,Erkek,Yozgat,Cinsel,Nisan,İLKBAHAR,İÇ ANADOLU
787,2013-04-01,Bayan,Bartın,Cinsel,Nisan,İLKBAHAR,KARADENİZ
788,2013-04-01,Erkek,İzmir,Cinsel,Nisan,İLKBAHAR,EGE
789,2013-04-01,Erkek,Ankara,Cinsel,Nisan,İLKBAHAR,İÇ ANADOLU
790,2013-04-01,Erkek,Ordu,Cinsel,Nisan,İLKBAHAR,KARADENİZ
791,2013-04-02,Erkek,İstanbul,Cinsel,Nisan,İLKBAHAR,MARMARA
792,2013-04-02,Bayan,Tekirdağ,Zayıflama,Nisan,İLKBAHAR,MARMARA
793,2013-04-02,Erkek,Kırşehir,DİĞER,Nisan,İLKBAHAR,İÇ ANADOLU
794,2013-04-02,Bayan,Erzurum,Ağrılar,Nisan,İLKBAHAR,DOĞU ANADOLU
795,2013-04-02,Erkek,İstanbul,Bakım,Nisan,İLKBAHAR,MARMARA
796,2013-04-02,Bayan,Tekirdağ,Bakım,Nisan,İLKBAHAR,MARMARA
797,2013-04-02,Erkek,Samsun,Cinsel,Nisan,İLKBAHAR,KARADENİZ
798,2013-04-02,Erkek,Kırıkkale,Cinsel,Nisan,İLKBAHAR,İÇ ANADOLU
799,2013-04-02,Erkek,Ankara,Cinsel,Nisan,İLKBAHAR,İÇ ANADOLU
800,2013-04-02,Bayan,Eskişehir,Zayıflama,Nisan,İLKBAHAR,İÇ ANADOLU
801,2013-04-02,Erkek,Ankara,Cinsel,Nisan,İLKBAHAR,İÇ ANADOLU
802,2013-04-02,Erkek,Kocaeli,Cinsel,Nisan,İLKBAHAR,MARMARA
803,2013-04-02,Erkek,Erzincan,Cinsel,Nisan,İLKBAHAR,DOĞU ANADOLU
804,2013-04-02,Erkek,Ağrı,Cinsel,Nisan,İLKBAHAR,DOĞU ANADOLU
805,2013-04-02,Erkek,İstanbul,Bakım,Nisan,İLKBAHAR,MARMARA
806,2013-04-02,Erkek,İstanbul,Cinsel,Nisan,İLKBAHAR,MARMARA
807,2013-04-02,Erkek,Elazığ,Cinsel,Nisan,İLKBAHAR,DOĞU ANADOLU
808,2013-04-02,Erkek,Ankara,Cinsel,Nisan,İLKBAHAR,İÇ ANADOLU
809,2013-04-02,Erkek,Kocaeli,Cinsel,Nisan,İLKBAHAR,MARMARA
810,2013-04-02,Erkek,Şırnak,Cinsel,Nisan,İLKBAHAR,DOĞU ANADOLU
811,2013-04-02,Erkek,Mersin,Zayıflama,Nisan,İLKBAHAR,AKDENİZ
812,2013-04-02,Erkek,İstanbul,Cinsel,Nisan,İLKBAHAR,MARMARA
813,2013-04-02,Erkek,Tekirdağ,Cinsel,Nisan,İLKBAHAR,MARMARA
814,2013-04-02,Erkek,Bursa,Cinsel,Nisan,İLKBAHAR,MARMARA
815,2013-04-02,Erkek,İstanbul,Güzellik,Nisan,İLKBAHAR,MARMARA
816,2013-04-02,Erkek,Bursa,Cinsel,Nisan,İLKBAHAR,MARMARA
817,2013-04-02,Erkek,Eskişehir,Cinsel,Nisan,İLKBAHAR,İÇ ANADOLU
818,2013-04-02,Erkek,Kırıkkale,Bakım,Nisan,İLKBAHAR,İÇ ANADOLU
819,2013-04-03,Erkek,İstanbul,Cinsel,Nisan,İLKBAHAR,MARMARA
820,2013-04-03,Erkek,Zonguldak,Bakım,Nisan,İLKBAHAR,KARADENİZ
821,2013-04-03,Erkek,Muğla,Cinsel,Nisan,İLKBAHAR,EGE
822,2013-04-03,Erkek,Mardin,Cinsel,Nisan,İLKBAHAR,GÜNEYDOĞU
823,2013-04-03,Erkek,İstanbul,Cinsel,Nisan,İLKBAHAR,MARMARA
824,2013-04-03,Erkek,Zonguldak,Cinsel,Nisan,İLKBAHAR,KARADENİZ
825,2013-04-03,Erkek,Ankara,Cinsel,Nisan,İLKBAHAR,İÇ ANADOLU
826,2013-04-03,Erkek,İstanbul,Cinsel,Nisan,İLKBAHAR,MARMARA
827,2013-04-03,Erkek,İstanbul,Cinsel,Nisan,İLKBAHAR,MARMARA
828,2013-04-04,Erkek,Balıkesir,Cinsel,Nisan,İLKBAHAR,MARMARA
829,2013-04-04,Erkek,Sivas,Bakım,Nisan,İLKBAHAR,İÇ ANADOLU
830,2013-04-04,Bayan,Hatay,DİĞER,Nisan,İLKBAHAR,AKDENİZ
831,2013-04-04,Erkek,Samsun,Cinsel,Nisan,İLKBAHAR,KARADENİZ
832,2013-04-04,Erkek,Yozgat,Cinsel,Nisan,İLKBAHAR,İÇ ANADOLU
833,2013-04-04,Erkek,Antalya,Bakım,Nisan,İLKBAHAR,AKDENİZ
834,2013-04-04,Bayan,Aydın,Bakım,Nisan,İLKBAHAR,EGE
835,2013-04-04,Erkek,Erzurum,Cinsel,Nisan,İLKBAHAR,DOĞU ANADOLU
836,2013-04-04,Erkek,Eskişehir,Cinsel,Nisan,İLKBAHAR,İÇ ANADOLU
837,2013-04-04,Erkek,İstanbul,Cinsel,Nisan,İLKBAHAR,MARMARA
838,2013-04-04,Erkek,Ankara,Cinsel,Nisan,İLKBAHAR,İÇ ANADOLU
839,2013-04-04,Erkek,Konya,Cinsel,Nisan,İLKBAHAR,İÇ ANADOLU
840,2013-04-04,Erkek,İstanbul,Cinsel,Nisan,İLKBAHAR,MARMARA
841,2013-04-04,Erkek,İstanbul,Bakım,Nisan,İLKBAHAR,MARMARA
842,2013-04-04,Erkek,Ankara,Cinsel,Nisan,İLKBAHAR,İÇ ANADOLU
843,2013-04-04,Erkek,Adana,Cinsel,Nisan,İLKBAHAR,AKDENİZ
844,2013-04-04,Erkek,İstanbul,DİĞER,Nisan,İLKBAHAR,MARMARA
845,2013-04-04,Erkek,Bolu,Cinsel,Nisan,İLKBAHAR,KARADENİZ
846,2013-04-04,Bayan,İçel,DİĞER,Nisan,İLKBAHAR,AKDENİZ
847,2013-04-04,Erkek,Erzurum,Cinsel,Nisan,İLKBAHAR,DOĞU ANADOLU
848,2013-04-05,Erkek,Samsun,Cinsel,Nisan,İLKBAHAR,KARADENİZ
849,2013-04-05,Erkek,İstanbul,Cinsel,Nisan,İLKBAHAR,MARMARA
850,2013-04-05,Erkek,İstanbul,Cinsel,Nisan,İLKBAHAR,MARMARA
851,2013-04-05,Erkek,İstanbul,Cinsel,Nisan,İLKBAHAR,MARMARA
852,2013-04-05,Erkek,Hatay,Cinsel,Nisan,İLKBAHAR,AKDENİZ
853,2013-04-05,Erkek,Hakkari,Cinsel,Nisan,İLKBAHAR,DOĞU ANADOLU
854,2013-04-05,Erkek,Antalya,Saç,Nisan,İLKBAHAR,AKDENİZ
855,2013-04-05,Erkek,Zonguldak,Cinsel,Nisan,İLKBAHAR,KARADENİZ
856,2013-04-05,Bayan,İstanbul,Bakım,Nisan,İLKBAHAR,MARMARA
857,2013-04-05,Erkek,Antalya,Cinsel,Nisan,İLKBAHAR,AKDENİZ
858,2013-04-05,Erkek,Sivas,Cinsel,Nisan,İLKBAHAR,İÇ ANADOLU
859,2013-04-05,Erkek,Bursa,Cinsel,Nisan,İLKBAHAR,MARMARA
860,2013-04-05,Erkek,Sivas,Cinsel,Nisan,İLKBAHAR,İÇ ANADOLU
861,2013-04-05,Erkek,Aydın,Zayıflama,Nisan,İLKBAHAR,EGE
862,2013-04-05,Erkek,İstanbul,Cinsel,Nisan,İLKBAHAR,MARMARA
863,2013-04-05,Erkek,İstanbul,Cinsel,Nisan,İLKBAHAR,MARMARA
864,2013-04-05,Erkek,Malatya,Cinsel,Nisan,İLKBAHAR,DOĞU ANADOLU
865,2013-04-05,Erkek,Adıyaman,Bakım,Nisan,İLKBAHAR,GÜNEYDOĞU
866,2013-04-05,Erkek,Gaziantep,Cinsel,Nisan,İLKBAHAR,GÜNEYDOĞU
867,2013-04-05,Erkek,Kayseri,Cinsel,Nisan,İLKBAHAR,İÇ ANADOLU
868,2013-04-05,Bayan,Siirt,Cinsel,Nisan,İLKBAHAR,GÜNEYDOĞU
869,2013-04-06,Erkek,İstanbul,Cinsel,Nisan,İLKBAHAR,MARMARA
870,2013-04-06,Erkek,Aydın,Cinsel,Nisan,İLKBAHAR,EGE
871,2013-04-06,Erkek,Ankara,Cinsel,Nisan,İLKBAHAR,İÇ ANADOLU
872,2013-04-06,Erkek,Ankara,Bakım,Nisan,İLKBAHAR,İÇ ANADOLU
873,2013-04-06,Erkek,İstanbul,Cinsel,Nisan,İLKBAHAR,MARMARA
874,2013-04-06,Erkek,İstanbul,Cinsel,Nisan,İLKBAHAR,MARMARA
875,2013-04-06,Erkek,Muğla,Cinsel,Nisan,İLKBAHAR,EGE
876,2013-04-06,Erkek,İstanbul,Cinsel,Nisan,İLKBAHAR,MARMARA
877,2013-04-08,Erkek,Zonguldak,Bakım,Nisan,İLKBAHAR,KARADENİZ
878,2013-04-08,Erkek,İstanbul,Bakım,Nisan,İLKBAHAR,MARMARA
879,2013-04-08,Erkek,Tunceli,Bakım,Nisan,İLKBAHAR,DOĞU ANADOLU
880,2013-04-08,Erkek,Balıkesir,Cinsel,Nisan,İLKBAHAR,MARMARA
881,2013-04-08,Erkek,İstanbul,Bakım,Nisan,İLKBAHAR,MARMARA
882,2013-04-08,Erkek,Adana,Cinsel,Nisan,İLKBAHAR,AKDENİZ
883,2013-04-08,Erkek,İstanbul,Cinsel,Nisan,İLKBAHAR,MARMARA
884,2013-04-08,Erkek,İstanbul,Cinsel,Nisan,İLKBAHAR,MARMARA
885,2013-04-08,Erkek,İstanbul,Bakım,Nisan,İLKBAHAR,MARMARA
886,2013-04-08,Erkek,Van,Cinsel,Nisan,İLKBAHAR,DOĞU ANADOLU
887,2013-04-08,Erkek,İzmir,Bakım,Nisan,İLKBAHAR,EGE
888,2013-04-08,Erkek,Antalya,Cinsel,Nisan,İLKBAHAR,AKDENİZ
889,2013-04-08,Erkek,Ordu,Cinsel,Nisan,İLKBAHAR,KARADENİZ
890,2013-04-08,Erkek,Antalya,Cinsel,Nisan,İLKBAHAR,AKDENİZ
891,2013-04-08,Erkek,Samsun,Cinsel,Nisan,İLKBAHAR,KARADENİZ
892,2013-04-08,Bayan,Bursa,Bakım,Nisan,İLKBAHAR,MARMARA
893,2013-04-08,Erkek,Elazığ,Cinsel,Nisan,İLKBAHAR,DOĞU ANADOLU
894,2013-04-08,Erkek,İzmir,Cinsel,Nisan,İLKBAHAR,EGE
895,2013-04-08,Erkek,Ankara,Cinsel,Nisan,İLKBAHAR,İÇ ANADOLU
896,2013-04-08,Erkek,Karaman,Cinsel,Nisan,İLKBAHAR,İÇ ANADOLU
897,2013-04-08,Erkek,Sivas,Cinsel,Nisan,İLKBAHAR,İÇ ANADOLU
898,2013-04-08,Bayan,Antalya,Bakım,Nisan,İLKBAHAR,AKDENİZ
899,2013-04-08,Erkek,İstanbul,Cinsel,Nisan,İLKBAHAR,MARMARA
900,2013-04-09,Erkek,İzmir,Bakım,Nisan,İLKBAHAR,EGE
901,2013-04-09,Erkek,Mersin,Cinsel,Nisan,İLKBAHAR,AKDENİZ
902,2013-04-09,Erkek,Manisa,Cinsel,Nisan,İLKBAHAR,EGE
903,2013-04-09,Erkek,Kütahya,Cinsel,Nisan,İLKBAHAR,EGE
904,2013-04-09,Bayan,Ankara,Bakım,Nisan,İLKBAHAR,İÇ ANADOLU
905,2013-04-09,Erkek,Adana,Cinsel,Nisan,İLKBAHAR,AKDENİZ
906,2013-04-09,Erkek,Muş,Cinsel,Nisan,İLKBAHAR,DOĞU ANADOLU
907,2013-04-09,Erkek,Edirne,Cinsel,Nisan,İLKBAHAR,MARMARA
908,2013-04-09,Erkek,Zonguldak,Zayıflama,Nisan,İLKBAHAR,KARADENİZ
909,2013-04-09,Erkek,İstanbul,Cinsel,Nisan,İLKBAHAR,MARMARA
910,2013-04-10,Erkek,İstanbul,Cinsel,Nisan,İLKBAHAR,MARMARA
911,2013-04-10,Erkek,İstanbul,Cinsel,Nisan,İLKBAHAR,MARMARA
912,2013-04-10,Erkek,Eskişehir,Cinsel,Nisan,İLKBAHAR,İÇ ANADOLU
913,2013-04-10,Erkek,Kastamonu,Cinsel,Nisan,İLKBAHAR,KARADENİZ
914,2013-04-10,Erkek,Adana,DİĞER,Nisan,İLKBAHAR,AKDENİZ
915,2013-04-10,Erkek,Rize,Cinsel,Nisan,İLKBAHAR,KARADENİZ
916,2013-04-10,Bayan,Adana,Bakım,Nisan,İLKBAHAR,AKDENİZ
917,2013-04-10,Erkek,Samsun,Cinsel,Nisan,İLKBAHAR,KARADENİZ
918,2013-04-10,Erkek,Bursa,Ağrılar,Nisan,İLKBAHAR,MARMARA
919,2013-04-10,Erkek,Aydın,Güzellik,Nisan,İLKBAHAR,EGE
920,2013-04-10,Erkek,İstanbul,Cinsel,Nisan,İLKBAHAR,MARMARA
921,2013-04-10,Erkek,İzmir,Cinsel,Nisan,İLKBAHAR,EGE
922,2013-04-10,Erkek,Samsun,Cinsel,Nisan,İLKBAHAR,KARADENİZ
923,2013-04-10,Erkek,Gaziantep,Bakım,Nisan,İLKBAHAR,GÜNEYDOĞU
924,2013-04-10,Erkek,İstanbul,Cinsel,Nisan,İLKBAHAR,MARMARA
925,2013-04-10,Erkek,Diyarbakır,Cinsel,Nisan,İLKBAHAR,GÜNEYDOĞU
926,2013-04-10,Erkek,Antalya,Cinsel,Nisan,İLKBAHAR,AKDENİZ
927,2013-04-10,Bayan,İstanbul,Zayıflama,Nisan,İLKBAHAR,MARMARA
928,2013-04-10,Erkek,Şanlıurfa,Cinsel,Nisan,İLKBAHAR,GÜNEYDOĞU
929,2013-04-10,Erkek,Hatay,Cinsel,Nisan,İLKBAHAR,AKDENİZ
930,2013-04-10,Erkek,Antalya,Cinsel,Nisan,İLKBAHAR,AKDENİZ
931,2013-04-11,Erkek,İstanbul,Cinsel,Nisan,İLKBAHAR,MARMARA
932,2013-04-11,Erkek,Tunceli,Cinsel,Nisan,İLKBAHAR,DOĞU ANADOLU
933,2013-04-11,Erkek,Trabzon,Cinsel,Nisan,İLKBAHAR,KARADENİZ
934,2013-04-11,Erkek,Muğla,Cinsel,Nisan,İLKBAHAR,EGE
935,2013-04-11,Erkek,Artvin,Cinsel,Nisan,İLKBAHAR,KARADENİZ
936,2013-04-11,Erkek,İzmir,Cinsel,Nisan,İLKBAHAR,EGE
937,2013-04-11,Bayan,Zonguldak,Zayıflama,Nisan,İLKBAHAR,KARADENİZ
938,2013-04-11,Erkek,Balıkesir,Cinsel,Nisan,İLKBAHAR,MARMARA
939,2013-04-11,Erkek,Ankara,Cinsel,Nisan,İLKBAHAR,İÇ ANADOLU
940,2013-04-11,Erkek,Giresun,Cinsel,Nisan,İLKBAHAR,KARADENİZ
941,2013-04-11,Erkek,Ankara,Cinsel,Nisan,İLKBAHAR,İÇ ANADOLU
942,2013-04-11,Erkek,Eskişehir,Cinsel,Nisan,İLKBAHAR,İÇ ANADOLU
943,2013-04-12,Erkek,İstanbul,Cinsel,Nisan,İLKBAHAR,MARMARA
944,2013-04-12,Erkek,Kahramanmaraş,Cinsel,Nisan,İLKBAHAR,AKDENİZ
945,2013-04-12,Erkek,İstanbul,Cinsel,Nisan,İLKBAHAR,MARMARA
946,2013-04-12,Bayan,Malatya,Cinsel,Nisan,İLKBAHAR,DOĞU ANADOLU
947,2013-04-12,Erkek,Yalova,Bakım,Nisan,İLKBAHAR,MARMARA
948,2013-04-12,Erkek,Konya,Cinsel,Nisan,İLKBAHAR,İÇ ANADOLU
949,2013-04-12,Erkek,Rize,Cinsel,Nisan,İLKBAHAR,KARADENİZ
950,2013-04-12,Erkek,Ankara,Bakım,Nisan,İLKBAHAR,İÇ ANADOLU
951,2013-04-12,Erkek,Kocaeli,Cinsel,Nisan,İLKBAHAR,MARMARA
952,2013-04-12,Erkek,Kocaeli,Cinsel,Nisan,İLKBAHAR,MARMARA
953,2013-04-12,Erkek,İstanbul,Cinsel,Nisan,İLKBAHAR,MARMARA
954,2013-04-12,Erkek,Eskişehir,Cinsel,Nisan,İLKBAHAR,İÇ ANADOLU
955,2013-04-12,Erkek,İstanbul,Ağrılar,Nisan,İLKBAHAR,MARMARA
956,2013-04-12,Erkek,Isparta,Cinsel,Nisan,İLKBAHAR,AKDENİZ
957,2013-04-12,Erkek,Konya,Cinsel,Nisan,İLKBAHAR,İÇ ANADOLU
958,2013-04-12,Erkek,İstanbul,Cinsel,Nisan,İLKBAHAR,MARMARA
959,2013-04-12,Erkek,İstanbul,Cinsel,Nisan,İLKBAHAR,MARMARA
960,2013-04-13,Erkek,Bursa,Cinsel,Nisan,İLKBAHAR,MARMARA
961,2013-04-13,Erkek,Eskişehir,Cinsel,Nisan,İLKBAHAR,İÇ ANADOLU
962,2013-04-13,Erkek,Tokat,Cinsel,Nisan,İLKBAHAR,KARADENİZ
963,2013-04-13,Erkek,İstanbul,Bakım,Nisan,İLKBAHAR,MARMARA
964,2013-04-13,Erkek,Antalya,Cinsel,Nisan,İLKBAHAR,AKDENİZ
965,2013-04-13,Erkek,Antalya,Cinsel,Nisan,İLKBAHAR,AKDENİZ
966,2013-04-13,Erkek,Erzurum,DİĞER,Nisan,İLKBAHAR,DOĞU ANADOLU
967,2013-04-13,Bayan,İstanbul,Zayıflama,Nisan,İLKBAHAR,MARMARA
968,2013-04-13,Bayan,İstanbul,Zayıflama,Nisan,İLKBAHAR,MARMARA
969,2013-04-13,Bayan,Adana,Zayıflama,Nisan,İLKBAHAR,AKDENİZ
970,2013-04-13,Erkek,Uşak,Cinsel,Nisan,İLKBAHAR,EGE
971,2013-04-15,Erkek,Denizli,Cinsel,Nisan,İLKBAHAR,EGE
972,2013-04-15,Erkek,Bursa,Ağrılar,Nisan,İLKBAHAR,MARMARA
973,2013-04-15,Erkek,Samsun,Cinsel,Nisan,İLKBAHAR,KARADENİZ
974,2013-04-15,Erkek,İzmir,Cinsel,Nisan,İLKBAHAR,EGE
975,2013-04-15,Erkek,Diyarbakır,Cinsel,Nisan,İLKBAHAR,GÜNEYDOĞU
976,2013-04-15,Erkek,Gaziantep,Cinsel,Nisan,İLKBAHAR,GÜNEYDOĞU
977,2013-04-15,Bayan,Bursa,Zayıflama,Nisan,İLKBAHAR,MARMARA
978,2013-04-15,Erkek,Uşak,Cinsel,Nisan,İLKBAHAR,EGE
979,2013-04-15,Erkek,Van,Cinsel,Nisan,İLKBAHAR,DOĞU ANADOLU
980,2013-04-16,Erkek,İstanbul,Zayıflama,Nisan,İLKBAHAR,MARMARA
981,2013-04-16,Erkek,İstanbul,Cinsel,Nisan,İLKBAHAR,MARMARA
982,2013-04-16,Erkek,İstanbul,Zayıflama,Nisan,İLKBAHAR,MARMARA
983,2013-04-16,Erkek,Antalya,Cinsel,Nisan,İLKBAHAR,AKDENİZ
984,2013-04-16,Erkek,Hatay,Cinsel,Nisan,İLKBAHAR,AKDENİZ
985,2013-04-16,Erkek,İstanbul,Cinsel,Nisan,İLKBAHAR,MARMARA
986,2013-04-16,Erkek,Ankara,Cinsel,Nisan,İLKBAHAR,İÇ ANADOLU
987,2013-04-16,Erkek,Düzce,Cinsel,Nisan,İLKBAHAR,KARADENİZ
988,2013-04-16,Erkek,Bursa,Cinsel,Nisan,İLKBAHAR,MARMARA
989,2013-04-16,Erkek,İzmir,Bakım,Nisan,İLKBAHAR,EGE
990,2013-04-16,Erkek,Zonguldak,Cinsel,Nisan,İLKBAHAR,KARADENİZ
991,2013-04-16,Erkek,İstanbul,Bakım,Nisan,İLKBAHAR,MARMARA
992,2013-04-16,Erkek,İstanbul,Cinsel,Nisan,İLKBAHAR,MARMARA
993,2013-04-16,Erkek,İstanbul,Cinsel,Nisan,İLKBAHAR,MARMARA
994,2013-04-16,Bayan,Ankara,Bakım,Nisan,İLKBAHAR,İÇ ANADOLU
995,2013-04-17,Erkek,Denizli,Ağrılar,Nisan,İLKBAHAR,EGE
996,2013-04-17,Erkek,Düzce,Cinsel,Nisan,İLKBAHAR,KARADENİZ
997,2013-04-17,Erkek,İstanbul,Cinsel,Nisan,İLKBAHAR,MARMARA
998,2013-04-17,Erkek,İstanbul,Cinsel,Nisan,İLKBAHAR,MARMARA
999,2013-04-17,Erkek,Ankara,Cinsel,Nisan,İLKBAHAR,İÇ ANADOLU
1000,2013-04-17,Bayan,Ankara,Bakım,Nisan,İLKBAHAR,İÇ ANADOLU
1001,2013-04-17,Erkek,İzmir,Cinsel,Nisan,İLKBAHAR,EGE
1002,2013-04-17,Bayan,Bursa,Bakım,Nisan,İLKBAHAR,MARMARA
1003,2013-04-17,Bayan,İstanbul,Bakım,Nisan,İLKBAHAR,MARMARA
1004,2013-04-17,Erkek,Muğla,Cinsel,Nisan,İLKBAHAR,EGE
1005,2013-04-17,Erkek,Gaziantep,Cinsel,Nisan,İLKBAHAR,GÜNEYDOĞU
1006,2013-04-17,Erkek,Antalya,Cinsel,Nisan,İLKBAHAR,AKDENİZ
1007,2013-04-17,Erkek,Şanlıurfa,Cinsel,Nisan,İLKBAHAR,GÜNEYDOĞU
1008,2013-04-17,Erkek,Ankara,Cinsel,Nisan,İLKBAHAR,İÇ ANADOLU
1009,2013-04-17,Erkek,Manisa,Cinsel,Nisan,İLKBAHAR,EGE
1010,2013-04-17,Erkek,İstanbul,Cinsel,Nisan,İLKBAHAR,MARMARA
1011,2013-04-17,Erkek,Ankara,Cinsel,Nisan,İLKBAHAR,İÇ ANADOLU
1012,2013-04-17,Bayan,Kilis,DİĞER,Nisan,İLKBAHAR,GÜNEYDOĞU
1013,2013-04-17,Erkek,Ankara,Cinsel,Nisan,İLKBAHAR,İÇ ANADOLU
1014,2013-04-17,Erkek,Samsun,Bakım,Nisan,İLKBAHAR,KARADENİZ
1015,2013-04-17,Erkek,İstanbul,Cinsel,Nisan,İLKBAHAR,MARMARA
1016,2013-04-17,Erkek,Denizli,Zayıflama,Nisan,İLKBAHAR,EGE
1017,2013-04-18,Erkek,İstanbul,Cinsel,Nisan,İLKBAHAR,MARMARA
1018,2013-04-18,Erkek,İstanbul,Cinsel,Nisan,İLKBAHAR,MARMARA
1019,2013-04-18,Erkek,Mersin,Cinsel,Nisan,İLKBAHAR,AKDENİZ
1020,2013-04-18,Erkek,Muş,Zayıflama,Nisan,İLKBAHAR,DOĞU ANADOLU
1021,2013-04-18,Erkek,Bursa,Cinsel,Nisan,İLKBAHAR,MARMARA
1022,2013-04-18,Erkek,Manisa,Cinsel,Nisan,İLKBAHAR,EGE
1023,2013-04-18,Erkek,Kırıkkale,Cinsel,Nisan,İLKBAHAR,İÇ ANADOLU
1024,2013-04-18,Erkek,Ankara,Cinsel,Nisan,İLKBAHAR,İÇ ANADOLU
1025,2013-04-18,Erkek,İstanbul,Bakım,Nisan,İLKBAHAR,MARMARA
1026,2013-04-18,Erkek,Aydın,Zayıflama,Nisan,İLKBAHAR,EGE
1027,2013-04-18,Erkek,İstanbul,Cinsel,Nisan,İLKBAHAR,MARMARA
1028,2013-04-18,Bayan,İstanbul,Zayıflama,Nisan,İLKBAHAR,MARMARA
1029,2013-04-19,Erkek,Kocaeli,Cinsel,Nisan,İLKBAHAR,MARMARA
1030,2013-04-19,Erkek,Adana,Cinsel,Nisan,İLKBAHAR,AKDENİZ
1031,2013-04-19,Bayan,Kocaeli,Zayıflama,Nisan,İLKBAHAR,MARMARA
1032,2013-04-19,Erkek,Bingöl,Cinsel,Nisan,İLKBAHAR,DOĞU ANADOLU
1033,2013-04-19,Erkek,Gaziantep,Cinsel,Nisan,İLKBAHAR,GÜNEYDOĞU
1034,2013-04-19,Erkek,İstanbul,Bakım,Nisan,İLKBAHAR,MARMARA
1035,2013-04-19,Bayan,Kırşehir,Zayıflama,Nisan,İLKBAHAR,İÇ ANADOLU
1036,2013-04-19,Erkek,Mersin,Cinsel,Nisan,İLKBAHAR,AKDENİZ
1037,2013-04-19,Bayan,Kocaeli,Zayıflama,Nisan,İLKBAHAR,MARMARA
1038,2013-04-19,Erkek,Yalova,Zayıflama,Nisan,İLKBAHAR,MARMARA
1039,2013-04-19,Erkek,Gaziantep,Cinsel,Nisan,İLKBAHAR,GÜNEYDOĞU
1040,2013-04-19,Erkek,Mardin,Cinsel,Nisan,İLKBAHAR,GÜNEYDOĞU
1041,2013-04-19,Erkek,İzmir,Cinsel,Nisan,İLKBAHAR,EGE
1042,2013-04-19,Erkek,Ankara,Cinsel,Nisan,İLKBAHAR,İÇ ANADOLU
1043,2013-04-19,Erkek,İstanbul,Cinsel,Nisan,İLKBAHAR,MARMARA
1044,2013-04-19,Bayan,Samsun,Zayıflama,Nisan,İLKBAHAR,KARADENİZ
1045,2013-04-19,Erkek,İstanbul,Zayıflama,Nisan,İLKBAHAR,MARMARA
1046,2013-04-20,Erkek,Ankara,Cinsel,Nisan,İLKBAHAR,İÇ ANADOLU
1047,2013-04-20,Erkek,İstanbul,Cinsel,Nisan,İLKBAHAR,MARMARA
1048,2013-04-20,Erkek,İzmir,Cinsel,Nisan,İLKBAHAR,EGE
1049,2013-04-20,Erkek,İstanbul,Cinsel,Nisan,İLKBAHAR,MARMARA
1050,2013-04-20,Erkek,Erzurum,Zayıflama,Nisan,İLKBAHAR,DOĞU ANADOLU
1051,2013-04-20,Erkek,Antalya,Cinsel,Nisan,İLKBAHAR,AKDENİZ
1052,2013-04-22,Erkek,Şanlıurfa,Cinsel,Nisan,İLKBAHAR,GÜNEYDOĞU
1053,2013-04-22,Erkek,Mardin,Zayıflama,Nisan,İLKBAHAR,GÜNEYDOĞU
1054,2013-04-22,Erkek,İstanbul,Cinsel,Nisan,İLKBAHAR,MARMARA
1055,2013-04-22,Erkek,İstanbul,Cinsel,Nisan,İLKBAHAR,MARMARA
1056,2013-04-22,Erkek,Bursa,Cinsel,Nisan,İLKBAHAR,MARMARA
1057,2013-04-22,Erkek,Erzurum,Cinsel,Nisan,İLKBAHAR,DOĞU ANADOLU
1058,2013-04-22,Erkek,Gaziantep,Zayıflama,Nisan,İLKBAHAR,GÜNEYDOĞU
1059,2013-04-22,Erkek,Antalya,Cinsel,Nisan,İLKBAHAR,AKDENİZ
1060,2013-04-22,Bayan,Adana,Cinsel,Nisan,İLKBAHAR,AKDENİZ
1061,2013-04-22,Erkek,İstanbul,Cinsel,Nisan,İLKBAHAR,MARMARA
1062,2013-04-22,Bayan,Hatay,Ağrılar,Nisan,İLKBAHAR,AKDENİZ
1063,2013-04-22,Erkek,İstanbul,Zayıflama,Nisan,İLKBAHAR,MARMARA
1064,2013-04-22,Erkek,Batman,Cinsel,Nisan,İLKBAHAR,GÜNEYDOĞU
1065,2013-04-22,Erkek,İstanbul,Bakım,Nisan,İLKBAHAR,MARMARA
1066,2012-11-14,Erkek,İzmir,Cinsel,Kasım,SONBAHAR,EGE
1067,2012-11-14,Bayan,Antalya,Cinsel,Kasım,SONBAHAR,AKDENİZ
1068,2012-11-14,Erkek,Hatay,Saç,Kasım,SONBAHAR,AKDENİZ
1069,2012-11-14,Erkek,Gaziantep,Cinsel,Kasım,SONBAHAR,GÜNEYDOĞU
1070,2012-11-14,Erkek,Çanakkale,Cinsel,Kasım,SONBAHAR,MARMARA
1071,2012-11-14,Erkek,Kars,Cinsel,Kasım,SONBAHAR,DOĞU ANADOLU
1072,2012-11-14,Erkek,İstanbul,Cinsel,Kasım,SONBAHAR,MARMARA
1073,2012-11-14,Erkek,Muğla,Cinsel,Kasım,SONBAHAR,EGE
1074,2012-11-14,Erkek,Muğla,Zayıflama,Kasım,SONBAHAR,EGE
1075,2012-11-14,Erkek,İstanbul,Cinsel,Kasım,SONBAHAR,MARMARA
1076,2012-11-14,Erkek,Antalya,Cinsel,Kasım,SONBAHAR,AKDENİZ
1077,2012-11-14,Erkek,Malatya,Cinsel,Kasım,SONBAHAR,DOĞU ANADOLU
1078,2012-11-14,Erkek,Ankara,Saç,Kasım,SONBAHAR,İÇ ANADOLU
1079,2012-11-14,Bayan,Kayseri,Cinsel,Kasım,SONBAHAR,İÇ ANADOLU
1080,2012-11-14,Bayan,İzmir,Cinsel,Kasım,SONBAHAR,EGE
1081,2012-11-14,Bayan,İzmir,Zayıflama,Kasım,SONBAHAR,EGE
1082,2012-11-14,Erkek,İstanbul,Cinsel,Kasım,SONBAHAR,MARMARA
1083,2012-11-14,Erkek,İzmir,Cinsel,Kasım,SONBAHAR,EGE
1084,2012-11-14,Erkek,İstanbul,Ağrılar,Kasım,SONBAHAR,MARMARA
1085,2012-11-14,Erkek,Kocaeli,Cinsel,Kasım,SONBAHAR,MARMARA
1086,2012-11-14,Erkek,Diyarbakır,Cinsel,Kasım,SONBAHAR,GÜNEYDOĞU
1087,2012-11-14,Bayan,İstanbul,Cinsel,Kasım,SONBAHAR,MARMARA
1088,2012-11-14,Erkek,İstanbul,Cinsel,Kasım,SONBAHAR,MARMARA
1089,2012-11-15,Erkek,Bursa,Cinsel,Kasım,SONBAHAR,MARMARA
1090,2012-11-15,Erkek,İzmir,Saç,Kasım,SONBAHAR,EGE
1091,2012-11-15,Erkek,Ağrı,Cinsel,Kasım,SONBAHAR,DOĞU ANADOLU
1092,2012-11-15,Erkek,Sinop,Saç,Kasım,SONBAHAR,KARADENİZ
1093,2012-11-15,Erkek,İstanbul,DİĞER,Kasım,SONBAHAR,MARMARA
1094,2012-11-15,Erkek,Konya,Cinsel,Kasım,SONBAHAR,İÇ ANADOLU
1095,2012-11-15,Erkek,İçel,Saç,Kasım,SONBAHAR,AKDENİZ
1096,2012-11-15,Erkek,Bursa,Cinsel,Kasım,SONBAHAR,MARMARA
1097,2012-11-15,Erkek,Ankara,Cinsel,Kasım,SONBAHAR,İÇ ANADOLU
1098,2012-11-15,Erkek,Balıkesir,Cinsel,Kasım,SONBAHAR,MARMARA
1099,2012-11-15,Erkek,İstanbul,Cinsel,Kasım,SONBAHAR,MARMARA
1100,2012-11-15,Bayan,İstanbul,Zayıflama,Kasım,SONBAHAR,MARMARA
1101,2012-11-15,Erkek,Mardin,Cinsel,Kasım,SONBAHAR,GÜNEYDOĞU
1102,2012-11-15,Erkek,Adıyaman,Cinsel,Kasım,SONBAHAR,GÜNEYDOĞU
1103,2012-11-15,Erkek,Tekirdağ,Cinsel,Kasım,SONBAHAR,MARMARA
1104,2012-11-15,Erkek,Afyon,Cinsel,Kasım,SONBAHAR,EGE
1105,2012-11-15,Erkek,İstanbul,DİĞER,Kasım,SONBAHAR,MARMARA
1106,2012-11-15,Bayan,İstanbul,Cinsel,Kasım,SONBAHAR,MARMARA
1107,2012-11-15,Erkek,Hatay,Cinsel,Kasım,SONBAHAR,AKDENİZ
1108,2012-11-15,Erkek,Mersin,Cinsel,Kasım,SONBAHAR,AKDENİZ
1109,2012-11-15,Erkek,Kayseri,Cinsel,Kasım,SONBAHAR,İÇ ANADOLU
1110,2012-11-15,Erkek,Eskişehir,Cinsel,Kasım,SONBAHAR,İÇ ANADOLU
1111,2012-11-16,Erkek,Malatya,Cinsel,Kasım,SONBAHAR,DOĞU ANADOLU
1112,2012-11-16,Erkek,Sivas,Cinsel,Kasım,SONBAHAR,İÇ ANADOLU
1113,2012-11-16,Erkek,Erzurum,Cinsel,Kasım,SONBAHAR,DOĞU ANADOLU
1114,2012-11-16,Erkek,Samsun,Cinsel,Kasım,SONBAHAR,KARADENİZ
1115,2012-11-16,Erkek,Çanakkale,Cinsel,Kasım,SONBAHAR,MARMARA
1116,2012-11-16,Erkek,Balıkesir,Cinsel,Kasım,SONBAHAR,MARMARA
1117,2012-11-16,Erkek,Elazığ,Cinsel,Kasım,SONBAHAR,DOĞU ANADOLU
1118,2012-11-16,Erkek,Hatay,Cinsel,Kasım,SONBAHAR,AKDENİZ
1119,2012-11-16,Erkek,Denizli,Cinsel,Kasım,SONBAHAR,EGE
1120,2012-11-16,Erkek,İstanbul,Zayıflama,Kasım,SONBAHAR,MARMARA
1121,2012-11-16,Erkek,İstanbul,Cinsel,Kasım,SONBAHAR,MARMARA
1122,2012-11-16,Erkek,İstanbul,Cinsel,Kasım,SONBAHAR,MARMARA
1123,2012-11-16,Bayan,Muş,Zayıflama,Kasım,SONBAHAR,DOĞU ANADOLU
1124,2012-11-16,Erkek,İstanbul,Cinsel,Kasım,SONBAHAR,MARMARA
1125,2012-11-16,Erkek,İstanbul,Bakım,Kasım,SONBAHAR,MARMARA
1126,2012-11-16,Erkek,İstanbul,Cinsel,Kasım,SONBAHAR,MARMARA
1127,2012-11-16,Erkek,Antalya,Cinsel,Kasım,SONBAHAR,AKDENİZ
1128,2012-11-16,Erkek,Van,Cinsel,Kasım,SONBAHAR,DOĞU ANADOLU
1129,2012-11-16,Erkek,İstanbul,Cinsel,Kasım,SONBAHAR,MARMARA
1130,2012-11-16,Erkek,İstanbul,Cinsel,Kasım,SONBAHAR,MARMARA
1131,2012-11-17,Erkek,Manisa,Bakım,Kasım,SONBAHAR,EGE
1132,2012-11-17,Erkek,Konya,Cinsel,Kasım,SONBAHAR,İÇ ANADOLU
1133,2012-11-17,Erkek,Burdur,Cinsel,Kasım,SONBAHAR,AKDENİZ
1134,2012-11-17,Erkek,İzmir,Cinsel,Kasım,SONBAHAR,EGE
1135,2012-11-17,Erkek,Afyon,Cinsel,Kasım,SONBAHAR,EGE
1136,2012-11-17,Erkek,Şanlıurfa,Cinsel,Kasım,SONBAHAR,GÜNEYDOĞU
1137,2012-11-17,Erkek,Manisa,Cinsel,Kasım,SONBAHAR,EGE
1138,2012-11-17,Erkek,İstanbul,Cinsel,Kasım,SONBAHAR,MARMARA
1139,2012-11-17,Erkek,Antalya,Bakım,Kasım,SONBAHAR,AKDENİZ
1140,2012-11-17,Erkek,Karaman,Cinsel,Kasım,SONBAHAR,İÇ ANADOLU
1141,2012-11-17,Erkek,Adıyaman,Cinsel,Kasım,SONBAHAR,GÜNEYDOĞU
1142,2012-11-17,Bayan,Kayseri,DİĞER,Kasım,SONBAHAR,İÇ ANADOLU
1143,2012-11-17,Erkek,İstanbul,Zayıflama,Kasım,SONBAHAR,MARMARA
1144,2012-11-17,Bayan,Antalya,Zayıflama,Kasım,SONBAHAR,AKDENİZ
1145,2012-11-17,Erkek,Samsun,Cinsel,Kasım,SONBAHAR,KARADENİZ
1146,2012-11-17,Erkek,İstanbul,Cinsel,Kasım,SONBAHAR,MARMARA
1147,2012-11-17,Erkek,Amasya,Cinsel,Kasım,SONBAHAR,KARADENİZ
1148,2012-11-17,Erkek,Şırnak,Cinsel,Kasım,SONBAHAR,DOĞU ANADOLU
1149,2012-11-17,Erkek,İstanbul,Cinsel,Kasım,SONBAHAR,MARMARA
1150,2012-11-17,Erkek,İstanbul,Güzellik,Kasım,SONBAHAR,MARMARA
1151,2012-11-19,Erkek,Bolu,Cinsel,Kasım,SONBAHAR,KARADENİZ
1152,2012-11-19,Bayan,Van,Ağrılar,Kasım,SONBAHAR,DOĞU ANADOLU
1153,2012-11-19,Erkek,İstanbul,Cinsel,Kasım,SONBAHAR,MARMARA
1154,2012-11-19,Bayan,İstanbul,Bakım,Kasım,SONBAHAR,MARMARA
1155,2012-11-19,Erkek,Antalya,Cinsel,Kasım,SONBAHAR,AKDENİZ
1156,2012-11-19,Erkek,İzmir,DİĞER,Kasım,SONBAHAR,EGE
1157,2012-11-19,Erkek,Muş,Cinsel,Kasım,SONBAHAR,DOĞU ANADOLU
1158,2012-11-19,Bayan,Karabük,Cinsel,Kasım,SONBAHAR,KARADENİZ
1159,2012-11-19,Erkek,Muğla,Cinsel,Kasım,SONBAHAR,EGE
1160,2012-11-19,Erkek,İstanbul,Cinsel,Kasım,SONBAHAR,MARMARA
1161,2012-11-19,Bayan,Ankara,Zayıflama,Kasım,SONBAHAR,İÇ ANADOLU
1162,2012-11-19,Erkek,Gaziantep,Zayıflama,Kasım,SONBAHAR,GÜNEYDOĞU
1163,2012-11-19,Erkek,Gaziantep,Cinsel,Kasım,SONBAHAR,GÜNEYDOĞU
1164,2012-11-19,Erkek,Samsun,Cinsel,Kasım,SONBAHAR,KARADENİZ
1165,2012-11-19,Bayan,Ankara,Bakım,Kasım,SONBAHAR,İÇ ANADOLU
1166,2012-11-19,Erkek,İstanbul,Cinsel,Kasım,SONBAHAR,MARMARA
1167,2012-11-19,Bayan,Bolu,Bakım,Kasım,SONBAHAR,KARADENİZ
1168,2012-11-19,Erkek,Sivas,Cinsel,Kasım,SONBAHAR,İÇ ANADOLU
1169,2012-11-19,Erkek,İstanbul,Cinsel,Kasım,SONBAHAR,MARMARA
1170,2012-11-19,Erkek,İstanbul,Cinsel,Kasım,SONBAHAR,MARMARA
1171,2012-11-19,Erkek,Kocaeli,Cinsel,Kasım,SONBAHAR,MARMARA
1172,2012-11-19,Erkek,Ankara,Cinsel,Kasım,SONBAHAR,İÇ ANADOLU
1173,2012-11-19,Erkek,Aydın,Cinsel,Kasım,SONBAHAR,EGE
1174,2012-11-19,Bayan,İstanbul,Bakım,Kasım,SONBAHAR,MARMARA
1175,2012-11-19,Erkek,İstanbul,Cinsel,Kasım,SONBAHAR,MARMARA
1176,2012-11-19,Erkek,Şanlıurfa,Cinsel,Kasım,SONBAHAR,GÜNEYDOĞU
1177,2012-11-19,Erkek,Trabzon,Cinsel,Kasım,SONBAHAR,KARADENİZ
1178,2012-11-19,Erkek,İstanbul,Cinsel,Kasım,SONBAHAR,MARMARA
1179,2012-11-19,Erkek,İstanbul,Cinsel,Kasım,SONBAHAR,MARMARA
1180,2012-11-19,Erkek,Isparta,Cinsel,Kasım,SONBAHAR,AKDENİZ
1181,2012-11-19,Erkek,Sivas,Cinsel,Kasım,SONBAHAR,İÇ ANADOLU
1182,2012-11-19,Erkek,Konya,Cinsel,Kasım,SONBAHAR,İÇ ANADOLU
1183,2012-11-19,Erkek,Trabzon,Saç,Kasım,SONBAHAR,KARADENİZ
1184,2012-11-19,Erkek,Muğla,Bakım,Kasım,SONBAHAR,EGE
1185,2012-11-19,Erkek,Ankara,Saç,Kasım,SONBAHAR,İÇ ANADOLU
1186,2012-11-19,Erkek,Van,Cinsel,Kasım,SONBAHAR,DOĞU ANADOLU
1187,2012-11-19,Erkek,Balıkesir,Cinsel,Kasım,SONBAHAR,MARMARA
1188,2012-11-19,Erkek,İstanbul,Bakım,Kasım,SONBAHAR,MARMARA
1189,2012-11-19,Bayan,İstanbul,Zayıflama,Kasım,SONBAHAR,MARMARA
1190,2012-11-19,Erkek,Antalya,Cinsel,Kasım,SONBAHAR,AKDENİZ
1191,2012-11-19,Erkek,Giresun,Cinsel,Kasım,SONBAHAR,KARADENİZ
1192,2012-11-19,Bayan,Manisa,Cinsel,Kasım,SONBAHAR,EGE
1193,2012-11-19,Bayan,Antalya,Zayıflama,Kasım,SONBAHAR,AKDENİZ
1194,2012-11-19,Bayan,İstanbul,Zayıflama,Kasım,SONBAHAR,MARMARA
1195,2012-11-19,Erkek,Yozgat,Cinsel,Kasım,SONBAHAR,İÇ ANADOLU
1196,2012-11-19,Erkek,Bolu,Cinsel,Kasım,SONBAHAR,KARADENİZ
1197,2012-11-19,Erkek,Şanlıurfa,Cinsel,Kasım,SONBAHAR,GÜNEYDOĞU
1198,2012-11-19,Erkek,Şanlıurfa,Cinsel,Kasım,SONBAHAR,GÜNEYDOĞU
1199,2012-11-19,Erkek,Adıyaman,Cinsel,Kasım,SONBAHAR,GÜNEYDOĞU
1200,2012-11-19,Erkek,Antalya,Cinsel,Kasım,SONBAHAR,AKDENİZ
1201,2012-11-19,Erkek,İzmir,Cinsel,Kasım,SONBAHAR,EGE
1202,2012-11-19,Erkek,Bursa,Cinsel,Kasım,SONBAHAR,MARMARA
1203,2012-11-19,Bayan,Bursa,Bakım,Kasım,SONBAHAR,MARMARA
1204,2012-11-19,Erkek,Çorum,Ağrılar,Kasım,SONBAHAR,KARADENİZ
1205,2012-11-19,Erkek,Düzce,Cinsel,Kasım,SONBAHAR,KARADENİZ
1206,2012-11-19,Erkek,Samsun,Cinsel,Kasım,SONBAHAR,KARADENİZ
1207,2012-11-19,Erkek,Samsun,Cinsel,Kasım,SONBAHAR,KARADENİZ
1208,2012-11-19,Erkek,Konya,Cinsel,Kasım,SONBAHAR,İÇ ANADOLU
1209,2012-11-19,Bayan,Antalya,Zayıflama,Kasım,SONBAHAR,AKDENİZ
1210,2012-11-19,Erkek,Kocaeli,Cinsel,Kasım,SONBAHAR,MARMARA
1211,2012-11-19,Erkek,Muğla,DİĞER,Kasım,SONBAHAR,EGE
1212,2012-11-20,Bayan,Adana,DİĞER,Kasım,SONBAHAR,AKDENİZ
1213,2012-11-20,Erkek,Tekirdağ,DİĞER,Kasım,SONBAHAR,MARMARA
1214,2012-11-20,Erkek,Mardin,Cinsel,Kasım,SONBAHAR,GÜNEYDOĞU
1215,2012-11-20,Erkek,Yalova,Cinsel,Kasım,SONBAHAR,MARMARA
1216,2012-11-20,Erkek,Bursa,Cinsel,Kasım,SONBAHAR,MARMARA
1217,2012-11-20,Bayan,Çorum,Cinsel,Kasım,SONBAHAR,KARADENİZ
1218,2012-11-20,Bayan,Muğla,Zayıflama,Kasım,SONBAHAR,EGE
1219,2012-11-20,Bayan,İstanbul,Zayıflama,Kasım,SONBAHAR,MARMARA
1220,2012-11-20,Erkek,İzmir,Cinsel,Kasım,SONBAHAR,EGE
1221,2012-11-20,Erkek,İstanbul,Saç,Kasım,SONBAHAR,MARMARA
1222,2012-11-20,Bayan,İstanbul,DİĞER,Kasım,SONBAHAR,MARMARA
1223,2012-11-20,Erkek,Tekirdağ,Saç,Kasım,SONBAHAR,MARMARA
1224,2012-11-20,Erkek,İstanbul,Cinsel,Kasım,SONBAHAR,MARMARA
1225,2012-11-20,Erkek,İstanbul,Cinsel,Kasım,SONBAHAR,MARMARA
1226,2012-11-20,Erkek,İstanbul,Cinsel,Kasım,SONBAHAR,MARMARA
1227,2012-11-20,Erkek,Edirne,Cinsel,Kasım,SONBAHAR,MARMARA
1228,2012-11-20,Erkek,Kocaeli,Cinsel,Kasım,SONBAHAR,MARMARA
1229,2012-11-20,Erkek,Bartın,Cinsel,Kasım,SONBAHAR,KARADENİZ
1230,2012-11-20,Erkek,Afyon,Cinsel,Kasım,SONBAHAR,EGE
1231,2012-11-20,Erkek,Ankara,Cinsel,Kasım,SONBAHAR,İÇ ANADOLU
1232,2012-11-20,Erkek,Ankara,Saç,Kasım,SONBAHAR,İÇ ANADOLU
1233,2012-11-20,Erkek,Denizli,Cinsel,Kasım,SONBAHAR,EGE
1234,2012-11-20,Erkek,Kırıkkale,Cinsel,Kasım,SONBAHAR,İÇ ANADOLU
1235,2012-11-20,Erkek,Tokat,Bakım,Kasım,SONBAHAR,KARADENİZ
1236,2012-11-21,Erkek,İzmir,DİĞER,Kasım,SONBAHAR,EGE
1237,2012-11-21,Erkek,Bursa,Cinsel,Kasım,SONBAHAR,MARMARA
1238,2012-11-21,Bayan,Kahramanmaraş,Cinsel,Kasım,SONBAHAR,AKDENİZ
1239,2012-11-21,Erkek,İstanbul,Cinsel,Kasım,SONBAHAR,MARMARA
1240,2012-11-21,Erkek,İstanbul,Cinsel,Kasım,SONBAHAR,MARMARA
1241,2012-11-21,Erkek,Tekirdağ,Cinsel,Kasım,SONBAHAR,MARMARA
1242,2012-11-21,Erkek,Ankara,Cinsel,Kasım,SONBAHAR,İÇ ANADOLU
1243,2012-11-21,Erkek,Ankara,Cinsel,Kasım,SONBAHAR,İÇ ANADOLU
1244,2012-11-21,Erkek,Konya,Cinsel,Kasım,SONBAHAR,İÇ ANADOLU
1245,2012-11-21,Erkek,Kocaeli,Cinsel,Kasım,SONBAHAR,MARMARA
1246,2012-11-21,Erkek,Manisa,Cinsel,Kasım,SONBAHAR,EGE
1247,2012-11-21,Erkek,İstanbul,Cinsel,Kasım,SONBAHAR,MARMARA
1248,2012-11-21,Bayan,Ağrı,Bakım,Kasım,SONBAHAR,DOĞU ANADOLU
1249,2012-11-21,Erkek,İstanbul,Cinsel,Kasım,SONBAHAR,MARMARA
1250,2012-11-21,Erkek,Antalya,Zayıflama,Kasım,SONBAHAR,AKDENİZ
1251,2012-11-21,Erkek,Karabük,Bakım,Kasım,SONBAHAR,KARADENİZ
1252,2012-11-21,Bayan,Ankara,Zayıflama,Kasım,SONBAHAR,İÇ ANADOLU
1253,2012-11-21,Bayan,İstanbul,Zayıflama,Kasım,SONBAHAR,MARMARA
1254,2012-11-21,Erkek,Eskişehir,Cinsel,Kasım,SONBAHAR,İÇ ANADOLU
1255,2012-11-21,Erkek,Zonguldak,Cinsel,Kasım,SONBAHAR,KARADENİZ
1256,2012-11-21,Erkek,Kars,Cinsel,Kasım,SONBAHAR,DOĞU ANADOLU
1257,2012-11-21,Erkek,Niğde,Cinsel,Kasım,SONBAHAR,İÇ ANADOLU
1258,2012-11-21,Erkek,Şanlıurfa,Cinsel,Kasım,SONBAHAR,GÜNEYDOĞU
1259,2012-11-21,Erkek,Balıkesir,Cinsel,Kasım,SONBAHAR,MARMARA
1260,2012-11-21,Erkek,İstanbul,Sağlık,Kasım,SONBAHAR,MARMARA
1261,2012-11-21,Erkek,Diyarbakır,Cinsel,Kasım,SONBAHAR,GÜNEYDOĞU
1262,2012-11-21,Erkek,Muğla,Cinsel,Kasım,SONBAHAR,EGE
1263,2012-11-21,Erkek,İçel,Cinsel,Kasım,SONBAHAR,AKDENİZ
1264,2012-11-21,Erkek,İstanbul,Cinsel,Kasım,SONBAHAR,MARMARA
1265,2012-11-21,Erkek,Karaman,Cinsel,Kasım,SONBAHAR,İÇ ANADOLU
1266,2012-11-21,Erkek,İstanbul,Ağrılar,Kasım,SONBAHAR,MARMARA
1267,2012-11-21,Erkek,Sivas,Cinsel,Kasım,SONBAHAR,İÇ ANADOLU
1268,2012-11-21,Bayan,Antalya,Zayıflama,Kasım,SONBAHAR,AKDENİZ
1269,2012-11-21,Erkek,Kırıkkale,Cinsel,Kasım,SONBAHAR,İÇ ANADOLU
1270,2012-11-22,Erkek,Zonguldak,Bakım,Kasım,SONBAHAR,KARADENİZ
1271,2012-11-22,Erkek,Bursa,Cinsel,Kasım,SONBAHAR,MARMARA
1272,2012-11-22,Erkek,Kütahya,Cinsel,Kasım,SONBAHAR,EGE
1273,2012-11-22,Erkek,Karabük,DİĞER,Kasım,SONBAHAR,KARADENİZ
1274,2012-11-22,Erkek,Trabzon,DİĞER,Kasım,SONBAHAR,KARADENİZ
1275,2012-11-22,Erkek,Bursa,Bakım,Kasım,SONBAHAR,MARMARA
1276,2012-11-22,Erkek,İstanbul,Cinsel,Kasım,SONBAHAR,MARMARA
1277,2012-11-22,Erkek,Zonguldak,Cinsel,Kasım,SONBAHAR,KARADENİZ
1278,2012-11-22,Erkek,İstanbul,Cinsel,Kasım,SONBAHAR,MARMARA
1279,2012-11-22,Bayan,Bursa,Zayıflama,Kasım,SONBAHAR,MARMARA
1280,2012-11-22,Erkek,Mersin,Bakım,Kasım,SONBAHAR,AKDENİZ
1281,2012-11-22,Erkek,Kocaeli,Cinsel,Kasım,SONBAHAR,MARMARA
1282,2012-11-22,Erkek,Kahramanmaraş,Cinsel,Kasım,SONBAHAR,AKDENİZ
1283,2012-11-22,Erkek,İstanbul,Cinsel,Kasım,SONBAHAR,MARMARA
1284,2012-11-22,Erkek,Bursa,Cinsel,Kasım,SONBAHAR,MARMARA
1285,2012-11-22,Erkek,Sivas,Zayıflama,Kasım,SONBAHAR,İÇ ANADOLU
1286,2012-11-22,Erkek,Samsun,Zayıflama,Kasım,SONBAHAR,KARADENİZ
1287,2012-11-22,Erkek,Afyon,Cinsel,Kasım,SONBAHAR,EGE
1288,2012-11-22,Erkek,Ankara,Bakım,Kasım,SONBAHAR,İÇ ANADOLU
1289,2012-11-22,Bayan,Bursa,Zayıflama,Kasım,SONBAHAR,MARMARA
1290,2012-11-22,Bayan,Diyarbakır,Bakım,Kasım,SONBAHAR,GÜNEYDOĞU
1291,2012-11-22,Erkek,Tekirdağ,Ağrılar,Kasım,SONBAHAR,MARMARA
1292,2012-11-22,Erkek,İstanbul,Cinsel,Kasım,SONBAHAR,MARMARA
1293,2012-11-23,Erkek,Ordu,Cinsel,Kasım,SONBAHAR,KARADENİZ
1294,2012-11-23,Erkek,İstanbul,Cinsel,Kasım,SONBAHAR,MARMARA
1295,2012-11-23,Erkek,Gaziantep,Cinsel,Kasım,SONBAHAR,GÜNEYDOĞU
1296,2012-11-23,Bayan,İzmir,Zayıflama,Kasım,SONBAHAR,EGE
1297,2012-11-23,Bayan,Ankara,DİĞER,Kasım,SONBAHAR,İÇ ANADOLU
1298,2012-11-23,Erkek,Hatay,Cinsel,Kasım,SONBAHAR,AKDENİZ
1299,2012-11-23,Erkek,İstanbul,Cinsel,Kasım,SONBAHAR,MARMARA
1300,2012-11-23,Erkek,Ankara,Cinsel,Kasım,SONBAHAR,İÇ ANADOLU
1301,2012-11-23,Erkek,İzmir,Ağrılar,Kasım,SONBAHAR,EGE
1302,2012-11-23,Bayan,Kocaeli,Güzellik,Kasım,SONBAHAR,MARMARA
1303,2012-11-23,Erkek,Gaziantep,Cinsel,Kasım,SONBAHAR,GÜNEYDOĞU
1304,2012-11-23,Bayan,Antalya,Zayıflama,Kasım,SONBAHAR,AKDENİZ
1305,2012-11-23,Erkek,İstanbul,Cinsel,Kasım,SONBAHAR,MARMARA
1306,2012-11-23,Erkek,Ankara,Cinsel,Kasım,SONBAHAR,İÇ ANADOLU
1307,2012-11-23,Erkek,Balıkesir,Bakım,Kasım,SONBAHAR,MARMARA
1308,2012-11-23,Erkek,Muğla,Cinsel,Kasım,SONBAHAR,EGE
1309,2012-11-23,Erkek,İstanbul,Cinsel,Kasım,SONBAHAR,MARMARA
1310,2012-11-23,Erkek,İstanbul,Cinsel,Kasım,SONBAHAR,MARMARA
1311,2012-11-23,Bayan,Muğla,Cinsel,Kasım,SONBAHAR,EGE
1312,2012-11-23,Erkek,Bolu,Cinsel,Kasım,SONBAHAR,KARADENİZ
1313,2012-11-23,Erkek,Balıkesir,Cinsel,Kasım,SONBAHAR,MARMARA
1314,2012-11-24,Erkek,Muş,Cinsel,Kasım,SONBAHAR,DOĞU ANADOLU
1315,2012-11-24,Erkek,İzmir,Cinsel,Kasım,SONBAHAR,EGE
1316,2012-11-24,Erkek,Amasya,DİĞER,Kasım,SONBAHAR,KARADENİZ
1317,2012-11-24,Erkek,Çanakkale,Cinsel,Kasım,SONBAHAR,MARMARA
1318,2012-11-24,Erkek,İstanbul,Cinsel,Kasım,SONBAHAR,MARMARA
1319,2012-11-24,Erkek,Kocaeli,Cinsel,Kasım,SONBAHAR,MARMARA
1320,2012-11-24,Erkek,Mersin,Cinsel,Kasım,SONBAHAR,AKDENİZ
1321,2012-11-24,Bayan,Adıyaman,Zayıflama,Kasım,SONBAHAR,GÜNEYDOĞU
1322,2012-11-24,Bayan,Bursa,Zayıflama,Kasım,SONBAHAR,MARMARA
1323,2012-11-24,Erkek,Muğla,Cinsel,Kasım,SONBAHAR,EGE
1324,2012-11-24,Erkek,Muş,Cinsel,Kasım,SONBAHAR,DOĞU ANADOLU
1325,2012-11-24,Erkek,İzmir,Cinsel,Kasım,SONBAHAR,EGE
1326,2012-11-24,Erkek,Burdur,Cinsel,Kasım,SONBAHAR,AKDENİZ
1327,2012-11-24,Erkek,Adana,Cinsel,Kasım,SONBAHAR,AKDENİZ
1328,2012-11-24,Erkek,Gaziantep,Cinsel,Kasım,SONBAHAR,GÜNEYDOĞU
1329,2012-11-24,Erkek,İzmir,Cinsel,Kasım,SONBAHAR,EGE
1330,2012-11-24,Erkek,Ankara,Cinsel,Kasım,SONBAHAR,İÇ ANADOLU
1331,2012-11-24,Erkek,İstanbul,Cinsel,Kasım,SONBAHAR,MARMARA
1332,2012-11-24,Erkek,Adana,Cinsel,Kasım,SONBAHAR,AKDENİZ
1333,2012-11-24,Erkek,İstanbul,Cinsel,Kasım,SONBAHAR,MARMARA
1334,2012-11-24,Erkek,Şırnak,Cinsel,Kasım,SONBAHAR,DOĞU ANADOLU
1335,2012-11-24,Bayan,İstanbul,Zayıflama,Kasım,SONBAHAR,MARMARA
1336,2012-11-24,Bayan,Antalya,Zayıflama,Kasım,SONBAHAR,AKDENİZ
1337,2012-11-26,Erkek,Antalya,Cinsel,Kasım,SONBAHAR,AKDENİZ
1338,2012-11-26,Erkek,Şırnak,Cinsel,Kasım,SONBAHAR,DOĞU ANADOLU
1339,2012-11-26,Erkek,Yozgat,Cinsel,Kasım,SONBAHAR,İÇ ANADOLU
1340,2012-11-26,Erkek,Konya,Cinsel,Kasım,SONBAHAR,İÇ ANADOLU
1341,2012-11-26,Erkek,İstanbul,Cinsel,Kasım,SONBAHAR,MARMARA
1342,2012-11-26,Bayan,İstanbul,Zayıflama,Kasım,SONBAHAR,MARMARA
1343,2012-11-26,Erkek,İstanbul,Zayıflama,Kasım,SONBAHAR,MARMARA
1344,2012-11-26,Erkek,Muş,Cinsel,Kasım,SONBAHAR,DOĞU ANADOLU
1345,2012-11-26,Bayan,Ankara,Bakım,Kasım,SONBAHAR,İÇ ANADOLU
1346,2012-11-26,Erkek,Kastamonu,Cinsel,Kasım,SONBAHAR,KARADENİZ
1347,2012-11-26,Erkek,İstanbul,Cinsel,Kasım,SONBAHAR,MARMARA
1348,2012-11-26,Erkek,İstanbul,Zayıflama,Kasım,SONBAHAR,MARMARA
1349,2012-11-26,Erkek,Samsun,Bakım,Kasım,SONBAHAR,KARADENİZ
1350,2012-11-26,Erkek,Kırşehir,Zayıflama,Kasım,SONBAHAR,İÇ ANADOLU
1351,2012-11-26,Erkek,Samsun,Ağrılar,Kasım,SONBAHAR,KARADENİZ
1352,2012-11-26,Erkek,İstanbul,Cinsel,Kasım,SONBAHAR,MARMARA
1353,2012-11-26,Erkek,Bursa,Cinsel,Kasım,SONBAHAR,MARMARA
1354,2012-11-26,Erkek,İstanbul,Bakım,Kasım,SONBAHAR,MARMARA
1355,2012-11-26,Erkek,Aksaray,Cinsel,Kasım,SONBAHAR,İÇ ANADOLU
1356,2012-11-26,Erkek,Kastamonu,Cinsel,Kasım,SONBAHAR,KARADENİZ
1357,2012-11-26,Erkek,Düzce,Cinsel,Kasım,SONBAHAR,KARADENİZ
1358,2012-11-26,Erkek,Elazığ,Cinsel,Kasım,SONBAHAR,DOĞU ANADOLU
1359,2012-11-26,Erkek,Afyon,Cinsel,Kasım,SONBAHAR,EGE
1360,2012-11-26,Erkek,Şanlıurfa,Cinsel,Kasım,SONBAHAR,GÜNEYDOĞU
1361,2012-11-26,Erkek,Samsun,DİĞER,Kasım,SONBAHAR,KARADENİZ
1362,2012-11-26,Erkek,İstanbul,Zayıflama,Kasım,SONBAHAR,MARMARA
1363,2012-11-26,Bayan,Adıyaman,Zayıflama,Kasım,SONBAHAR,GÜNEYDOĞU
1364,2012-11-26,Erkek,Ankara,Cinsel,Kasım,SONBAHAR,İÇ ANADOLU
1365,2012-11-26,Erkek,İzmir,Cinsel,Kasım,SONBAHAR,EGE
1366,2012-11-26,Bayan,Yozgat,Bakım,Kasım,SONBAHAR,İÇ ANADOLU
1367,2012-11-26,Erkek,İstanbul,Cinsel,Kasım,SONBAHAR,MARMARA
1368,2012-11-26,Bayan,İstanbul,Bakım,Kasım,SONBAHAR,MARMARA
1369,2012-11-26,Erkek,Uşak,Ağrılar,Kasım,SONBAHAR,EGE
1370,2012-11-26,Erkek,Amasya,Cinsel,Kasım,SONBAHAR,KARADENİZ
1371,2012-11-26,Erkek,Samsun,Zayıflama,Kasım,SONBAHAR,KARADENİZ
1372,2012-11-26,Erkek,Ankara,Cinsel,Kasım,SONBAHAR,İÇ ANADOLU
1373,2012-11-26,Erkek,İzmir,DİĞER,Kasım,SONBAHAR,EGE
1374,2012-11-26,Erkek,Antalya,Cinsel,Kasım,SONBAHAR,AKDENİZ
1375,2012-11-26,Erkek,İzmir,Cinsel,Kasım,SONBAHAR,EGE
1376,2012-11-26,Erkek,Hatay,Cinsel,Kasım,SONBAHAR,AKDENİZ
1377,2012-11-26,Erkek,Trabzon,Cinsel,Kasım,SONBAHAR,KARADENİZ
1378,2012-11-26,Erkek,Artvin,Cinsel,Kasım,SONBAHAR,KARADENİZ
1379,2012-11-26,Erkek,Antalya,Cinsel,Kasım,SONBAHAR,AKDENİZ
1380,2012-11-26,Erkek,Kütahya,Cinsel,Kasım,SONBAHAR,EGE
1381,2012-11-26,Erkek,Ankara,Cinsel,Kasım,SONBAHAR,İÇ ANADOLU
1382,2012-11-26,Bayan,İzmir,Zayıflama,Kasım,SONBAHAR,EGE
1383,2012-11-26,Erkek,Mersin,Ağrılar,Kasım,SONBAHAR,AKDENİZ
1384,2012-11-26,Erkek,Kars,Cinsel,Kasım,SONBAHAR,DOĞU ANADOLU
1385,2012-11-26,Erkek,Aydın,Cinsel,Kasım,SONBAHAR,EGE
1386,2012-11-26,Erkek,Denizli,Cinsel,Kasım,SONBAHAR,EGE
1387,2012-11-26,Erkek,Tekirdağ,Cinsel,Kasım,SONBAHAR,MARMARA
1388,2012-11-26,Erkek,Bursa,Cinsel,Kasım,SONBAHAR,MARMARA
1389,2012-11-26,Bayan,Antalya,Cinsel,Kasım,SONBAHAR,AKDENİZ
1390,2012-11-26,Erkek,Yalova,Cinsel,Kasım,SONBAHAR,MARMARA
1391,2012-11-26,Erkek,Antalya,Cinsel,Kasım,SONBAHAR,AKDENİZ
1392,2012-11-26,Erkek,İzmir,DİĞER,Kasım,SONBAHAR,EGE
1393,2012-11-26,Erkek,Samsun,Cinsel,Kasım,SONBAHAR,KARADENİZ
1394,2012-11-26,Erkek,Mersin,DİĞER,Kasım,SONBAHAR,AKDENİZ
1395,2012-11-27,Erkek,Şanlıurfa,Cinsel,Kasım,SONBAHAR,GÜNEYDOĞU
1396,2012-11-27,Erkek,Ankara,Ağrılar,Kasım,SONBAHAR,İÇ ANADOLU
1397,2012-11-27,Erkek,İstanbul,Saç,Kasım,SONBAHAR,MARMARA
1398,2012-11-27,Erkek,Düzce,Cinsel,Kasım,SONBAHAR,KARADENİZ
1399,2012-11-27,Erkek,Antalya,Bakım,Kasım,SONBAHAR,AKDENİZ
1400,2012-11-27,Erkek,Muğla,Güzellik,Kasım,SONBAHAR,EGE
1401,2012-11-27,Erkek,Erzurum,Cinsel,Kasım,SONBAHAR,DOĞU ANADOLU
1402,2012-11-27,Erkek,Bartın,Bakım,Kasım,SONBAHAR,KARADENİZ
1403,2012-11-27,Erkek,Eskişehir,Zayıflama,Kasım,SONBAHAR,İÇ ANADOLU
1404,2012-11-27,Erkek,İstanbul,Cinsel,Kasım,SONBAHAR,MARMARA
1405,2012-11-27,Erkek,Muğla,Cinsel,Kasım,SONBAHAR,EGE
1406,2012-11-27,Erkek,Diyarbakır,Cinsel,Kasım,SONBAHAR,GÜNEYDOĞU
1407,2012-11-27,Erkek,Malatya,Cinsel,Kasım,SONBAHAR,DOĞU ANADOLU
1408,2012-11-27,Erkek,İstanbul,Zayıflama,Kasım,SONBAHAR,MARMARA
1409,2012-11-27,Bayan,Bursa,Cinsel,Kasım,SONBAHAR,MARMARA
1410,2012-11-27,Erkek,Konya,Cinsel,Kasım,SONBAHAR,İÇ ANADOLU
1411,2012-11-27,Erkek,İzmir,Cinsel,Kasım,SONBAHAR,EGE
1412,2012-11-27,Erkek,Bursa,Saç,Kasım,SONBAHAR,MARMARA
1413,2012-11-28,Erkek,Konya,Cinsel,Kasım,SONBAHAR,İÇ ANADOLU
1414,2012-11-28,Erkek,Muş,Cinsel,Kasım,SONBAHAR,DOĞU ANADOLU
1415,2012-11-28,Erkek,Antalya,Cinsel,Kasım,SONBAHAR,AKDENİZ
1416,2012-11-28,Erkek,Ağrı,Bakım,Kasım,SONBAHAR,DOĞU ANADOLU
1417,2012-11-28,Erkek,İstanbul,DİĞER,Kasım,SONBAHAR,MARMARA
1418,2012-11-28,Bayan,Bursa,Zayıflama,Kasım,SONBAHAR,MARMARA
1419,2012-11-28,Erkek,İzmir,DİĞER,Kasım,SONBAHAR,EGE
1420,2012-11-28,Erkek,Kütahya,Cinsel,Kasım,SONBAHAR,EGE
1421,2012-11-28,Erkek,İstanbul,Cinsel,Kasım,SONBAHAR,MARMARA
1422,2012-11-28,Bayan,Bitlis,Bakım,Kasım,SONBAHAR,DOĞU ANADOLU
1423,2012-11-28,Erkek,Samsun,Cinsel,Kasım,SONBAHAR,KARADENİZ
1424,2012-11-28,Erkek,Erzurum,Bakım,Kasım,SONBAHAR,DOĞU ANADOLU
1425,2012-11-28,Erkek,Rize,Cinsel,Kasım,SONBAHAR,KARADENİZ
1426,2012-11-28,Bayan,İstanbul,Zayıflama,Kasım,SONBAHAR,MARMARA
1427,2012-11-28,Erkek,Isparta,Bakım,Kasım,SONBAHAR,AKDENİZ
1428,2012-11-28,Erkek,İstanbul,Cinsel,Kasım,SONBAHAR,MARMARA
1429,2012-11-28,Erkek,İstanbul,Cinsel,Kasım,SONBAHAR,MARMARA
1430,2012-11-28,Erkek,Konya,Cinsel,Kasım,SONBAHAR,İÇ ANADOLU
1431,2012-11-28,Bayan,İstanbul,Cinsel,Kasım,SONBAHAR,MARMARA
1432,2012-11-28,Erkek,İstanbul,Zayıflama,Kasım,SONBAHAR,MARMARA
1433,2012-11-28,Erkek,Hatay,Cinsel,Kasım,SONBAHAR,AKDENİZ
1434,2012-11-28,Erkek,Çanakkale,Zayıflama,Kasım,SONBAHAR,MARMARA
1435,2012-11-28,Erkek,Mersin,Cinsel,Kasım,SONBAHAR,AKDENİZ
1436,2012-11-28,Erkek,İstanbul,Cinsel,Kasım,SONBAHAR,MARMARA
1437,2012-11-28,Erkek,Sivas,Cinsel,Kasım,SONBAHAR,İÇ ANADOLU
1438,2012-11-28,Erkek,Tekirdağ,Cinsel,Kasım,SONBAHAR,MARMARA
1439,2012-11-28,Bayan,Mersin,DİĞER,Kasım,SONBAHAR,AKDENİZ
1440,2012-11-28,Erkek,Konya,DİĞER,Kasım,SONBAHAR,İÇ ANADOLU
1441,2012-11-28,Erkek,Hatay,Cinsel,Kasım,SONBAHAR,AKDENİZ
1442,2012-11-28,Bayan,İstanbul,Zayıflama,Kasım,SONBAHAR,MARMARA
1443,2012-11-28,Erkek,İzmir,Bakım,Kasım,SONBAHAR,EGE
1444,2012-11-28,Erkek,Kütahya,Cinsel,Kasım,SONBAHAR,EGE
1445,2012-11-28,Erkek,İstanbul,Cinsel,Kasım,SONBAHAR,MARMARA
1446,2012-11-28,Erkek,Malatya,Cinsel,Kasım,SONBAHAR,DOĞU ANADOLU
1447,2012-11-28,Erkek,Antalya,Cinsel,Kasım,SONBAHAR,AKDENİZ
1448,2012-11-28,Erkek,Samsun,Cinsel,Kasım,SONBAHAR,KARADENİZ
1449,2012-11-28,Erkek,Şanlıurfa,Cinsel,Kasım,SONBAHAR,GÜNEYDOĞU
1450,2012-11-28,Erkek,İstanbul,Ağrılar,Kasım,SONBAHAR,MARMARA
1451,2012-11-28,Erkek,İstanbul,Cinsel,Kasım,SONBAHAR,MARMARA
1452,2012-11-28,Erkek,Kütahya,Cinsel,Kasım,SONBAHAR,EGE
1453,2012-11-28,Erkek,Adana,Cinsel,Kasım,SONBAHAR,AKDENİZ
1454,2012-11-28,Bayan,Kocaeli,Bakım,Kasım,SONBAHAR,MARMARA
1455,2012-11-28,Erkek,Diyarbakır,Cinsel,Kasım,SONBAHAR,GÜNEYDOĞU
1456,2012-11-29,Erkek,İstanbul,Cinsel,Kasım,SONBAHAR,MARMARA
1457,2012-11-29,Bayan,İstanbul,Zayıflama,Kasım,SONBAHAR,MARMARA
1458,2012-11-29,Erkek,İzmir,DİĞER,Kasım,SONBAHAR,EGE
1459,2012-11-29,Erkek,Samsun,Cinsel,Kasım,SONBAHAR,KARADENİZ
1460,2012-11-29,Erkek,İstanbul,Cinsel,Kasım,SONBAHAR,MARMARA
1461,2012-11-29,Erkek,İstanbul,Cinsel,Kasım,SONBAHAR,MARMARA
1462,2012-11-29,Erkek,Aydın,Cinsel,Kasım,SONBAHAR,EGE
1463,2012-11-29,Erkek,Van,Güzellik,Kasım,SONBAHAR,DOĞU ANADOLU
1464,2012-11-29,Bayan,Kocaeli,Cinsel,Kasım,SONBAHAR,MARMARA
1465,2012-11-29,Erkek,Antalya,Cinsel,Kasım,SONBAHAR,AKDENİZ
1466,2012-11-29,Erkek,Ordu,Cinsel,Kasım,SONBAHAR,KARADENİZ
1467,2012-11-29,Bayan,İstanbul,Zayıflama,Kasım,SONBAHAR,MARMARA
1468,2012-11-29,Bayan,İstanbul,Zayıflama,Kasım,SONBAHAR,MARMARA
1469,2012-11-29,Bayan,İstanbul,Zayıflama,Kasım,SONBAHAR,MARMARA
1470,2012-11-29,Erkek,Antalya,DİĞER,Kasım,SONBAHAR,AKDENİZ
1471,2012-11-29,Erkek,Adana,Bakım,Kasım,SONBAHAR,AKDENİZ
1472,2012-11-29,Erkek,Ankara,Cinsel,Kasım,SONBAHAR,İÇ ANADOLU
1473,2012-11-29,Bayan,Bolu,Zayıflama,Kasım,SONBAHAR,KARADENİZ
1474,2012-11-29,Erkek,Kayseri,Cinsel,Kasım,SONBAHAR,İÇ ANADOLU
1475,2012-11-29,Erkek,İstanbul,Cinsel,Kasım,SONBAHAR,MARMARA
1476,2012-11-29,Erkek,Bursa,Cinsel,Kasım,SONBAHAR,MARMARA
1477,2012-11-29,Erkek,Konya,Cinsel,Kasım,SONBAHAR,İÇ ANADOLU
1478,2012-11-29,Erkek,Eskişehir,Cinsel,Kasım,SONBAHAR,İÇ ANADOLU
1479,2012-11-29,Erkek,Kahramanmaraş,Cinsel,Kasım,SONBAHAR,AKDENİZ
1480,2012-11-29,Erkek,Ankara,Cinsel,Kasım,SONBAHAR,İÇ ANADOLU
1481,2012-11-29,Erkek,Antalya,Cinsel,Kasım,SONBAHAR,AKDENİZ
1482,2012-11-29,Erkek,Konya,Cinsel,Kasım,SONBAHAR,İÇ ANADOLU
1483,2012-11-29,Erkek,İzmir,Cinsel,Kasım,SONBAHAR,EGE
1484,2012-11-29,Bayan,Ankara,Saç,Kasım,SONBAHAR,İÇ ANADOLU
1485,2012-11-29,Erkek,Tokat,Bakım,Kasım,SONBAHAR,KARADENİZ
1486,2012-11-29,Erkek,Afyon,Cinsel,Kasım,SONBAHAR,EGE
1487,2012-11-29,Bayan,Bursa,Cinsel,Kasım,SONBAHAR,MARMARA
1488,2012-11-29,Erkek,Kırıkkale,DİĞER,Kasım,SONBAHAR,İÇ ANADOLU
1489,2012-11-29,Erkek,İstanbul,Cinsel,Kasım,SONBAHAR,MARMARA
1490,2012-11-29,Erkek,Adana,Bakım,Kasım,SONBAHAR,AKDENİZ
1491,2012-11-29,Erkek,Bursa,Cinsel,Kasım,SONBAHAR,MARMARA
1492,2012-11-29,Erkek,Kahramanmaraş,Cinsel,Kasım,SONBAHAR,AKDENİZ
1493,2012-11-30,Erkek,Zonguldak,Sağlık,Kasım,SONBAHAR,KARADENİZ
1494,2012-11-30,Erkek,Zonguldak,Sağlık,Kasım,SONBAHAR,KARADENİZ
1495,2012-11-30,Erkek,Aydın,Zayıflama,Kasım,SONBAHAR,EGE
1496,2012-11-30,Erkek,Kocaeli,Cinsel,Kasım,SONBAHAR,MARMARA
1497,2012-11-30,Bayan,İzmir,Cinsel,Kasım,SONBAHAR,EGE
1498,2012-11-30,Erkek,Düzce,Cinsel,Kasım,SONBAHAR,KARADENİZ
1499,2012-11-30,Erkek,Aydın,Cinsel,Kasım,SONBAHAR,EGE
1500,2012-11-30,Erkek,İstanbul,Cinsel,Kasım,SONBAHAR,MARMARA
1501,2012-11-30,Erkek,İstanbul,Cinsel,Kasım,SONBAHAR,MARMARA
1502,2012-11-30,Erkek,Malatya,Cinsel,Kasım,SONBAHAR,DOĞU ANADOLU
1503,2012-11-30,Erkek,Eskişehir,DİĞER,Kasım,SONBAHAR,İÇ ANADOLU
1504,2012-11-30,Erkek,Mersin,Cinsel,Kasım,SONBAHAR,AKDENİZ
1505,2012-11-30,Erkek,İzmir,Bakım,Kasım,SONBAHAR,EGE
1506,2012-11-30,Erkek,Bursa,Cinsel,Kasım,SONBAHAR,MARMARA
1507,2012-11-30,Erkek,İstanbul,Cinsel,Kasım,SONBAHAR,MARMARA
1508,2012-11-30,Erkek,İstanbul,Cinsel,Kasım,SONBAHAR,MARMARA
1509,2012-11-30,Erkek,İstanbul,Cinsel,Kasım,SONBAHAR,MARMARA
1510,2012-11-30,Erkek,İzmir,Cinsel,Kasım,SONBAHAR,EGE
1511,2012-11-30,Erkek,Aydın,Bakım,Kasım,SONBAHAR,EGE
1512,2012-11-30,Erkek,Muş,Cinsel,Kasım,SONBAHAR,DOĞU ANADOLU
1513,2012-11-30,Erkek,İzmir,Cinsel,Kasım,SONBAHAR,EGE
1514,2012-11-30,Erkek,Mersin,Cinsel,Kasım,SONBAHAR,AKDENİZ
1515,2012-11-30,Erkek,Ankara,Bakım,Kasım,SONBAHAR,İÇ ANADOLU
1516,2012-11-30,Erkek,Kocaeli,Cinsel,Kasım,SONBAHAR,MARMARA
1517,2012-11-30,Erkek,Ankara,Cinsel,Kasım,SONBAHAR,İÇ ANADOLU
1518,2012-11-30,Erkek,Denizli,Cinsel,Kasım,SONBAHAR,EGE
1519,2012-11-30,Erkek,Bursa,DİĞER,Kasım,SONBAHAR,MARMARA
1520,2012-11-30,Erkek,İstanbul,Cinsel,Kasım,SONBAHAR,MARMARA
1521,2012-11-30,Erkek,Ankara,Saç,Kasım,SONBAHAR,İÇ ANADOLU
1522,2012-11-30,Bayan,Antalya,Ağrılar,Kasım,SONBAHAR,AKDENİZ
1523,2012-11-30,Erkek,İzmir,Cinsel,Kasım,SONBAHAR,EGE
1524,2012-12-01,Erkek,Hatay,Cinsel,Aralık,KIŞ,AKDENİZ
1525,2012-12-01,Bayan,İstanbul,Zayıflama,Aralık,KIŞ,MARMARA
1526,2012-12-01,Erkek,Karaman,Bakım,Aralık,KIŞ,İÇ ANADOLU
1527,2012-12-01,Erkek,İstanbul,Cinsel,Aralık,KIŞ,MARMARA
1528,2012-12-01,Erkek,Hatay,Cinsel,Aralık,KIŞ,AKDENİZ
1529,2012-12-01,Bayan,Antalya,Cinsel,Aralık,KIŞ,AKDENİZ
1530,2012-12-01,Erkek,Amasya,Cinsel,Aralık,KIŞ,KARADENİZ
1531,2012-12-01,Erkek,Çanakkale,Cinsel,Aralık,KIŞ,MARMARA
1532,2012-12-01,Erkek,Niğde,Cinsel,Aralık,KIŞ,İÇ ANADOLU
1533,2012-12-01,Erkek,İstanbul,DİĞER,Aralık,KIŞ,MARMARA
1534,2012-12-01,Erkek,Kayseri,Zayıflama,Aralık,KIŞ,İÇ ANADOLU
1535,2012-12-01,Erkek,Antalya,Cinsel,Aralık,KIŞ,AKDENİZ
1536,2012-12-01,Bayan,İstanbul,DİĞER,Aralık,KIŞ,MARMARA
1537,2012-12-01,Erkek,Ankara,Zayıflama,Aralık,KIŞ,İÇ ANADOLU
1538,2012-12-01,Erkek,İstanbul,Cinsel,Aralık,KIŞ,MARMARA
1539,2012-12-01,Erkek,Eskişehir,Cinsel,Aralık,KIŞ,İÇ ANADOLU
1540,2012-12-01,Erkek,İstanbul,Cinsel,Aralık,KIŞ,MARMARA
1541,2012-12-01,Erkek,Konya,Cinsel,Aralık,KIŞ,İÇ ANADOLU
1542,2012-12-01,Erkek,Aksaray,Cinsel,Aralık,KIŞ,İÇ ANADOLU
1543,2012-12-01,Erkek,Kocaeli,Cinsel,Aralık,KIŞ,MARMARA
1544,2012-12-01,Bayan,İzmir,DİĞER,Aralık,KIŞ,EGE
1545,2012-12-03,Erkek,Muş,Cinsel,Aralık,KIŞ,DOĞU ANADOLU
1546,2012-12-03,Erkek,Konya,Bakım,Aralık,KIŞ,İÇ ANADOLU
1547,2012-12-03,Erkek,Muğla,Zayıflama,Aralık,KIŞ,EGE
1548,2012-12-03,Erkek,Diyarbakır,Cinsel,Aralık,KIŞ,GÜNEYDOĞU
1549,2012-12-03,Erkek,Van,Cinsel,Aralık,KIŞ,DOĞU ANADOLU
1550,2012-12-03,Erkek,Muğla,Cinsel,Aralık,KIŞ,EGE
1551,2012-12-03,Erkek,Aydın,DİĞER,Aralık,KIŞ,EGE
1552,2012-12-03,Erkek,Samsun,Cinsel,Aralık,KIŞ,KARADENİZ
1553,2012-12-03,Erkek,Tokat,Cinsel,Aralık,KIŞ,KARADENİZ
1554,2012-12-03,Erkek,Manisa,Cinsel,Aralık,KIŞ,EGE
1555,2012-12-03,Erkek,Çorum,Cinsel,Aralık,KIŞ,KARADENİZ
1556,2012-12-03,Erkek,Bolu,Cinsel,Aralık,KIŞ,KARADENİZ
1557,2012-12-03,Erkek,Bursa,Zayıflama,Aralık,KIŞ,MARMARA
1558,2012-12-03,Bayan,Adana,Zayıflama,Aralık,KIŞ,AKDENİZ
1559,2012-12-03,Erkek,Adana,Cinsel,Aralık,KIŞ,AKDENİZ
1560,2012-12-03,Erkek,Giresun,Saç,Aralık,KIŞ,KARADENİZ
1561,2012-12-03,Erkek,Bursa,Cinsel,Aralık,KIŞ,MARMARA
1562,2012-12-03,Erkek,Kütahya,Cinsel,Aralık,KIŞ,EGE
1563,2012-12-03,Erkek,Kütahya,Güzellik,Aralık,KIŞ,EGE
1564,2012-12-03,Bayan,Gaziantep,Zayıflama,Aralık,KIŞ,GÜNEYDOĞU
1565,2012-12-03,Erkek,Artvin,Bakım,Aralık,KIŞ,KARADENİZ
1566,2012-12-03,Erkek,Gaziantep,Cinsel,Aralık,KIŞ,GÜNEYDOĞU
1567,2012-12-03,Erkek,İzmir,Ağrılar,Aralık,KIŞ,EGE
1568,2012-12-03,Erkek,İzmir,Cinsel,Aralık,KIŞ,EGE
1569,2012-12-03,Bayan,İstanbul,Zayıflama,Aralık,KIŞ,MARMARA
1570,2012-12-03,Erkek,Hatay,Cinsel,Aralık,KIŞ,AKDENİZ
1571,2012-12-03,Erkek,Kayseri,Cinsel,Aralık,KIŞ,İÇ ANADOLU
1572,2012-12-03,Erkek,İstanbul,Bakım,Aralık,KIŞ,MARMARA
1573,2012-12-03,Erkek,İstanbul,Cinsel,Aralık,KIŞ,MARMARA
1574,2012-12-03,Erkek,Bursa,Cinsel,Aralık,KIŞ,MARMARA
1575,2012-12-03,Erkek,Ordu,Bakım,Aralık,KIŞ,KARADENİZ
1576,2012-12-03,Erkek,İstanbul,Cinsel,Aralık,KIŞ,MARMARA
1577,2012-12-03,Erkek,Kocaeli,Cinsel,Aralık,KIŞ,MARMARA
1578,2012-12-03,Erkek,Ankara,Cinsel,Aralık,KIŞ,İÇ ANADOLU
1579,2012-12-03,Bayan,Şanlıurfa,Zayıflama,Aralık,KIŞ,GÜNEYDOĞU
1580,2012-12-03,Erkek,Hatay,Cinsel,Aralık,KIŞ,AKDENİZ
1581,2012-12-03,Erkek,Afyon,Cinsel,Aralık,KIŞ,EGE
1582,2012-12-03,Erkek,Konya,Cinsel,Aralık,KIŞ,İÇ ANADOLU
1583,2012-12-03,Erkek,Zonguldak,Cinsel,Aralık,KIŞ,KARADENİZ
1584,2012-12-03,Erkek,İzmir,Bakım,Aralık,KIŞ,EGE
1585,2012-12-04,Erkek,Diyarbakır,Cinsel,Aralık,KIŞ,GÜNEYDOĞU
1586,2012-12-04,Erkek,İzmir,Cinsel,Aralık,KIŞ,EGE
1587,2012-12-04,Erkek,Samsun,Cinsel,Aralık,KIŞ,KARADENİZ
1588,2012-12-04,Bayan,Muş,Güzellik,Aralık,KIŞ,DOĞU ANADOLU
1589,2012-12-04,Bayan,Hatay,Bakım,Aralık,KIŞ,AKDENİZ
1590,2012-12-04,Erkek,Mersin,Cinsel,Aralık,KIŞ,AKDENİZ
1591,2012-12-04,Erkek,Van,Cinsel,Aralık,KIŞ,DOĞU ANADOLU
1592,2012-12-04,Erkek,İzmir,Cinsel,Aralık,KIŞ,EGE
1593,2012-12-04,Bayan,Antalya,Cinsel,Aralık,KIŞ,AKDENİZ
1594,2013-08-19,Erkek,İstanbul,Cinsel,Ağustos,YAZ,MARMARA
1595,2013-08-20,Erkek,Gaziantep,Zayıflama,Ağustos,YAZ,GÜNEYDOĞU
1596,2013-08-20,Bayan,Antalya,DİĞER,Ağustos,YAZ,AKDENİZ
1597,2013-08-20,Bayan,Isparta,DİĞER,Ağustos,YAZ,AKDENİZ
1598,2013-08-20,Erkek,İstanbul,Cinsel,Ağustos,YAZ,MARMARA
1599,2013-08-20,Erkek,Denizli,Cinsel,Ağustos,YAZ,EGE
1600,2013-08-20,Erkek,İstanbul,Zayıflama,Ağustos,YAZ,MARMARA
1601,2013-08-20,Erkek,İstanbul,Cinsel,Ağustos,YAZ,MARMARA
1602,2013-08-20,Erkek,İzmir,Cinsel,Ağustos,YAZ,EGE
1603,2013-08-21,Erkek,İstanbul,Bakım,Ağustos,YAZ,MARMARA
1604,2013-08-21,Erkek,İstanbul,Cinsel,Ağustos,YAZ,MARMARA
1605,2013-08-21,Erkek,Diyarbakır,Cinsel,Ağustos,YAZ,GÜNEYDOĞU
1606,2013-08-21,Erkek,Konya,Bakım,Ağustos,YAZ,İÇ ANADOLU
1607,2013-08-22,Erkek,Zonguldak,Bakım,Ağustos,YAZ,KARADENİZ
1608,2013-08-22,Erkek,İstanbul,Bakım,Ağustos,YAZ,MARMARA
1609,2013-08-22,Erkek,Muğla,Cinsel,Ağustos,YAZ,EGE
1610,2013-08-23,Bayan,Elazığ,Cinsel,Ağustos,YAZ,DOĞU ANADOLU
1611,2013-08-24,Bayan,İstanbul,Zayıflama,Ağustos,YAZ,MARMARA
1612,2013-08-26,Bayan,İstanbul,Zayıflama,Ağustos,YAZ,MARMARA
1613,2013-08-26,Erkek,İstanbul,Bakım,Ağustos,YAZ,MARMARA
1614,2013-08-26,Erkek,Bursa,Bakım,Ağustos,YAZ,MARMARA
1615,2013-08-26,Erkek,Şanlıurfa,Cinsel,Ağustos,YAZ,GÜNEYDOĞU
1616,2013-08-26,Erkek,Edirne,Ağrılar,Ağustos,YAZ,MARMARA
1617,2013-08-26,Erkek,Balıkesir,Ağrılar,Ağustos,YAZ,MARMARA
1618,2013-08-26,Erkek,İstanbul,Bakım,Ağustos,YAZ,MARMARA
1619,2013-08-26,Erkek,Samsun,Bakım,Ağustos,YAZ,KARADENİZ
1620,2013-08-26,Erkek,Bitlis,Cinsel,Ağustos,YAZ,DOĞU ANADOLU
1621,2013-08-26,Erkek,Sivas,Cinsel,Ağustos,YAZ,İÇ ANADOLU
1622,2013-08-27,Erkek,İstanbul,Saç,Ağustos,YAZ,MARMARA
1623,2013-08-27,Erkek,Bursa,Ağrılar,Ağustos,YAZ,MARMARA
1624,2013-08-27,Erkek,Ankara,Sağlık,Ağustos,YAZ,İÇ ANADOLU
1625,2013-08-27,Erkek,İstanbul,Sağlık,Ağustos,YAZ,MARMARA
1626,2013-08-27,Erkek,Trabzon,Zayıflama,Ağustos,YAZ,KARADENİZ
1627,2013-08-27,Bayan,Bitlis,Sağlık,Ağustos,YAZ,DOĞU ANADOLU
1628,2013-08-27,Erkek,İstanbul,DİĞER,Ağustos,YAZ,MARMARA
1629,2013-08-27,Erkek,Antalya,Ağrılar,Ağustos,YAZ,AKDENİZ
1630,2013-08-27,Erkek,İzmir,Bakım,Ağustos,YAZ,EGE
1631,2013-08-27,Bayan,Adana,Sağlık,Ağustos,YAZ,AKDENİZ
1632,2013-08-27,Bayan,Ankara,Bakım,Ağustos,YAZ,İÇ ANADOLU
1633,2013-08-27,Erkek,İstanbul,Cinsel,Ağustos,YAZ,MARMARA
1634,2013-08-27,Erkek,İstanbul,Cinsel,Ağustos,YAZ,MARMARA
1635,2013-08-27,Erkek,İstanbul,Bakım,Ağustos,YAZ,MARMARA
1636,2013-08-27,Erkek,Edirne,Cinsel,Ağustos,YAZ,MARMARA
1637,2013-08-27,Bayan,Kahramanmaraş,Bakım,Ağustos,YAZ,AKDENİZ
1638,2013-08-28,Bayan,Niğde,Bakım,Ağustos,YAZ,İÇ ANADOLU
1639,2013-08-28,Erkek,Malatya,Bakım,Ağustos,YAZ,DOĞU ANADOLU
1640,2013-08-28,Erkek,Antalya,Cinsel,Ağustos,YAZ,AKDENİZ
1641,2013-08-28,Erkek,Şanlıurfa,Cinsel,Ağustos,YAZ,GÜNEYDOĞU
1642,2013-08-29,Erkek,Kayseri,Bakım,Ağustos,YAZ,İÇ ANADOLU
1643,2013-08-29,Erkek,İstanbul,Bakım,Ağustos,YAZ,MARMARA
1644,2013-08-29,Erkek,Eskişehir,Cinsel,Ağustos,YAZ,İÇ ANADOLU
1645,2013-08-29,Erkek,İstanbul,Cinsel,Ağustos,YAZ,MARMARA
1646,2013-08-29,Erkek,İstanbul,Cinsel,Ağustos,YAZ,MARMARA
1647,2013-08-29,Erkek,İstanbul,Cinsel,Ağustos,YAZ,MARMARA
1648,2013-08-29,Erkek,Muğla,Cinsel,Ağustos,YAZ,EGE
1649,2013-08-30,Erkek,Ağrı,Cinsel,Ağustos,YAZ,DOĞU ANADOLU
1650,2013-08-30,Erkek,Diyarbakır,Cinsel,Ağustos,YAZ,GÜNEYDOĞU
1651,2013-08-30,Erkek,Bursa,Bakım,Ağustos,YAZ,MARMARA
1652,2013-08-30,Erkek,Aydın,Cinsel,Ağustos,YAZ,EGE
1653,2013-08-30,Erkek,Balıkesir,Bakım,Ağustos,YAZ,MARMARA
1654,2013-08-30,Erkek,Antalya,Cinsel,Ağustos,YAZ,AKDENİZ
1655,2013-08-30,Erkek,İstanbul,Bakım,Ağustos,YAZ,MARMARA
1656,2013-08-30,Erkek,Ankara,Bakım,Ağustos,YAZ,İÇ ANADOLU
1657,2013-08-30,Erkek,Antalya,Bakım,Ağustos,YAZ,AKDENİZ
1658,2013-08-30,Erkek,Antalya,Ağrılar,Ağustos,YAZ,AKDENİZ
1659,2013-08-31,Bayan,İstanbul,Bakım,Ağustos,YAZ,MARMARA
1660,2013-08-31,Erkek,Samsun,Cinsel,Ağustos,YAZ,KARADENİZ
1661,2013-08-31,Bayan,Çanakkale,Bakım,Ağustos,YAZ,MARMARA
1662,2013-08-31,Erkek,Denizli,Bakım,Ağustos,YAZ,EGE
1663,2013-08-31,Bayan,Bursa,DİĞER,Ağustos,YAZ,MARMARA
1664,2013-08-31,Erkek,Aydın,Sağlık,Ağustos,YAZ,EGE
1665,2013-08-31,Bayan,Ankara,Zayıflama,Ağustos,YAZ,İÇ ANADOLU
1666,2013-08-31,Erkek,Trabzon,Bakım,Ağustos,YAZ,KARADENİZ
1667,2013-08-31,Bayan,Muğla,Zayıflama,Ağustos,YAZ,EGE
1668,2013-08-31,Bayan,Denizli,Cinsel,Ağustos,YAZ,EGE
1669,2013-08-31,Bayan,İstanbul,Zayıflama,Ağustos,YAZ,MARMARA
1670,2013-08-31,Bayan,İstanbul,Zayıflama,Ağustos,YAZ,MARMARA
1671,2013-09-02,Bayan,İstanbul,Bakım,Eylül,SONBAHAR,MARMARA
1672,2013-09-02,Erkek,İstanbul,Cinsel,Eylül,SONBAHAR,MARMARA
1673,2013-09-02,Erkek,Ordu,Cinsel,Eylül,SONBAHAR,KARADENİZ
1674,2013-09-02,Erkek,İstanbul,Cinsel,Eylül,SONBAHAR,MARMARA
1675,2013-09-02,Bayan,Kütahya,Cinsel,Eylül,SONBAHAR,EGE
1676,2013-09-02,Erkek,Mersin,Bakım,Eylül,SONBAHAR,AKDENİZ
1677,2013-09-02,Bayan,Eskişehir,Cinsel,Eylül,SONBAHAR,İÇ ANADOLU
1678,2013-09-03,Bayan,Ankara,Bakım,Eylül,SONBAHAR,İÇ ANADOLU
1679,2013-09-03,Erkek,Ankara,Bakım,Eylül,SONBAHAR,İÇ ANADOLU
1680,2013-09-03,Erkek,İstanbul,Bakım,Eylül,SONBAHAR,MARMARA
1681,2013-09-03,Erkek,İstanbul,Cinsel,Eylül,SONBAHAR,MARMARA
1682,2013-09-03,Erkek,Adana,Bakım,Eylül,SONBAHAR,AKDENİZ
1683,2013-09-03,Bayan,Kahramanmaraş,DİĞER,Eylül,SONBAHAR,AKDENİZ
1684,2013-09-03,Bayan,Ankara,Güzellik,Eylül,SONBAHAR,İÇ ANADOLU
1685,2013-09-03,Bayan,Muğla,Cinsel,Eylül,SONBAHAR,EGE
1686,2013-09-04,Erkek,Eskişehir,Cinsel,Eylül,SONBAHAR,İÇ ANADOLU
1687,2013-09-04,Bayan,İstanbul,Bakım,Eylül,SONBAHAR,MARMARA
1688,2013-09-04,Erkek,İzmir,DİĞER,Eylül,SONBAHAR,EGE
1689,2013-09-04,Erkek,Konya,Cinsel,Eylül,SONBAHAR,İÇ ANADOLU
1690,2013-09-05,Bayan,Antalya,Cinsel,Eylül,SONBAHAR,AKDENİZ
1691,2013-09-05,Erkek,Aydın,Cinsel,Eylül,SONBAHAR,EGE
1692,2013-09-05,Erkek,İstanbul,Bakım,Eylül,SONBAHAR,MARMARA
1693,2013-09-05,Erkek,Hatay,Cinsel,Eylül,SONBAHAR,AKDENİZ
1694,2013-09-05,Erkek,İstanbul,Bakım,Eylül,SONBAHAR,MARMARA
1695,2013-09-06,Erkek,Mersin,Bakım,Eylül,SONBAHAR,AKDENİZ
1696,2013-09-06,Bayan,Antalya,Bakım,Eylül,SONBAHAR,AKDENİZ
1697,2013-09-06,Erkek,İstanbul,Cinsel,Eylül,SONBAHAR,MARMARA
1698,2013-09-06,Erkek,İstanbul,Cinsel,Eylül,SONBAHAR,MARMARA
1699,2013-09-07,Bayan,Bursa,Bakım,Eylül,SONBAHAR,MARMARA
1700,2013-09-07,Erkek,Antalya,Bakım,Eylül,SONBAHAR,AKDENİZ
1701,2013-09-07,Bayan,Bursa,Bakım,Eylül,SONBAHAR,MARMARA
1702,2013-09-07,Bayan,İstanbul,Bakım,Eylül,SONBAHAR,MARMARA
1703,2013-09-07,Erkek,Erzurum,Bakım,Eylül,SONBAHAR,DOĞU ANADOLU
1704,2013-09-07,Erkek,Burdur,Bakım,Eylül,SONBAHAR,AKDENİZ
1705,2013-09-07,Bayan,Ankara,Cinsel,Eylül,SONBAHAR,İÇ ANADOLU
1706,2013-09-07,Erkek,Ordu,Cinsel,Eylül,SONBAHAR,KARADENİZ
1707,2013-09-07,Erkek,İstanbul,Zayıflama,Eylül,SONBAHAR,MARMARA
1708,2013-09-07,Erkek,Şanlıurfa,Cinsel,Eylül,SONBAHAR,GÜNEYDOĞU
1709,2013-09-07,Bayan,İstanbul,Zayıflama,Eylül,SONBAHAR,MARMARA
1710,2013-09-09,Erkek,Bingöl,Bakım,Eylül,SONBAHAR,DOĞU ANADOLU
1711,2013-09-09,Erkek,Muğla,Bakım,Eylül,SONBAHAR,EGE
1712,2013-09-09,Erkek,İstanbul,Bakım,Eylül,SONBAHAR,MARMARA
1713,2013-09-09,Erkek,İstanbul,Bakım,Eylül,SONBAHAR,MARMARA
1714,2013-09-09,Erkek,Antalya,Bakım,Eylül,SONBAHAR,AKDENİZ
1715,2013-09-09,Erkek,Elazığ,Bakım,Eylül,SONBAHAR,DOĞU ANADOLU
1716,2013-09-09,Erkek,Kırıkkale,Cinsel,Eylül,SONBAHAR,İÇ ANADOLU
1717,2013-09-09,Erkek,Diyarbakır,Cinsel,Eylül,SONBAHAR,GÜNEYDOĞU
1718,2013-09-09,Erkek,Ankara,Cinsel,Eylül,SONBAHAR,İÇ ANADOLU
1719,2013-09-09,Erkek,Konya,Cinsel,Eylül,SONBAHAR,İÇ ANADOLU
1720,2013-09-09,Erkek,Adana,Cinsel,Eylül,SONBAHAR,AKDENİZ
1721,2013-09-09,Erkek,Kocaeli,Bakım,Eylül,SONBAHAR,MARMARA
1722,2013-09-09,Bayan,İstanbul,Bakım,Eylül,SONBAHAR,MARMARA
1723,2013-09-09,Bayan,İstanbul,Bakım,Eylül,SONBAHAR,MARMARA
1724,2013-09-09,Erkek,Konya,Bakım,Eylül,SONBAHAR,İÇ ANADOLU
1725,2013-09-09,Erkek,İstanbul,Cinsel,Eylül,SONBAHAR,MARMARA
1726,2013-09-09,Erkek,Ankara,Cinsel,Eylül,SONBAHAR,İÇ ANADOLU
1727,2013-09-09,Erkek,Antalya,DİĞER,Eylül,SONBAHAR,AKDENİZ
1728,2013-09-09,Erkek,Burdur,Cinsel,Eylül,SONBAHAR,AKDENİZ
1729,2013-09-09,Erkek,Ordu,Bakım,Eylül,SONBAHAR,KARADENİZ
1730,2013-09-09,Erkek,İstanbul,Saç,Eylül,SONBAHAR,MARMARA
1731,2013-09-10,Erkek,İstanbul,DİĞER,Eylül,SONBAHAR,MARMARA
1732,2013-09-10,Erkek,Adana,Bakım,Eylül,SONBAHAR,AKDENİZ
1733,2013-09-10,Erkek,Uşak,Bakım,Eylül,SONBAHAR,EGE
1734,2013-09-10,Bayan,Ankara,Cinsel,Eylül,SONBAHAR,İÇ ANADOLU
1735,2013-09-10,Erkek,İstanbul,Bakım,Eylül,SONBAHAR,MARMARA
1736,2013-09-10,Bayan,Ankara,Bakım,Eylül,SONBAHAR,İÇ ANADOLU
1737,2013-09-10,Bayan,İstanbul,Ağrılar,Eylül,SONBAHAR,MARMARA
1738,2013-09-11,Erkek,Kocaeli,Cinsel,Eylül,SONBAHAR,MARMARA
1739,2013-09-11,Erkek,Kilis,Cinsel,Eylül,SONBAHAR,GÜNEYDOĞU
1740,2013-09-11,Bayan,Aksaray,Cinsel,Eylül,SONBAHAR,İÇ ANADOLU
1741,2013-09-11,Erkek,Kars,Cinsel,Eylül,SONBAHAR,DOĞU ANADOLU
1742,2013-09-11,Erkek,İstanbul,Bakım,Eylül,SONBAHAR,MARMARA
1743,2013-09-11,Erkek,İstanbul,Cinsel,Eylül,SONBAHAR,MARMARA
1744,2013-09-11,Erkek,İstanbul,Cinsel,Eylül,SONBAHAR,MARMARA
1745,2013-09-11,Erkek,Ankara,Zayıflama,Eylül,SONBAHAR,İÇ ANADOLU
1746,2013-09-11,Erkek,Manisa,Ağrılar,Eylül,SONBAHAR,EGE
1747,2013-09-11,Erkek,Ankara,Bakım,Eylül,SONBAHAR,İÇ ANADOLU
1748,2013-09-12,Bayan,İstanbul,Zayıflama,Eylül,SONBAHAR,MARMARA
1749,2013-09-12,Erkek,Hatay,Bakım,Eylül,SONBAHAR,AKDENİZ
1750,2013-09-12,Erkek,İstanbul,Cinsel,Eylül,SONBAHAR,MARMARA
1751,2013-09-12,Bayan,İçel,Bakım,Eylül,SONBAHAR,AKDENİZ
1752,2013-09-12,Erkek,Denizli,Cinsel,Eylül,SONBAHAR,EGE
1753,2013-09-12,Erkek,Bayburt,Bakım,Eylül,SONBAHAR,KARADENİZ
1754,2013-09-12,Erkek,Kocaeli,Cinsel,Eylül,SONBAHAR,MARMARA
1755,2013-09-12,Erkek,İstanbul,Bakım,Eylül,SONBAHAR,MARMARA
1756,2013-09-12,Erkek,Samsun,Cinsel,Eylül,SONBAHAR,KARADENİZ
1757,2013-09-12,Erkek,Şanlıurfa,Cinsel,Eylül,SONBAHAR,GÜNEYDOĞU
1758,2013-09-13,Bayan,İstanbul,Zayıflama,Eylül,SONBAHAR,MARMARA
1759,2013-09-13,Erkek,Manisa,Güzellik,Eylül,SONBAHAR,EGE
1760,2013-09-13,Bayan,İstanbul,DİĞER,Eylül,SONBAHAR,MARMARA
1761,2013-09-13,Bayan,Aydın,Zayıflama,Eylül,SONBAHAR,EGE
1762,2013-09-13,Bayan,İstanbul,Zayıflama,Eylül,SONBAHAR,MARMARA
1763,2013-09-13,Erkek,Bursa,Güzellik,Eylül,SONBAHAR,MARMARA
1764,2013-09-13,Erkek,Ankara,Zayıflama,Eylül,SONBAHAR,İÇ ANADOLU
1765,2013-09-13,Bayan,İzmir,Bakım,Eylül,SONBAHAR,EGE
1766,2013-09-13,Bayan,İstanbul,DİĞER,Eylül,SONBAHAR,MARMARA
1767,2013-09-13,Bayan,İzmir,Bakım,Eylül,SONBAHAR,EGE
1768,2013-09-13,Bayan,İstanbul,Cinsel,Eylül,SONBAHAR,MARMARA
1769,2013-09-13,Erkek,Ankara,Bakım,Eylül,SONBAHAR,İÇ ANADOLU
1770,2013-09-13,Erkek,İstanbul,Cinsel,Eylül,SONBAHAR,MARMARA
1771,2013-09-13,Erkek,Adana,Cinsel,Eylül,SONBAHAR,AKDENİZ
1772,2013-09-13,Erkek,Hakkari,Cinsel,Eylül,SONBAHAR,DOĞU ANADOLU
1773,2013-09-14,Erkek,Van,Güzellik,Eylül,SONBAHAR,DOĞU ANADOLU
1774,2013-09-14,Erkek,Diyarbakır,Cinsel,Eylül,SONBAHAR,GÜNEYDOĞU
1775,2013-09-14,Erkek,Bursa,Bakım,Eylül,SONBAHAR,MARMARA
1776,2013-09-14,Erkek,Konya,Bakım,Eylül,SONBAHAR,İÇ ANADOLU
1777,2013-09-14,Erkek,Denizli,Güzellik,Eylül,SONBAHAR,EGE
1778,2013-09-16,Erkek,Mardin,Bakım,Eylül,SONBAHAR,GÜNEYDOĞU
1779,2013-09-16,Bayan,İstanbul,Cinsel,Eylül,SONBAHAR,MARMARA
1780,2013-09-16,Erkek,İstanbul,DİĞER,Eylül,SONBAHAR,MARMARA
1781,2013-09-16,Erkek,İstanbul,Zayıflama,Eylül,SONBAHAR,MARMARA
1782,2013-09-16,Bayan,Ankara,Zayıflama,Eylül,SONBAHAR,İÇ ANADOLU
1783,2013-09-16,Bayan,İstanbul,Bakım,Eylül,SONBAHAR,MARMARA
1784,2013-09-16,Erkek,Ankara,Zayıflama,Eylül,SONBAHAR,İÇ ANADOLU
1785,2013-09-16,Erkek,Manisa,Güzellik,Eylül,SONBAHAR,EGE
1786,2013-09-16,Erkek,Samsun,Cinsel,Eylül,SONBAHAR,KARADENİZ
1787,2013-09-17,Erkek,Zonguldak,Bakım,Eylül,SONBAHAR,KARADENİZ
1788,2013-09-17,Erkek,Tekirdağ,Bakım,Eylül,SONBAHAR,MARMARA
1789,2013-09-17,Erkek,Kocaeli,Bakım,Eylül,SONBAHAR,MARMARA
1790,2013-09-17,Erkek,İstanbul,Bakım,Eylül,SONBAHAR,MARMARA
1791,2013-09-17,Erkek,Bolu,Cinsel,Eylül,SONBAHAR,KARADENİZ
1792,2013-09-17,Bayan,İstanbul,Zayıflama,Eylül,SONBAHAR,MARMARA
1793,2013-09-17,Bayan,Adana,Sağlık,Eylül,SONBAHAR,AKDENİZ
1794,2013-09-18,Erkek,İstanbul,Ağrılar,Eylül,SONBAHAR,MARMARA
1795,2013-09-18,Erkek,İstanbul,Ağrılar,Eylül,SONBAHAR,MARMARA
1796,2013-09-18,Erkek,Konya,Bakım,Eylül,SONBAHAR,İÇ ANADOLU
1797,2013-09-18,Bayan,Hatay,Bakım,Eylül,SONBAHAR,AKDENİZ
1798,2013-09-18,Bayan,İzmir,DİĞER,Eylül,SONBAHAR,EGE
1799,2013-09-18,Erkek,İstanbul,Bakım,Eylül,SONBAHAR,MARMARA
1800,2013-09-20,Erkek,Ordu,Bakım,Eylül,SONBAHAR,KARADENİZ
1801,2013-09-20,Erkek,Artvin,Cinsel,Eylül,SONBAHAR,KARADENİZ
1802,2013-09-20,Erkek,Kahramanmaraş,Cinsel,Eylül,SONBAHAR,AKDENİZ
1803,2013-09-20,Erkek,Kocaeli,Cinsel,Eylül,SONBAHAR,MARMARA
1804,2013-09-20,Erkek,İstanbul,Cinsel,Eylül,SONBAHAR,MARMARA
1805,2013-09-20,Bayan,Bursa,Zayıflama,Eylül,SONBAHAR,MARMARA
1806,2013-09-20,Erkek,Ankara,Zayıflama,Eylül,SONBAHAR,İÇ ANADOLU
1807,2013-09-21,Erkek,Balıkesir,Cinsel,Eylül,SONBAHAR,MARMARA
1808,2013-09-21,Erkek,Van,Cinsel,Eylül,SONBAHAR,DOĞU ANADOLU
1809,2013-09-23,Bayan,Balıkesir,DİĞER,Eylül,SONBAHAR,MARMARA
1810,2013-09-23,Bayan,Denizli,Zayıflama,Eylül,SONBAHAR,EGE
1811,2013-09-23,Bayan,Ankara,Zayıflama,Eylül,SONBAHAR,İÇ ANADOLU
1812,2013-09-23,Erkek,Erzurum,Cinsel,Eylül,SONBAHAR,DOĞU ANADOLU
1813,2013-09-23,Bayan,Adana,Bakım,Eylül,SONBAHAR,AKDENİZ
1814,2013-09-23,Erkek,Manisa,Cinsel,Eylül,SONBAHAR,EGE
1815,2013-09-23,Erkek,Antalya,Güzellik,Eylül,SONBAHAR,AKDENİZ
1816,2013-09-23,Erkek,İzmir,Zayıflama,Eylül,SONBAHAR,EGE
1817,2013-09-23,Erkek,Mersin,Bakım,Eylül,SONBAHAR,AKDENİZ
1818,2013-09-23,Erkek,İzmir,Cinsel,Eylül,SONBAHAR,EGE
1819,2013-09-23,Erkek,Bursa,Bakım,Eylül,SONBAHAR,MARMARA
1820,2013-09-23,Bayan,Bolu,Zayıflama,Eylül,SONBAHAR,KARADENİZ
1821,2013-09-23,Erkek,İstanbul,Bakım,Eylül,SONBAHAR,MARMARA
1822,2013-09-24,Bayan,İstanbul,Zayıflama,Eylül,SONBAHAR,MARMARA
1823,2013-09-24,Bayan,İstanbul,Zayıflama,Eylül,SONBAHAR,MARMARA
1824,2013-09-24,Bayan,İstanbul,Zayıflama,Eylül,SONBAHAR,MARMARA
1825,2013-09-24,Erkek,Diyarbakır,Zayıflama,Eylül,SONBAHAR,GÜNEYDOĞU
1826,2013-09-24,Erkek,Kastamonu,Zayıflama,Eylül,SONBAHAR,KARADENİZ
1827,2013-09-24,Erkek,Sinop,Bakım,Eylül,SONBAHAR,KARADENİZ
1828,2013-09-24,Erkek,Van,Cinsel,Eylül,SONBAHAR,DOĞU ANADOLU
1829,2013-09-24,Erkek,Batman,Cinsel,Eylül,SONBAHAR,GÜNEYDOĞU
1830,2013-09-25,Erkek,Muş,Bakım,Eylül,SONBAHAR,DOĞU ANADOLU
1831,2013-09-25,Bayan,Kırıkkale,Zayıflama,Eylül,SONBAHAR,İÇ ANADOLU
1832,2013-09-25,Erkek,İstanbul,Cinsel,Eylül,SONBAHAR,MARMARA
1833,2013-09-26,Erkek,İstanbul,Cinsel,Eylül,SONBAHAR,MARMARA
1834,2013-09-26,Erkek,İstanbul,Cinsel,Eylül,SONBAHAR,MARMARA
1835,2013-09-26,Erkek,İstanbul,Cinsel,Eylül,SONBAHAR,MARMARA
1836,2013-09-26,Erkek,İstanbul,Bakım,Eylül,SONBAHAR,MARMARA
1837,2013-09-26,Erkek,Kocaeli,Cinsel,Eylül,SONBAHAR,MARMARA
1838,2013-09-26,Bayan,Balıkesir,Bakım,Eylül,SONBAHAR,MARMARA
1839,2013-09-26,Bayan,İstanbul,Cinsel,Eylül,SONBAHAR,MARMARA
1840,2013-09-26,Erkek,İstanbul,Cinsel,Eylül,SONBAHAR,MARMARA
1841,2013-09-27,Erkek,Denizli,Cinsel,Eylül,SONBAHAR,EGE
1842,2013-09-27,Bayan,Muğla,Zayıflama,Eylül,SONBAHAR,EGE
1843,2013-09-27,Bayan,İstanbul,DİĞER,Eylül,SONBAHAR,MARMARA
1844,2013-09-27,Erkek,İstanbul,Cinsel,Eylül,SONBAHAR,MARMARA
1845,2013-09-27,Erkek,İstanbul,Cinsel,Eylül,SONBAHAR,MARMARA
1846,2013-09-27,Bayan,Ankara,Zayıflama,Eylül,SONBAHAR,İÇ ANADOLU
1847,2013-09-28,Bayan,Ankara,Bakım,Eylül,SONBAHAR,İÇ ANADOLU
1848,2013-09-28,Bayan,Ankara,Bakım,Eylül,SONBAHAR,İÇ ANADOLU
1849,2013-09-28,Erkek,Muğla,Bakım,Eylül,SONBAHAR,EGE
1850,2013-09-28,Erkek,Erzurum,Bakım,Eylül,SONBAHAR,DOĞU ANADOLU
1851,2013-09-28,Erkek,Antalya,Bakım,Eylül,SONBAHAR,AKDENİZ
1852,2013-09-28,Erkek,Ankara,Cinsel,Eylül,SONBAHAR,İÇ ANADOLU
1853,2013-09-28,Bayan,İstanbul,Bakım,Eylül,SONBAHAR,MARMARA
1854,2013-09-28,Erkek,Mersin,Zayıflama,Eylül,SONBAHAR,AKDENİZ
1855,2013-09-28,Erkek,Kocaeli,Cinsel,Eylül,SONBAHAR,MARMARA
1856,2013-09-28,Erkek,İstanbul,Zayıflama,Eylül,SONBAHAR,MARMARA
1857,2013-09-28,Erkek,Antalya,Cinsel,Eylül,SONBAHAR,AKDENİZ
1858,2013-09-30,Bayan,Adana,Bakım,Eylül,SONBAHAR,AKDENİZ
1859,2013-09-30,Bayan,Muğla,Zayıflama,Eylül,SONBAHAR,EGE
1860,2013-09-30,Erkek,Balıkesir,Bakım,Eylül,SONBAHAR,MARMARA
1861,2013-09-30,Erkek,Antalya,Cinsel,Eylül,SONBAHAR,AKDENİZ
1862,2013-09-30,Bayan,İstanbul,Zayıflama,Eylül,SONBAHAR,MARMARA
1863,2013-09-30,Bayan,İstanbul,Bakım,Eylül,SONBAHAR,MARMARA
1864,2013-09-30,Erkek,İstanbul,Cinsel,Eylül,SONBAHAR,MARMARA
1865,2013-09-30,Bayan,İstanbul,Zayıflama,Eylül,SONBAHAR,MARMARA
1866,2013-09-30,Erkek,Gaziantep,Bakım,Eylül,SONBAHAR,GÜNEYDOĞU
1867,2013-09-30,Erkek,İstanbul,Zayıflama,Eylül,SONBAHAR,MARMARA
1868,2013-09-30,Erkek,İstanbul,Cinsel,Eylül,SONBAHAR,MARMARA
1869,2013-09-30,Bayan,Malatya,Cinsel,Eylül,SONBAHAR,DOĞU ANADOLU
1870,2013-09-30,Bayan,İstanbul,DİĞER,Eylül,SONBAHAR,MARMARA
1871,2013-09-30,Bayan,Tunceli,Zayıflama,Eylül,SONBAHAR,DOĞU ANADOLU
1872,2013-10-01,Bayan,İstanbul,Bakım,Ekim,SONBAHAR,MARMARA
1873,2013-10-01,Bayan,İstanbul,Bakım,Ekim,SONBAHAR,MARMARA
1874,2013-10-01,Erkek,İstanbul,Bakım,Ekim,SONBAHAR,MARMARA
1875,2013-10-01,Erkek,Zonguldak,Zayıflama,Ekim,SONBAHAR,KARADENİZ
1876,2013-10-01,Erkek,Ankara,DİĞER,Ekim,SONBAHAR,İÇ ANADOLU
1877,2013-10-01,Erkek,İstanbul,Cinsel,Ekim,SONBAHAR,MARMARA
1878,2013-10-01,Bayan,İstanbul,Zayıflama,Ekim,SONBAHAR,MARMARA
1879,2013-10-01,Bayan,Eskişehir,Zayıflama,Ekim,SONBAHAR,İÇ ANADOLU
1880,2013-10-01,Erkek,İstanbul,Bakım,Ekim,SONBAHAR,MARMARA
1881,2013-10-01,Erkek,İstanbul,Ağrılar,Ekim,SONBAHAR,MARMARA
1882,2013-10-01,Erkek,Şanlıurfa,Cinsel,Ekim,SONBAHAR,GÜNEYDOĞU
1883,2013-10-01,Bayan,Antalya,Zayıflama,Ekim,SONBAHAR,AKDENİZ
1884,2013-10-02,Bayan,Kocaeli,Bakım,Ekim,SONBAHAR,MARMARA
1885,2013-10-02,Erkek,İstanbul,Zayıflama,Ekim,SONBAHAR,MARMARA
1886,2013-10-02,Bayan,Şırnak,Zayıflama,Ekim,SONBAHAR,DOĞU ANADOLU
1887,2013-10-02,Erkek,İstanbul,Zayıflama,Ekim,SONBAHAR,MARMARA
1888,2013-10-02,Bayan,Konya,Zayıflama,Ekim,SONBAHAR,İÇ ANADOLU
1889,2013-10-02,Erkek,Gaziantep,Bakım,Ekim,SONBAHAR,GÜNEYDOĞU
1890,2013-10-02,Bayan,İstanbul,Zayıflama,Ekim,SONBAHAR,MARMARA
1891,2013-10-02,Erkek,Ankara,Zayıflama,Ekim,SONBAHAR,İÇ ANADOLU
1892,2013-10-02,Erkek,Samsun,Zayıflama,Ekim,SONBAHAR,KARADENİZ
1893,2013-10-02,Erkek,Kocaeli,Bakım,Ekim,SONBAHAR,MARMARA
1894,2013-10-02,Erkek,İzmir,Cinsel,Ekim,SONBAHAR,EGE
1895,2013-10-02,Erkek,Balıkesir,Zayıflama,Ekim,SONBAHAR,MARMARA
1896,2013-10-02,Bayan,Karaman,Zayıflama,Ekim,SONBAHAR,İÇ ANADOLU
1897,2013-10-02,Erkek,Ankara,Zayıflama,Ekim,SONBAHAR,İÇ ANADOLU
1898,2013-10-02,Erkek,Mersin,Bakım,Ekim,SONBAHAR,AKDENİZ
1899,2013-10-02,Bayan,Adana,Ağrılar,Ekim,SONBAHAR,AKDENİZ
1900,2013-10-03,Bayan,Gaziantep,Zayıflama,Ekim,SONBAHAR,GÜNEYDOĞU
1901,2013-10-03,Erkek,İstanbul,Cinsel,Ekim,SONBAHAR,MARMARA
1902,2013-10-03,Erkek,İstanbul,Zayıflama,Ekim,SONBAHAR,MARMARA
1903,2013-10-03,Erkek,İstanbul,Bakım,Ekim,SONBAHAR,MARMARA
1904,2013-10-03,Erkek,Kocaeli,Bakım,Ekim,SONBAHAR,MARMARA
1905,2013-10-03,Erkek,İstanbul,Bakım,Ekim,SONBAHAR,MARMARA
1906,2013-10-03,Erkek,İstanbul,Bakım,Ekim,SONBAHAR,MARMARA
1907,2013-10-03,Erkek,İstanbul,Zayıflama,Ekim,SONBAHAR,MARMARA
1908,2013-10-03,Bayan,Zonguldak,Zayıflama,Ekim,SONBAHAR,KARADENİZ
1909,2013-10-03,Erkek,İstanbul,Bakım,Ekim,SONBAHAR,MARMARA
1910,2013-10-03,Erkek,Van,Cinsel,Ekim,SONBAHAR,DOĞU ANADOLU
1911,2013-10-04,Bayan,Konya,Zayıflama,Ekim,SONBAHAR,İÇ ANADOLU
1912,2013-10-04,Bayan,Kütahya,Zayıflama,Ekim,SONBAHAR,EGE
1913,2013-10-04,Bayan,Konya,Zayıflama,Ekim,SONBAHAR,İÇ ANADOLU
1914,2013-10-04,Erkek,Eskişehir,Cinsel,Ekim,SONBAHAR,İÇ ANADOLU
1915,2013-10-04,Erkek,Sivas,Zayıflama,Ekim,SONBAHAR,İÇ ANADOLU
1916,2013-10-04,Bayan,Samsun,Zayıflama,Ekim,SONBAHAR,KARADENİZ
1917,2013-10-04,Erkek,Gaziantep,Bakım,Ekim,SONBAHAR,GÜNEYDOĞU
1918,2013-10-05,Erkek,Bolu,Güzellik,Ekim,SONBAHAR,KARADENİZ
1919,2013-10-05,Erkek,Denizli,Bakım,Ekim,SONBAHAR,EGE
1920,2013-10-07,Erkek,İstanbul,Bakım,Ekim,SONBAHAR,MARMARA
1921,2013-10-07,Bayan,Nevşehir,Zayıflama,Ekim,SONBAHAR,İÇ ANADOLU
1922,2013-10-07,Erkek,Balıkesir,Bakım,Ekim,SONBAHAR,MARMARA
1923,2013-10-07,Erkek,Aydın,Cinsel,Ekim,SONBAHAR,EGE
1924,2013-10-07,Bayan,Hatay,Bakım,Ekim,SONBAHAR,AKDENİZ
1925,2013-10-07,Erkek,Kırıkkale,Zayıflama,Ekim,SONBAHAR,İÇ ANADOLU
1926,2013-10-07,Bayan,Balıkesir,Zayıflama,Ekim,SONBAHAR,MARMARA
1927,2013-10-07,Erkek,İstanbul,Zayıflama,Ekim,SONBAHAR,MARMARA
1928,2013-10-07,Bayan,Şanlıurfa,Zayıflama,Ekim,SONBAHAR,GÜNEYDOĞU
1929,2013-10-07,Bayan,Muğla,Zayıflama,Ekim,SONBAHAR,EGE
1930,2013-10-07,Bayan,İzmir,Zayıflama,Ekim,SONBAHAR,EGE
1931,2013-10-07,Bayan,İstanbul,Zayıflama,Ekim,SONBAHAR,MARMARA
1932,2013-10-07,Bayan,İstanbul,Zayıflama,Ekim,SONBAHAR,MARMARA
1933,2013-10-07,Erkek,Antalya,Güzellik,Ekim,SONBAHAR,AKDENİZ
1934,2013-10-07,Erkek,İstanbul,Güzellik,Ekim,SONBAHAR,MARMARA
1935,2013-10-08,Erkek,Şanlıurfa,Cinsel,Ekim,SONBAHAR,GÜNEYDOĞU
1936,2013-10-08,Bayan,Kahramanmaraş,Zayıflama,Ekim,SONBAHAR,AKDENİZ
1937,2013-10-08,Bayan,İstanbul,Zayıflama,Ekim,SONBAHAR,MARMARA
1938,2013-10-08,Bayan,İstanbul,Zayıflama,Ekim,SONBAHAR,MARMARA
1939,2013-10-08,Bayan,Bursa,Zayıflama,Ekim,SONBAHAR,MARMARA
1940,2013-10-08,Bayan,Ankara,Zayıflama,Ekim,SONBAHAR,İÇ ANADOLU
1941,2013-10-08,Bayan,Muğla,Zayıflama,Ekim,SONBAHAR,EGE
1942,2013-10-08,Erkek,İstanbul,Zayıflama,Ekim,SONBAHAR,MARMARA
1943,2013-10-08,Bayan,Bursa,Zayıflama,Ekim,SONBAHAR,MARMARA
1944,2013-10-08,Erkek,Bursa,Ağrılar,Ekim,SONBAHAR,MARMARA
1945,2013-10-08,Bayan,Muş,Bakım,Ekim,SONBAHAR,DOĞU ANADOLU
1946,2013-10-08,Bayan,İstanbul,Zayıflama,Ekim,SONBAHAR,MARMARA
1947,2013-10-08,Bayan,İstanbul,Zayıflama,Ekim,SONBAHAR,MARMARA
1948,2013-10-08,Erkek,Muğla,Zayıflama,Ekim,SONBAHAR,EGE
1949,2013-10-09,Bayan,İstanbul,Zayıflama,Ekim,SONBAHAR,MARMARA
1950,2013-10-09,Bayan,Ankara,Ağrılar,Ekim,SONBAHAR,İÇ ANADOLU
1951,2013-10-09,Erkek,Çorum,Bakım,Ekim,SONBAHAR,KARADENİZ
1952,2013-10-10,Bayan,İstanbul,Zayıflama,Ekim,SONBAHAR,MARMARA
1953,2013-10-10,Bayan,İstanbul,Zayıflama,Ekim,SONBAHAR,MARMARA
1954,2013-10-10,Erkek,İzmir,Zayıflama,Ekim,SONBAHAR,EGE
1955,2013-10-11,Bayan,İstanbul,Bakım,Ekim,SONBAHAR,MARMARA
1956,2013-10-11,Erkek,İstanbul,Ağrılar,Ekim,SONBAHAR,MARMARA
1957,2013-10-11,Erkek,İzmir,Zayıflama,Ekim,SONBAHAR,EGE
1958,2013-10-21,Erkek,Burdur,Cinsel,Ekim,SONBAHAR,AKDENİZ
1959,2013-10-21,Bayan,İstanbul,Bakım,Ekim,SONBAHAR,MARMARA
1960,2013-10-21,Erkek,İstanbul,Bakım,Ekim,SONBAHAR,MARMARA
1961,2013-10-21,Erkek,İstanbul,Cinsel,Ekim,SONBAHAR,MARMARA
1962,2013-10-21,Erkek,Afyon,Güzellik,Ekim,SONBAHAR,EGE
1963,2013-10-22,Erkek,Van,Cinsel,Ekim,SONBAHAR,DOĞU ANADOLU
1964,2013-10-23,Erkek,Konya,Güzellik,Ekim,SONBAHAR,İÇ ANADOLU
1965,2013-10-24,Bayan,Trabzon,Zayıflama,Ekim,SONBAHAR,KARADENİZ
1966,2013-10-28,Bayan,Aydın,Bakım,Ekim,SONBAHAR,EGE
1967,2013-10-28,Erkek,Antalya,Bakım,Ekim,SONBAHAR,AKDENİZ
1968,2013-10-28,Erkek,Muş,Bakım,Ekim,SONBAHAR,DOĞU ANADOLU
1969,2013-10-28,Erkek,İstanbul,Bakım,Ekim,SONBAHAR,MARMARA
1970,2013-10-28,Erkek,Antalya,Ağrılar,Ekim,SONBAHAR,AKDENİZ
1971,2013-10-28,Bayan,İzmir,Zayıflama,Ekim,SONBAHAR,EGE
1972,2013-10-28,Bayan,Mersin,Zayıflama,Ekim,SONBAHAR,AKDENİZ
1973,2013-10-28,Erkek,İstanbul,Zayıflama,Ekim,SONBAHAR,MARMARA
1974,2013-10-28,Erkek,Balıkesir,Ağrılar,Ekim,SONBAHAR,MARMARA
1975,2013-10-28,Erkek,Isparta,Zayıflama,Ekim,SONBAHAR,AKDENİZ
1976,2013-10-28,Bayan,Kırıkkale,Bakım,Ekim,SONBAHAR,İÇ ANADOLU
1977,2013-10-31,Erkek,Mersin,Cinsel,Ekim,SONBAHAR,AKDENİZ
1978,2013-10-31,Erkek,İstanbul,Bakım,Ekim,SONBAHAR,MARMARA
1979,2013-10-31,Erkek,Tekirdağ,Cinsel,Ekim,SONBAHAR,MARMARA
1980,2013-10-31,Erkek,Muğla,Ağrılar,Ekim,SONBAHAR,EGE
1981,2013-10-31,Erkek,İstanbul,Zayıflama,Ekim,SONBAHAR,MARMARA
1982,2013-10-31,Bayan,İstanbul,Zayıflama,Ekim,SONBAHAR,MARMARA
1983,2013-11-01,Bayan,Antalya,Zayıflama,Kasım,SONBAHAR,AKDENİZ
1984,2013-11-01,Bayan,Afyon,Ağrılar,Kasım,SONBAHAR,EGE
1985,2013-11-01,Bayan,Ankara,Zayıflama,Kasım,SONBAHAR,İÇ ANADOLU
1986,2013-11-01,Bayan,Ankara,Zayıflama,Kasım,SONBAHAR,İÇ ANADOLU
1987,2013-11-01,Erkek,Denizli,Cinsel,Kasım,SONBAHAR,EGE
1988,2013-11-01,Bayan,İstanbul,Bakım,Kasım,SONBAHAR,MARMARA
1989,2013-11-01,Erkek,Hakkari,Cinsel,Kasım,SONBAHAR,DOĞU ANADOLU
1990,2013-11-01,Bayan,İstanbul,Zayıflama,Kasım,SONBAHAR,MARMARA
1991,2013-11-01,Erkek,Eskişehir,Zayıflama,Kasım,SONBAHAR,İÇ ANADOLU
1992,2013-11-01,Erkek,Yalova,Cinsel,Kasım,SONBAHAR,MARMARA
1993,2013-11-01,Bayan,İstanbul,Zayıflama,Kasım,SONBAHAR,MARMARA
1994,2013-11-01,Bayan,İzmir,Cinsel,Kasım,SONBAHAR,EGE
1995,2013-11-01,Erkek,İstanbul,Cinsel,Kasım,SONBAHAR,MARMARA
1996,2013-11-02,Bayan,İstanbul,Bakım,Kasım,SONBAHAR,MARMARA
1997,2013-11-02,Erkek,İstanbul,Bakım,Kasım,SONBAHAR,MARMARA
1998,2013-11-02,Erkek,İstanbul,Bakım,Kasım,SONBAHAR,MARMARA
1999,2013-11-02,Erkek,İstanbul,Cinsel,Kasım,SONBAHAR,MARMARA
2000,2013-11-02,Erkek,Aydın,Cinsel,Kasım,SONBAHAR,EGE
2001,2013-11-02,Bayan,Ankara,Bakım,Kasım,SONBAHAR,İÇ ANADOLU
2002,2013-11-02,Erkek,İstanbul,Zayıflama,Kasım,SONBAHAR,MARMARA
2003,2013-11-02,Bayan,Şanlıurfa,Zayıflama,Kasım,SONBAHAR,GÜNEYDOĞU
2004,2013-11-02,Erkek,Muğla,Zayıflama,Kasım,SONBAHAR,EGE
2005,2013-11-02,Erkek,İstanbul,Cinsel,Kasım,SONBAHAR,MARMARA
2006,2013-11-04,Bayan,İzmir,Zayıflama,Kasım,SONBAHAR,EGE
2007,2013-11-04,Erkek,İstanbul,Bakım,Kasım,SONBAHAR,MARMARA
2008,2013-11-04,Erkek,İstanbul,Ağrılar,Kasım,SONBAHAR,MARMARA
2009,2013-11-04,Erkek,Denizli,DİĞER,Kasım,SONBAHAR,EGE
2010,2013-11-04,Erkek,İstanbul,Zayıflama,Kasım,SONBAHAR,MARMARA
2011,2013-11-04,Erkek,Ankara,Saç,Kasım,SONBAHAR,İÇ ANADOLU
2012,2013-11-04,Erkek,Samsun,Zayıflama,Kasım,SONBAHAR,KARADENİZ
2013,2013-11-04,Erkek,Ankara,Cinsel,Kasım,SONBAHAR,İÇ ANADOLU
2014,2013-11-04,Erkek,İstanbul,Bakım,Kasım,SONBAHAR,MARMARA
2015,2013-11-04,Bayan,Bursa,DİĞER,Kasım,SONBAHAR,MARMARA
2016,2013-11-04,Erkek,Erzincan,Güzellik,Kasım,SONBAHAR,DOĞU ANADOLU
2017,2013-11-04,Erkek,İstanbul,Ağrılar,Kasım,SONBAHAR,MARMARA
2018,2013-11-04,Erkek,İzmir,Zayıflama,Kasım,SONBAHAR,EGE
2019,2013-11-04,Bayan,Ankara,Zayıflama,Kasım,SONBAHAR,İÇ ANADOLU
2020,2013-11-04,Bayan,İstanbul,Zayıflama,Kasım,SONBAHAR,MARMARA
2021,2013-11-04,Bayan,Kırıkkale,Zayıflama,Kasım,SONBAHAR,İÇ ANADOLU
2022,2013-11-04,Bayan,Samsun,Ağrılar,Kasım,SONBAHAR,KARADENİZ
2023,2013-11-04,Bayan,İzmir,Zayıflama,Kasım,SONBAHAR,EGE
2024,2013-11-04,Erkek,Gaziantep,Bakım,Kasım,SONBAHAR,GÜNEYDOĞU
2025,2013-11-04,Erkek,Adana,Ağrılar,Kasım,SONBAHAR,AKDENİZ
2026,2013-11-04,Bayan,Balıkesir,Zayıflama,Kasım,SONBAHAR,MARMARA
2027,2013-11-04,Bayan,İstanbul,Zayıflama,Kasım,SONBAHAR,MARMARA
2028,2013-11-04,Bayan,İzmir,Zayıflama,Kasım,SONBAHAR,EGE
2029,2013-11-04,Bayan,İstanbul,Zayıflama,Kasım,SONBAHAR,MARMARA
2030,2013-11-04,Bayan,Ankara,Zayıflama,Kasım,SONBAHAR,İÇ ANADOLU
2031,2013-11-04,Bayan,İstanbul,Zayıflama,Kasım,SONBAHAR,MARMARA
2032,2013-11-04,Erkek,İstanbul,Cinsel,Kasım,SONBAHAR,MARMARA
2033,2013-11-04,Erkek,Antalya,Cinsel,Kasım,SONBAHAR,AKDENİZ
2034,2013-11-04,Erkek,Ankara,Zayıflama,Kasım,SONBAHAR,İÇ ANADOLU
2035,2013-11-04,Erkek,İstanbul,Bakım,Kasım,SONBAHAR,MARMARA
2036,2013-11-04,Bayan,Hatay,Zayıflama,Kasım,SONBAHAR,AKDENİZ
2037,2013-11-05,Bayan,Ankara,Zayıflama,Kasım,SONBAHAR,İÇ ANADOLU
2038,2013-11-05,Bayan,Balıkesir,Zayıflama,Kasım,SONBAHAR,MARMARA
2039,2013-11-05,Erkek,Manisa,Ağrılar,Kasım,SONBAHAR,EGE
2040,2013-11-05,Erkek,İstanbul,Cinsel,Kasım,SONBAHAR,MARMARA
2041,2013-11-05,Bayan,İstanbul,Zayıflama,Kasım,SONBAHAR,MARMARA
2042,2013-11-05,Bayan,Mersin,Zayıflama,Kasım,SONBAHAR,AKDENİZ
2043,2013-11-05,Erkek,İstanbul,Zayıflama,Kasım,SONBAHAR,MARMARA
2044,2013-11-05,Erkek,Kocaeli,Bakım,Kasım,SONBAHAR,MARMARA
2045,2013-11-05,Erkek,İstanbul,Zayıflama,Kasım,SONBAHAR,MARMARA
2046,2013-11-05,Erkek,İstanbul,Zayıflama,Kasım,SONBAHAR,MARMARA
2047,2013-11-05,Erkek,İstanbul,Ağrılar,Kasım,SONBAHAR,MARMARA
2048,2013-11-05,Bayan,Bursa,Zayıflama,Kasım,SONBAHAR,MARMARA
2049,2013-11-05,Bayan,Kahramanmaraş,Zayıflama,Kasım,SONBAHAR,AKDENİZ
2050,2013-11-06,Erkek,Erzurum,Cinsel,Kasım,SONBAHAR,DOĞU ANADOLU
2051,2013-11-06,Erkek,Kütahya,Cinsel,Kasım,SONBAHAR,EGE
2052,2013-11-06,Bayan,Denizli,Zayıflama,Kasım,SONBAHAR,EGE
2053,2013-11-06,Erkek,Trabzon,Zayıflama,Kasım,SONBAHAR,KARADENİZ
2054,2013-11-06,Erkek,Diyarbakır,Cinsel,Kasım,SONBAHAR,GÜNEYDOĞU
2055,2013-11-06,Bayan,Adana,Bakım,Kasım,SONBAHAR,AKDENİZ
2056,2013-11-06,Bayan,Ankara,Bakım,Kasım,SONBAHAR,İÇ ANADOLU
2057,2013-11-06,Bayan,İstanbul,Ağrılar,Kasım,SONBAHAR,MARMARA
2058,2013-11-06,Erkek,Ankara,Zayıflama,Kasım,SONBAHAR,İÇ ANADOLU
2059,2013-11-06,Erkek,Denizli,Zayıflama,Kasım,SONBAHAR,EGE
2060,2013-11-06,Bayan,İstanbul,Zayıflama,Kasım,SONBAHAR,MARMARA
2061,2013-11-07,Erkek,Antalya,Cinsel,Kasım,SONBAHAR,AKDENİZ
2062,2013-11-07,Bayan,Manisa,Zayıflama,Kasım,SONBAHAR,EGE
2063,2013-11-07,Erkek,İstanbul,Zayıflama,Kasım,SONBAHAR,MARMARA
2064,2013-11-07,Erkek,Yalova,Zayıflama,Kasım,SONBAHAR,MARMARA
2065,2013-11-07,Bayan,İstanbul,Zayıflama,Kasım,SONBAHAR,MARMARA
2066,2013-11-07,Erkek,İstanbul,Zayıflama,Kasım,SONBAHAR,MARMARA
2067,2013-11-07,Bayan,Düzce,Zayıflama,Kasım,SONBAHAR,KARADENİZ
2068,2013-11-07,Erkek,Mersin,Zayıflama,Kasım,SONBAHAR,AKDENİZ
2069,2013-11-07,Bayan,İstanbul,Zayıflama,Kasım,SONBAHAR,MARMARA
2070,2013-11-07,Erkek,Kırıkkale,Zayıflama,Kasım,SONBAHAR,İÇ ANADOLU
2071,2013-11-07,Erkek,İstanbul,Zayıflama,Kasım,SONBAHAR,MARMARA
2072,2013-11-07,Erkek,Çorum,Cinsel,Kasım,SONBAHAR,KARADENİZ
2073,2013-11-08,Erkek,İstanbul,Cinsel,Kasım,SONBAHAR,MARMARA
2074,2013-11-08,Erkek,Kırıkkale,Cinsel,Kasım,SONBAHAR,İÇ ANADOLU
2075,2013-11-08,Erkek,Yozgat,Cinsel,Kasım,SONBAHAR,İÇ ANADOLU
2076,2013-11-08,Erkek,Bitlis,Zayıflama,Kasım,SONBAHAR,DOĞU ANADOLU
2077,2013-11-08,Erkek,Artvin,Zayıflama,Kasım,SONBAHAR,KARADENİZ
2078,2013-11-08,Bayan,İstanbul,Zayıflama,Kasım,SONBAHAR,MARMARA
2079,2013-11-08,Bayan,Gaziantep,Zayıflama,Kasım,SONBAHAR,GÜNEYDOĞU
2080,2013-11-08,Erkek,İstanbul,Zayıflama,Kasım,SONBAHAR,MARMARA
2081,2013-11-08,Bayan,Amasya,Zayıflama,Kasım,SONBAHAR,KARADENİZ
2082,2013-11-08,Erkek,Ankara,Bakım,Kasım,SONBAHAR,İÇ ANADOLU
2083,2013-11-08,Bayan,Ankara,Zayıflama,Kasım,SONBAHAR,İÇ ANADOLU
2084,2013-11-08,Erkek,Ankara,Zayıflama,Kasım,SONBAHAR,İÇ ANADOLU
2085,2013-11-08,Bayan,Aydın,Zayıflama,Kasım,SONBAHAR,EGE
2086,2013-11-08,Erkek,Zonguldak,Zayıflama,Kasım,SONBAHAR,KARADENİZ
2087,2013-11-08,Bayan,İstanbul,Sağlık,Kasım,SONBAHAR,MARMARA
2088,2013-11-08,Bayan,Rize,Zayıflama,Kasım,SONBAHAR,KARADENİZ
2089,2013-11-09,Bayan,Bursa,Zayıflama,Kasım,SONBAHAR,MARMARA
2090,2013-11-09,Erkek,Hatay,Zayıflama,Kasım,SONBAHAR,AKDENİZ
2091,2013-11-11,Erkek,Uşak,Zayıflama,Kasım,SONBAHAR,EGE
2092,2013-11-11,Erkek,Trabzon,Zayıflama,Kasım,SONBAHAR,KARADENİZ
2093,2013-11-11,Erkek,Çanakkale,Zayıflama,Kasım,SONBAHAR,MARMARA
2094,2013-11-11,Bayan,Antalya,Zayıflama,Kasım,SONBAHAR,AKDENİZ
2095,2013-11-11,Bayan,İstanbul,Zayıflama,Kasım,SONBAHAR,MARMARA
2096,2013-11-11,Erkek,Ankara,Zayıflama,Kasım,SONBAHAR,İÇ ANADOLU
2097,2013-11-11,Bayan,Tekirdağ,Bakım,Kasım,SONBAHAR,MARMARA
2098,2013-11-12,Erkek,Adıyaman,Zayıflama,Kasım,SONBAHAR,GÜNEYDOĞU
2099,2013-11-12,Erkek,Ankara,Bakım,Kasım,SONBAHAR,İÇ ANADOLU
2100,2013-11-12,Bayan,Ankara,Zayıflama,Kasım,SONBAHAR,İÇ ANADOLU
2101,2013-11-12,Erkek,Denizli,Bakım,Kasım,SONBAHAR,EGE
2102,2013-11-12,Erkek,İstanbul,Zayıflama,Kasım,SONBAHAR,MARMARA
2103,2013-11-12,Bayan,Konya,Zayıflama,Kasım,SONBAHAR,İÇ ANADOLU
2104,2013-11-12,Bayan,Muğla,Zayıflama,Kasım,SONBAHAR,EGE
2105,2013-11-12,Bayan,İstanbul,Bakım,Kasım,SONBAHAR,MARMARA
2106,2013-11-12,Bayan,Gaziantep,Zayıflama,Kasım,SONBAHAR,GÜNEYDOĞU
2107,2013-11-12,Bayan,İstanbul,Zayıflama,Kasım,SONBAHAR,MARMARA
2108,2013-11-12,Erkek,Ankara,Zayıflama,Kasım,SONBAHAR,İÇ ANADOLU
2109,2013-11-12,Erkek,Kırıkkale,Zayıflama,Kasım,SONBAHAR,İÇ ANADOLU
2110,2013-11-12,Bayan,Ankara,Zayıflama,Kasım,SONBAHAR,İÇ ANADOLU
2111,2013-11-12,Erkek,Muğla,Cinsel,Kasım,SONBAHAR,EGE
2112,2013-11-12,Erkek,Batman,Bakım,Kasım,SONBAHAR,GÜNEYDOĞU
2113,2013-11-13,Erkek,Giresun,Zayıflama,Kasım,SONBAHAR,KARADENİZ
2114,2013-11-13,Bayan,İstanbul,Zayıflama,Kasım,SONBAHAR,MARMARA
2115,2013-11-13,Bayan,İstanbul,Zayıflama,Kasım,SONBAHAR,MARMARA
2116,2013-11-13,Bayan,İstanbul,Zayıflama,Kasım,SONBAHAR,MARMARA
2117,2013-11-13,Erkek,İstanbul,Bakım,Kasım,SONBAHAR,MARMARA
2118,2013-11-13,Bayan,Hatay,Zayıflama,Kasım,SONBAHAR,AKDENİZ
2119,2013-11-13,Bayan,Konya,Zayıflama,Kasım,SONBAHAR,İÇ ANADOLU
2120,2013-11-13,Bayan,İstanbul,Zayıflama,Kasım,SONBAHAR,MARMARA
2121,2013-11-13,Erkek,Aksaray,Zayıflama,Kasım,SONBAHAR,İÇ ANADOLU
2122,2013-11-13,Bayan,İstanbul,Zayıflama,Kasım,SONBAHAR,MARMARA
2123,2013-11-13,Bayan,Muğla,Zayıflama,Kasım,SONBAHAR,EGE
2124,2013-11-13,Bayan,Samsun,Zayıflama,Kasım,SONBAHAR,KARADENİZ
2125,2013-11-13,Bayan,İstanbul,Zayıflama,Kasım,SONBAHAR,MARMARA
2126,2013-11-14,Erkek,Zonguldak,Sağlık,Kasım,SONBAHAR,KARADENİZ
2127,2013-11-14,Bayan,İstanbul,Zayıflama,Kasım,SONBAHAR,MARMARA
2128,2013-11-14,Bayan,Kocaeli,Zayıflama,Kasım,SONBAHAR,MARMARA
2129,2013-11-14,Bayan,İstanbul,Zayıflama,Kasım,SONBAHAR,MARMARA
2130,2013-11-14,Bayan,Muğla,Zayıflama,Kasım,SONBAHAR,EGE
2131,2012-07-19,Erkek,Tokat,Cinsel,Temmuz,YAZ,KARADENİZ
2132,2012-07-19,Erkek,Van,Saç,Temmuz,YAZ,DOĞU ANADOLU
2133,2012-07-19,Erkek,Eskişehir,Güzellik,Temmuz,YAZ,İÇ ANADOLU
2134,2012-07-19,Erkek,İstanbul,Zayıflama,Temmuz,YAZ,MARMARA
2135,2012-07-19,Bayan,İstanbul,Sağlık,Temmuz,YAZ,MARMARA
2136,2012-07-19,Bayan,Antalya,Zayıflama,Temmuz,YAZ,AKDENİZ
2137,2012-07-19,Erkek,Aydın,Zayıflama,Temmuz,YAZ,EGE
2138,2012-07-19,Erkek,İzmir,Güzellik,Temmuz,YAZ,EGE
2139,2012-07-19,Bayan,Ankara,Zayıflama,Temmuz,YAZ,İÇ ANADOLU
2140,2012-07-19,Erkek,Kocaeli,Cinsel,Temmuz,YAZ,MARMARA
2141,2012-07-19,Bayan,İzmir,Bakım,Temmuz,YAZ,EGE
2142,2012-07-19,Erkek,İstanbul,Cinsel,Temmuz,YAZ,MARMARA
2143,2012-07-19,Erkek,Ankara,Bakım,Temmuz,YAZ,İÇ ANADOLU
2144,2012-07-19,Bayan,Kütahya,Bakım,Temmuz,YAZ,EGE
2145,2012-07-20,Bayan,İzmir,Zayıflama,Temmuz,YAZ,EGE
2146,2012-07-20,Erkek,İstanbul,Zayıflama,Temmuz,YAZ,MARMARA
2147,2012-07-20,Erkek,İstanbul,Bakım,Temmuz,YAZ,MARMARA
2148,2012-07-20,Erkek,İzmir,Cinsel,Temmuz,YAZ,EGE
2149,2012-07-20,Bayan,İstanbul,Ağrılar,Temmuz,YAZ,MARMARA
2150,2012-07-20,Erkek,Mersin,Cinsel,Temmuz,YAZ,AKDENİZ
2151,2012-07-20,Bayan,Aydın,Zayıflama,Temmuz,YAZ,EGE
2152,2012-07-20,Bayan,Antalya,Sağlık,Temmuz,YAZ,AKDENİZ
2153,2012-07-20,Erkek,Muğla,Cinsel,Temmuz,YAZ,EGE
2154,2012-07-20,Bayan,Mersin,Güzellik,Temmuz,YAZ,AKDENİZ
2155,2012-07-20,Bayan,İstanbul,Zayıflama,Temmuz,YAZ,MARMARA
2156,2012-07-20,Bayan,Kocaeli,Bakım,Temmuz,YAZ,MARMARA
2157,2012-07-20,Bayan,İstanbul,Zayıflama,Temmuz,YAZ,MARMARA
2158,2012-07-20,Erkek,İzmir,Zayıflama,Temmuz,YAZ,EGE
2159,2012-07-20,Erkek,İstanbul,Cinsel,Temmuz,YAZ,MARMARA
2160,2012-07-20,Erkek,İstanbul,Bakım,Temmuz,YAZ,MARMARA
2161,2012-07-20,Erkek,Muğla,Zayıflama,Temmuz,YAZ,EGE
2162,2012-07-20,Erkek,İstanbul,Güzellik,Temmuz,YAZ,MARMARA
2163,2012-07-20,Erkek,İstanbul,Zayıflama,Temmuz,YAZ,MARMARA
2164,2012-07-20,Erkek,İstanbul,Cinsel,Temmuz,YAZ,MARMARA
2165,2012-07-20,Erkek,Muş,Zayıflama,Temmuz,YAZ,DOĞU ANADOLU
2166,2012-07-21,Bayan,İzmir,Cinsel,Temmuz,YAZ,EGE
2167,2012-07-21,Erkek,Bursa,Ağrılar,Temmuz,YAZ,MARMARA
2168,2012-07-21,Bayan,Ankara,Saç,Temmuz,YAZ,İÇ ANADOLU
2169,2012-07-21,Erkek,Antalya,Bakım,Temmuz,YAZ,AKDENİZ
2170,2012-07-21,Erkek,İstanbul,Bakım,Temmuz,YAZ,MARMARA
2171,2012-07-21,Bayan,İstanbul,Zayıflama,Temmuz,YAZ,MARMARA
2172,2012-07-21,Erkek,Konya,Ağrılar,Temmuz,YAZ,İÇ ANADOLU
2173,2012-07-21,Erkek,İzmir,Cinsel,Temmuz,YAZ,EGE
2174,2012-07-21,Bayan,Tekirdağ,Zayıflama,Temmuz,YAZ,MARMARA
2175,2012-07-21,Bayan,İzmir,Zayıflama,Temmuz,YAZ,EGE
2176,2012-07-21,Bayan,İstanbul,Zayıflama,Temmuz,YAZ,MARMARA
2177,2012-07-21,Erkek,Samsun,Cinsel,Temmuz,YAZ,KARADENİZ
2178,2012-07-23,Erkek,Gümüşhane,Cinsel,Temmuz,YAZ,KARADENİZ
2179,2012-07-23,Erkek,Manisa,Sağlık,Temmuz,YAZ,EGE
2180,2012-07-23,Bayan,Ankara,Zayıflama,Temmuz,YAZ,İÇ ANADOLU
2181,2012-07-23,Bayan,Mersin,Bakım,Temmuz,YAZ,AKDENİZ
2182,2012-07-23,Erkek,Hatay,Zayıflama,Temmuz,YAZ,AKDENİZ
2183,2012-07-23,Bayan,Tokat,Bakım,Temmuz,YAZ,KARADENİZ
2184,2012-07-23,Bayan,Van,Zayıflama,Temmuz,YAZ,DOĞU ANADOLU
2185,2012-07-23,Erkek,İstanbul,Bakım,Temmuz,YAZ,MARMARA
2186,2012-07-23,Bayan,Manisa,Bakım,Temmuz,YAZ,EGE
2187,2012-07-23,Bayan,İstanbul,Zayıflama,Temmuz,YAZ,MARMARA
2188,2012-07-23,Erkek,İstanbul,Bakım,Temmuz,YAZ,MARMARA
2189,2012-07-23,Erkek,Kahramanmaraş,Bakım,Temmuz,YAZ,AKDENİZ
2190,2012-07-23,Bayan,Bursa,Güzellik,Temmuz,YAZ,MARMARA
2191,2012-07-23,Bayan,İstanbul,Zayıflama,Temmuz,YAZ,MARMARA
2192,2012-07-23,Erkek,Tekirdağ,Zayıflama,Temmuz,YAZ,MARMARA
2193,2012-07-23,Bayan,Yalova,Bakım,Temmuz,YAZ,MARMARA
2194,2012-07-23,Erkek,Çanakkale,Zayıflama,Temmuz,YAZ,MARMARA
2195,2012-07-23,Erkek,İstanbul,Güzellik,Temmuz,YAZ,MARMARA
2196,2012-07-23,Bayan,İzmir,Bakım,Temmuz,YAZ,EGE
2197,2012-07-23,Erkek,İzmir,Sağlık,Temmuz,YAZ,EGE
2198,2012-07-23,Erkek,Konya,Bakım,Temmuz,YAZ,İÇ ANADOLU
2199,2012-07-23,Bayan,İstanbul,Zayıflama,Temmuz,YAZ,MARMARA
2200,2012-07-23,Erkek,Ankara,Bakım,Temmuz,YAZ,İÇ ANADOLU
2201,2012-07-23,Erkek,İstanbul,Zayıflama,Temmuz,YAZ,MARMARA
2202,2012-07-23,Bayan,Antalya,Zayıflama,Temmuz,YAZ,AKDENİZ
2203,2012-07-23,Erkek,Ankara,Zayıflama,Temmuz,YAZ,İÇ ANADOLU
2204,2012-07-24,Erkek,Kayseri,Güzellik,Temmuz,YAZ,İÇ ANADOLU
2205,2012-07-24,Erkek,İstanbul,Güzellik,Temmuz,YAZ,MARMARA
2206,2012-07-24,Erkek,Manisa,Bakım,Temmuz,YAZ,EGE
2207,2012-07-24,Erkek,Manisa,Bakım,Temmuz,YAZ,EGE
2208,2012-07-24,Bayan,Balıkesir,Bakım,Temmuz,YAZ,MARMARA
2209,2012-07-24,Erkek,Muğla,Bakım,Temmuz,YAZ,EGE
2210,2012-07-24,Bayan,Antalya,Zayıflama,Temmuz,YAZ,AKDENİZ
2211,2012-07-24,Erkek,Kahramanmaraş,Saç,Temmuz,YAZ,AKDENİZ
2212,2012-07-24,Erkek,Denizli,Zayıflama,Temmuz,YAZ,EGE
2213,2012-07-24,Bayan,İstanbul,Saç,Temmuz,YAZ,MARMARA
2214,2012-07-24,Erkek,Bursa,Ağrılar,Temmuz,YAZ,MARMARA
2215,2012-07-24,Bayan,İstanbul,Bakım,Temmuz,YAZ,MARMARA
2216,2012-07-24,Bayan,İstanbul,Bakım,Temmuz,YAZ,MARMARA
2217,2012-07-24,Erkek,İzmir,DİĞER,Temmuz,YAZ,EGE
2218,2012-07-24,Erkek,Eskişehir,Bakım,Temmuz,YAZ,İÇ ANADOLU
2219,2012-07-24,Bayan,Hatay,DİĞER,Temmuz,YAZ,AKDENİZ
2220,2012-07-24,Bayan,Ankara,Bakım,Temmuz,YAZ,İÇ ANADOLU
2221,2012-07-25,Bayan,Bursa,Bakım,Temmuz,YAZ,MARMARA
2222,2012-07-25,Bayan,Adana,Bakım,Temmuz,YAZ,AKDENİZ
2223,2012-07-25,Bayan,Adıyaman,Bakım,Temmuz,YAZ,GÜNEYDOĞU
2224,2012-07-25,Bayan,Aydın,Zayıflama,Temmuz,YAZ,EGE
2225,2012-07-25,Bayan,Aydın,Bakım,Temmuz,YAZ,EGE
2226,2012-07-25,Erkek,Şanlıurfa,DİĞER,Temmuz,YAZ,GÜNEYDOĞU
2227,2012-07-25,Erkek,Konya,Ağrılar,Temmuz,YAZ,İÇ ANADOLU
2228,2012-07-25,Bayan,İstanbul,Bakım,Temmuz,YAZ,MARMARA
2229,2012-07-25,Erkek,İstanbul,Cinsel,Temmuz,YAZ,MARMARA
2230,2012-07-25,Erkek,İstanbul,Bakım,Temmuz,YAZ,MARMARA
2231,2012-07-25,Erkek,Ankara,Bakım,Temmuz,YAZ,İÇ ANADOLU
2232,2012-07-25,Erkek,Samsun,Cinsel,Temmuz,YAZ,KARADENİZ
2233,2012-07-25,Erkek,İstanbul,Cinsel,Temmuz,YAZ,MARMARA
2234,2012-07-25,Bayan,İstanbul,Güzellik,Temmuz,YAZ,MARMARA
2235,2012-07-25,Erkek,Tekirdağ,Güzellik,Temmuz,YAZ,MARMARA
2236,2012-07-25,Erkek,Antalya,Zayıflama,Temmuz,YAZ,AKDENİZ
2237,2012-07-26,Bayan,Ankara,Bakım,Temmuz,YAZ,İÇ ANADOLU
2238,2012-07-26,Erkek,İzmir,Zayıflama,Temmuz,YAZ,EGE
2239,2012-07-26,Erkek,Hatay,Bakım,Temmuz,YAZ,AKDENİZ
2240,2012-07-26,Erkek,Tokat,Bakım,Temmuz,YAZ,KARADENİZ
2241,2012-07-26,Bayan,İstanbul,Sağlık,Temmuz,YAZ,MARMARA
2242,2012-07-26,Erkek,İstanbul,Cinsel,Temmuz,YAZ,MARMARA
2243,2012-07-26,Erkek,Zonguldak,Güzellik,Temmuz,YAZ,KARADENİZ
2244,2012-07-26,Erkek,İstanbul,Bakım,Temmuz,YAZ,MARMARA
2245,2012-07-26,Bayan,İstanbul,Zayıflama,Temmuz,YAZ,MARMARA
2246,2012-07-26,Erkek,Ankara,Bakım,Temmuz,YAZ,İÇ ANADOLU
2247,2012-07-26,Erkek,Ankara,Zayıflama,Temmuz,YAZ,İÇ ANADOLU
2248,2012-07-26,Erkek,Hatay,Bakım,Temmuz,YAZ,AKDENİZ
2249,2012-07-26,Bayan,Bursa,Bakım,Temmuz,YAZ,MARMARA
2250,2012-07-26,Erkek,İstanbul,Güzellik,Temmuz,YAZ,MARMARA
2251,2012-07-26,Erkek,Ankara,Bakım,Temmuz,YAZ,İÇ ANADOLU
2252,2012-07-26,Erkek,Bursa,Güzellik,Temmuz,YAZ,MARMARA
2253,2012-07-26,Bayan,Kocaeli,Bakım,Temmuz,YAZ,MARMARA
2254,2012-07-26,Erkek,Muğla,Cinsel,Temmuz,YAZ,EGE
2255,2012-07-26,Erkek,İstanbul,Cinsel,Temmuz,YAZ,MARMARA
2256,2012-07-27,Erkek,Zonguldak,Sağlık,Temmuz,YAZ,KARADENİZ
2257,2012-07-27,Bayan,İstanbul,Zayıflama,Temmuz,YAZ,MARMARA
2258,2012-07-27,Bayan,İstanbul,Zayıflama,Temmuz,YAZ,MARMARA
2259,2012-07-27,Bayan,Eskişehir,Cinsel,Temmuz,YAZ,İÇ ANADOLU
2260,2012-07-27,Erkek,Tekirdağ,Cinsel,Temmuz,YAZ,MARMARA
2261,2012-07-27,Erkek,Siirt,Cinsel,Temmuz,YAZ,GÜNEYDOĞU
2262,2012-07-27,Erkek,İçel,Ağrılar,Temmuz,YAZ,AKDENİZ
2263,2012-07-27,Erkek,Edirne,Bakım,Temmuz,YAZ,MARMARA
2264,2012-07-27,Bayan,Bursa,Bakım,Temmuz,YAZ,MARMARA
2265,2012-07-27,Bayan,Trabzon,Ağrılar,Temmuz,YAZ,KARADENİZ
2266,2012-07-27,Erkek,İstanbul,Bakım,Temmuz,YAZ,MARMARA
2267,2012-07-27,Erkek,Muğla,Bakım,Temmuz,YAZ,EGE
2268,2012-07-27,Bayan,İstanbul,DİĞER,Temmuz,YAZ,MARMARA
2269,2012-07-27,Erkek,İstanbul,Sağlık,Temmuz,YAZ,MARMARA
2270,2012-07-27,Erkek,İstanbul,DİĞER,Temmuz,YAZ,MARMARA
2271,2012-07-27,Erkek,Yozgat,Cinsel,Temmuz,YAZ,İÇ ANADOLU
2272,2012-07-27,Erkek,Malatya,Cinsel,Temmuz,YAZ,DOĞU ANADOLU
2273,2012-07-27,Erkek,İzmir,DİĞER,Temmuz,YAZ,EGE
2274,2012-07-27,Erkek,İstanbul,DİĞER,Temmuz,YAZ,MARMARA
2275,2012-07-27,Erkek,Aydın,Zayıflama,Temmuz,YAZ,EGE
2276,2012-07-28,Erkek,Adana,Cinsel,Temmuz,YAZ,AKDENİZ
2277,2012-07-28,Bayan,Aydın,Zayıflama,Temmuz,YAZ,EGE
2278,2012-07-28,Erkek,İzmir,Cinsel,Temmuz,YAZ,EGE
2279,2012-07-28,Erkek,Bursa,Cinsel,Temmuz,YAZ,MARMARA
2280,2012-07-28,Bayan,İstanbul,DİĞER,Temmuz,YAZ,MARMARA
2281,2012-07-28,Bayan,Balıkesir,DİĞER,Temmuz,YAZ,MARMARA
2282,2012-07-30,Erkek,Diyarbakır,DİĞER,Temmuz,YAZ,GÜNEYDOĞU
2283,2012-07-30,Bayan,Tekirdağ,Bakım,Temmuz,YAZ,MARMARA
2284,2012-07-30,Bayan,Bursa,DİĞER,Temmuz,YAZ,MARMARA
2285,2012-07-30,Erkek,Mersin,DİĞER,Temmuz,YAZ,AKDENİZ
2286,2012-07-30,Bayan,İstanbul,Bakım,Temmuz,YAZ,MARMARA
2287,2012-07-30,Erkek,İzmir,Bakım,Temmuz,YAZ,EGE
2288,2012-07-30,Erkek,İstanbul,Bakım,Temmuz,YAZ,MARMARA
2289,2012-07-30,Erkek,İstanbul,DİĞER,Temmuz,YAZ,MARMARA
2290,2012-07-30,Bayan,İstanbul,Ağrılar,Temmuz,YAZ,MARMARA
2291,2012-07-30,Bayan,Hatay,Ağrılar,Temmuz,YAZ,AKDENİZ
2292,2012-07-30,Erkek,Muğla,Cinsel,Temmuz,YAZ,EGE
2293,2012-07-30,Erkek,Kırşehir,Cinsel,Temmuz,YAZ,İÇ ANADOLU
2294,2012-07-31,Erkek,İstanbul,Cinsel,Temmuz,YAZ,MARMARA
2295,2012-07-31,Erkek,İzmir,Bakım,Temmuz,YAZ,EGE
2296,2012-07-31,Erkek,Bursa,Cinsel,Temmuz,YAZ,MARMARA
2297,2012-07-31,Bayan,Ankara,Bakım,Temmuz,YAZ,İÇ ANADOLU
2298,2012-07-31,Erkek,İstanbul,Ağrılar,Temmuz,YAZ,MARMARA
2299,2012-07-31,Erkek,Hatay,Saç,Temmuz,YAZ,AKDENİZ
2300,2012-08-01,Erkek,Ankara,Ağrılar,Ağustos,YAZ,İÇ ANADOLU
2301,2012-08-01,Erkek,Ankara,Ağrılar,Ağustos,YAZ,İÇ ANADOLU
2302,2012-08-01,Erkek,Bursa,Cinsel,Ağustos,YAZ,MARMARA
2303,2012-08-01,Erkek,Elazığ,Cinsel,Ağustos,YAZ,DOĞU ANADOLU
2304,2012-08-01,Bayan,Balıkesir,Zayıflama,Ağustos,YAZ,MARMARA
2305,2012-08-01,Bayan,Balıkesir,DİĞER,Ağustos,YAZ,MARMARA
2306,2012-08-02,Bayan,İstanbul,Zayıflama,Ağustos,YAZ,MARMARA
2307,2012-08-02,Erkek,Kocaeli,DİĞER,Ağustos,YAZ,MARMARA
2308,2012-08-02,Erkek,Kütahya,Cinsel,Ağustos,YAZ,EGE
2309,2012-08-02,Bayan,Balıkesir,Bakım,Ağustos,YAZ,MARMARA
2310,2012-08-02,Erkek,Gaziantep,DİĞER,Ağustos,YAZ,GÜNEYDOĞU
2311,2012-08-02,Bayan,Bursa,Bakım,Ağustos,YAZ,MARMARA
2312,2012-08-02,Bayan,Adana,Bakım,Ağustos,YAZ,AKDENİZ
2313,2012-08-02,Erkek,İstanbul,Zayıflama,Ağustos,YAZ,MARMARA
2314,2012-08-02,Erkek,Erzurum,Bakım,Ağustos,YAZ,DOĞU ANADOLU
2315,2012-08-02,Bayan,Burdur,DİĞER,Ağustos,YAZ,AKDENİZ
2316,2012-08-02,Bayan,Samsun,Bakım,Ağustos,YAZ,KARADENİZ
2317,2012-08-02,Erkek,Gaziantep,DİĞER,Ağustos,YAZ,GÜNEYDOĞU
2318,2012-08-02,Erkek,Adana,Cinsel,Ağustos,YAZ,AKDENİZ
2319,2012-08-02,Erkek,Karaman,Cinsel,Ağustos,YAZ,İÇ ANADOLU
2320,2012-08-02,Bayan,İstanbul,Zayıflama,Ağustos,YAZ,MARMARA
2321,2012-08-03,Erkek,İzmir,Cinsel,Ağustos,YAZ,EGE
2322,2012-08-03,Erkek,Kütahya,Güzellik,Ağustos,YAZ,EGE
2323,2012-08-03,Bayan,Kayseri,Bakım,Ağustos,YAZ,İÇ ANADOLU
2324,2012-08-04,Bayan,Adana,Zayıflama,Ağustos,YAZ,AKDENİZ
2325,2012-08-06,Erkek,Diyarbakır,DİĞER,Ağustos,YAZ,GÜNEYDOĞU
2326,2012-08-06,Erkek,Kocaeli,Cinsel,Ağustos,YAZ,MARMARA
2327,2012-08-06,Erkek,Diyarbakır,Cinsel,Ağustos,YAZ,GÜNEYDOĞU
2328,2012-08-06,Erkek,İstanbul,Cinsel,Ağustos,YAZ,MARMARA
2329,2012-08-06,Erkek,Aydın,Zayıflama,Ağustos,YAZ,EGE
2330,2012-08-07,Erkek,Manisa,DİĞER,Ağustos,YAZ,EGE
2331,2012-08-07,Erkek,Muş,DİĞER,Ağustos,YAZ,DOĞU ANADOLU
2332,2012-08-07,Bayan,Konya,DİĞER,Ağustos,YAZ,İÇ ANADOLU
2333,2012-08-07,Erkek,Malatya,DİĞER,Ağustos,YAZ,DOĞU ANADOLU
2334,2012-08-07,Erkek,Adıyaman,Cinsel,Ağustos,YAZ,GÜNEYDOĞU
2335,2012-08-07,Erkek,Ankara,DİĞER,Ağustos,YAZ,İÇ ANADOLU
2336,2012-08-07,Bayan,İstanbul,Zayıflama,Ağustos,YAZ,MARMARA
2337,2012-08-07,Bayan,Ankara,Bakım,Ağustos,YAZ,İÇ ANADOLU
2338,2012-08-07,Bayan,İstanbul,Zayıflama,Ağustos,YAZ,MARMARA
2339,2012-08-07,Bayan,İzmir,Bakım,Ağustos,YAZ,EGE
2340,2012-08-07,Erkek,Aydın,Zayıflama,Ağustos,YAZ,EGE
2341,2012-08-07,Erkek,İstanbul,Ağrılar,Ağustos,YAZ,MARMARA
2342,2012-08-07,Erkek,Hatay,Zayıflama,Ağustos,YAZ,AKDENİZ
2343,2012-08-07,Bayan,İstanbul,Zayıflama,Ağustos,YAZ,MARMARA
2344,2012-08-07,Bayan,İstanbul,DİĞER,Ağustos,YAZ,MARMARA
2345,2012-08-07,Erkek,İstanbul,Cinsel,Ağustos,YAZ,MARMARA
2346,2012-08-07,Bayan,İstanbul,DİĞER,Ağustos,YAZ,MARMARA
2347,2012-08-07,Erkek,Diyarbakır,DİĞER,Ağustos,YAZ,GÜNEYDOĞU
2348,2012-08-07,Erkek,İstanbul,Bakım,Ağustos,YAZ,MARMARA
2349,2012-08-07,Bayan,Manisa,Ağrılar,Ağustos,YAZ,EGE
2350,2012-08-07,Erkek,İstanbul,Cinsel,Ağustos,YAZ,MARMARA
2351,2012-08-07,Bayan,Kahramanmaraş,Güzellik,Ağustos,YAZ,AKDENİZ
2352,2012-08-08,Erkek,İstanbul,Sağlık,Ağustos,YAZ,MARMARA
2353,2012-08-08,Bayan,Mersin,DİĞER,Ağustos,YAZ,AKDENİZ
2354,2012-08-08,Erkek,İzmir,Zayıflama,Ağustos,YAZ,EGE
2355,2012-08-08,Bayan,Trabzon,DİĞER,Ağustos,YAZ,KARADENİZ
2356,2012-08-08,Bayan,Kırıkkale,Ağrılar,Ağustos,YAZ,İÇ ANADOLU
2357,2012-08-08,Erkek,İstanbul,Cinsel,Ağustos,YAZ,MARMARA
2358,2012-08-08,Erkek,İstanbul,DİĞER,Ağustos,YAZ,MARMARA
2359,2012-08-08,Erkek,Ankara,Zayıflama,Ağustos,YAZ,İÇ ANADOLU
2360,2012-08-08,Bayan,İstanbul,DİĞER,Ağustos,YAZ,MARMARA
2361,2012-08-08,Erkek,İstanbul,Bakım,Ağustos,YAZ,MARMARA
2362,2012-08-08,Bayan,İstanbul,Zayıflama,Ağustos,YAZ,MARMARA
2363,2012-08-08,Bayan,Antalya,DİĞER,Ağustos,YAZ,AKDENİZ
2364,2012-08-08,Erkek,Düzce,Ağrılar,Ağustos,YAZ,KARADENİZ
2365,2012-08-08,Erkek,Ankara,Saç,Ağustos,YAZ,İÇ ANADOLU
2366,2012-08-08,Erkek,İstanbul,Cinsel,Ağustos,YAZ,MARMARA
2367,2012-08-08,Erkek,Van,Bakım,Ağustos,YAZ,DOĞU ANADOLU
2368,2012-08-08,Erkek,Bolu,Bakım,Ağustos,YAZ,KARADENİZ
2369,2012-08-08,Bayan,Kahramanmaraş,DİĞER,Ağustos,YAZ,AKDENİZ
2370,2012-08-08,Erkek,Ankara,Bakım,Ağustos,YAZ,İÇ ANADOLU
2371,2012-08-09,Erkek,Erzurum,Ağrılar,Ağustos,YAZ,DOĞU ANADOLU
2372,2012-08-09,Erkek,İstanbul,Cinsel,Ağustos,YAZ,MARMARA
2373,2012-08-09,Erkek,Mersin,Cinsel,Ağustos,YAZ,AKDENİZ
2374,2012-08-09,Bayan,İzmir,Güzellik,Ağustos,YAZ,EGE
2375,2012-08-09,Erkek,Amasya,Cinsel,Ağustos,YAZ,KARADENİZ
2376,2012-08-09,Bayan,İzmir,DİĞER,Ağustos,YAZ,EGE
2377,2012-08-09,Erkek,İstanbul,Cinsel,Ağustos,YAZ,MARMARA
2378,2012-08-09,Erkek,Isparta,Zayıflama,Ağustos,YAZ,AKDENİZ
2379,2012-08-09,Erkek,Ankara,Cinsel,Ağustos,YAZ,İÇ ANADOLU
2380,2012-08-09,Bayan,Samsun,Bakım,Ağustos,YAZ,KARADENİZ
2381,2012-08-09,Erkek,Giresun,DİĞER,Ağustos,YAZ,KARADENİZ
2382,2012-08-09,Bayan,Kocaeli,Cinsel,Ağustos,YAZ,MARMARA
2383,2012-08-09,Erkek,Denizli,Cinsel,Ağustos,YAZ,EGE
2384,2012-08-09,Bayan,İstanbul,Zayıflama,Ağustos,YAZ,MARMARA
2385,2012-08-09,Erkek,Denizli,Cinsel,Ağustos,YAZ,EGE
2386,2012-08-09,Bayan,İstanbul,Bakım,Ağustos,YAZ,MARMARA
2387,2012-08-09,Bayan,İstanbul,Bakım,Ağustos,YAZ,MARMARA
2388,2012-08-09,Erkek,Tekirdağ,Zayıflama,Ağustos,YAZ,MARMARA
2389,2012-08-09,Erkek,İstanbul,Cinsel,Ağustos,YAZ,MARMARA
2390,2012-08-09,Bayan,Bursa,Zayıflama,Ağustos,YAZ,MARMARA
2391,2012-08-09,Erkek,İzmir,Zayıflama,Ağustos,YAZ,EGE
2392,2012-08-09,Erkek,Antalya,Zayıflama,Ağustos,YAZ,AKDENİZ
2393,2012-08-10,Bayan,Batman,Saç,Ağustos,YAZ,GÜNEYDOĞU
2394,2012-08-10,Erkek,Samsun,Saç,Ağustos,YAZ,KARADENİZ
2395,2012-08-10,Bayan,İstanbul,Zayıflama,Ağustos,YAZ,MARMARA
2396,2012-08-10,Erkek,İstanbul,Cinsel,Ağustos,YAZ,MARMARA
2397,2012-08-10,Erkek,Zonguldak,Cinsel,Ağustos,YAZ,KARADENİZ
2398,2012-08-10,Erkek,İstanbul,Bakım,Ağustos,YAZ,MARMARA
2399,2012-08-10,Bayan,İstanbul,Zayıflama,Ağustos,YAZ,MARMARA
2400,2012-08-10,Erkek,İstanbul,Ağrılar,Ağustos,YAZ,MARMARA
2401,2012-08-10,Bayan,İstanbul,Zayıflama,Ağustos,YAZ,MARMARA
2402,2012-08-10,Erkek,İstanbul,Cinsel,Ağustos,YAZ,MARMARA
2403,2012-08-10,Erkek,İstanbul,Zayıflama,Ağustos,YAZ,MARMARA
2404,2012-08-10,Erkek,İstanbul,Bakım,Ağustos,YAZ,MARMARA
2405,2012-08-10,Bayan,İstanbul,Cinsel,Ağustos,YAZ,MARMARA
2406,2012-08-10,Erkek,İstanbul,DİĞER,Ağustos,YAZ,MARMARA
2407,2012-08-10,Erkek,Tekirdağ,Güzellik,Ağustos,YAZ,MARMARA
2408,2012-08-10,Bayan,Balıkesir,DİĞER,Ağustos,YAZ,MARMARA
2409,2012-08-10,Bayan,Aydın,Ağrılar,Ağustos,YAZ,EGE
2410,2012-08-10,Erkek,Denizli,Cinsel,Ağustos,YAZ,EGE
2411,2012-08-11,Erkek,Tekirdağ,Bakım,Ağustos,YAZ,MARMARA
2412,2012-08-11,Erkek,Siirt,Zayıflama,Ağustos,YAZ,GÜNEYDOĞU
2413,2012-08-11,Bayan,İstanbul,DİĞER,Ağustos,YAZ,MARMARA
2414,2012-08-11,Erkek,Zonguldak,Cinsel,Ağustos,YAZ,KARADENİZ
2415,2012-08-11,Erkek,Antalya,Zayıflama,Ağustos,YAZ,AKDENİZ
2416,2012-08-11,Bayan,Kahramanmaraş,Güzellik,Ağustos,YAZ,AKDENİZ
2417,2012-08-11,Erkek,İstanbul,Zayıflama,Ağustos,YAZ,MARMARA
2418,2012-08-11,Erkek,İzmir,Ağrılar,Ağustos,YAZ,EGE
2419,2012-08-11,Erkek,İstanbul,Bakım,Ağustos,YAZ,MARMARA
2420,2012-08-11,Erkek,Diyarbakır,Sağlık,Ağustos,YAZ,GÜNEYDOĞU
2421,2012-08-11,Erkek,İstanbul,Bakım,Ağustos,YAZ,MARMARA
2422,2012-08-11,Erkek,İstanbul,Cinsel,Ağustos,YAZ,MARMARA
2423,2012-08-11,Erkek,İzmir,DİĞER,Ağustos,YAZ,EGE
2424,2012-08-11,Bayan,Afyon,DİĞER,Ağustos,YAZ,EGE
2425,2012-08-13,Erkek,İstanbul,Zayıflama,Ağustos,YAZ,MARMARA
2426,2012-08-13,Erkek,İzmir,Zayıflama,Ağustos,YAZ,EGE
2427,2012-08-13,Erkek,Ankara,Cinsel,Ağustos,YAZ,İÇ ANADOLU
2428,2012-08-13,Erkek,Bursa,Cinsel,Ağustos,YAZ,MARMARA
2429,2012-08-13,Erkek,Kütahya,Cinsel,Ağustos,YAZ,EGE
2430,2012-08-13,Bayan,İstanbul,Bakım,Ağustos,YAZ,MARMARA
2431,2012-08-13,Erkek,Ankara,Cinsel,Ağustos,YAZ,İÇ ANADOLU
2432,2012-08-13,Erkek,Kütahya,Cinsel,Ağustos,YAZ,EGE
2433,2012-08-13,Bayan,Konya,Bakım,Ağustos,YAZ,İÇ ANADOLU
2434,2012-08-13,Bayan,Eskişehir,Bakım,Ağustos,YAZ,İÇ ANADOLU
2435,2012-08-13,Bayan,Ankara,Bakım,Ağustos,YAZ,İÇ ANADOLU
2436,2012-08-13,Bayan,İstanbul,Zayıflama,Ağustos,YAZ,MARMARA
2437,2012-08-13,Bayan,Balıkesir,Zayıflama,Ağustos,YAZ,MARMARA
2438,2012-08-13,Bayan,İstanbul,DİĞER,Ağustos,YAZ,MARMARA
2439,2012-08-13,Erkek,Bursa,DİĞER,Ağustos,YAZ,MARMARA
2440,2012-08-13,Erkek,Balıkesir,Cinsel,Ağustos,YAZ,MARMARA
2441,2012-08-13,Erkek,Afyon,Bakım,Ağustos,YAZ,EGE
2442,2012-08-13,Erkek,Samsun,Bakım,Ağustos,YAZ,KARADENİZ
2443,2012-08-13,Erkek,Elazığ,Saç,Ağustos,YAZ,DOĞU ANADOLU
2444,2012-08-13,Bayan,İzmir,Bakım,Ağustos,YAZ,EGE
2445,2012-08-13,Erkek,İstanbul,Cinsel,Ağustos,YAZ,MARMARA
2446,2012-08-13,Erkek,Çanakkale,Cinsel,Ağustos,YAZ,MARMARA
2447,2012-08-13,Erkek,Bursa,Bakım,Ağustos,YAZ,MARMARA
2448,2012-08-13,Erkek,Kütahya,Cinsel,Ağustos,YAZ,EGE
2449,2012-08-13,Erkek,Kahramanmaraş,Cinsel,Ağustos,YAZ,AKDENİZ
2450,2012-08-13,Bayan,Bursa,Bakım,Ağustos,YAZ,MARMARA
2451,2012-08-13,Bayan,İstanbul,Sağlık,Ağustos,YAZ,MARMARA
2452,2012-08-13,Erkek,Tokat,Bakım,Ağustos,YAZ,KARADENİZ
2453,2012-08-14,Erkek,İstanbul,Zayıflama,Ağustos,YAZ,MARMARA
2454,2012-08-14,Erkek,İzmir,Zayıflama,Ağustos,YAZ,EGE
2455,2012-08-14,Erkek,Ankara,Cinsel,Ağustos,YAZ,İÇ ANADOLU
2456,2012-08-14,Erkek,Bursa,Cinsel,Ağustos,YAZ,MARMARA
2457,2012-08-14,Erkek,Gaziantep,Zayıflama,Ağustos,YAZ,GÜNEYDOĞU
2458,2012-08-14,Bayan,İstanbul,Bakım,Ağustos,YAZ,MARMARA
2459,2012-08-14,Erkek,Manisa,Zayıflama,Ağustos,YAZ,EGE
2460,2012-08-14,Erkek,Van,Zayıflama,Ağustos,YAZ,DOĞU ANADOLU
2461,2012-08-14,Erkek,Adana,Cinsel,Ağustos,YAZ,AKDENİZ
2462,2012-08-14,Bayan,Antalya,Zayıflama,Ağustos,YAZ,AKDENİZ
2463,2012-08-14,Erkek,Adıyaman,Cinsel,Ağustos,YAZ,GÜNEYDOĞU
2464,2012-08-14,Erkek,İzmir,Bakım,Ağustos,YAZ,EGE
2465,2012-08-14,Bayan,Manisa,DİĞER,Ağustos,YAZ,EGE
2466,2012-08-14,Erkek,Ankara,Bakım,Ağustos,YAZ,İÇ ANADOLU
2467,2012-08-14,Erkek,İstanbul,Cinsel,Ağustos,YAZ,MARMARA
2468,2012-08-14,Erkek,İstanbul,Cinsel,Ağustos,YAZ,MARMARA
2469,2012-08-14,Erkek,Edirne,Cinsel,Ağustos,YAZ,MARMARA
2470,2012-08-15,Erkek,İzmir,DİĞER,Ağustos,YAZ,EGE
2471,2012-08-15,Erkek,Kocaeli,Cinsel,Ağustos,YAZ,MARMARA
2472,2012-08-15,Erkek,Aksaray,Cinsel,Ağustos,YAZ,İÇ ANADOLU
2473,2012-08-15,Bayan,Denizli,DİĞER,Ağustos,YAZ,EGE
2474,2012-08-15,Erkek,Manisa,Cinsel,Ağustos,YAZ,EGE
2475,2012-08-15,Bayan,İstanbul,Zayıflama,Ağustos,YAZ,MARMARA
2476,2012-08-15,Erkek,İstanbul,Cinsel,Ağustos,YAZ,MARMARA
2477,2012-08-15,Erkek,İstanbul,Cinsel,Ağustos,YAZ,MARMARA
2478,2012-08-15,Erkek,İstanbul,Bakım,Ağustos,YAZ,MARMARA
2479,2012-08-15,Erkek,Ankara,Sağlık,Ağustos,YAZ,İÇ ANADOLU
2480,2012-08-15,Bayan,İstanbul,Bakım,Ağustos,YAZ,MARMARA
2481,2012-08-15,Erkek,Aydın,Cinsel,Ağustos,YAZ,EGE
2482,2012-08-16,Erkek,Kocaeli,Cinsel,Ağustos,YAZ,MARMARA
2483,2012-08-16,Erkek,Muş,Bakım,Ağustos,YAZ,DOĞU ANADOLU
2484,2012-08-16,Erkek,Balıkesir,Cinsel,Ağustos,YAZ,MARMARA
2485,2012-08-16,Erkek,Niğde,Zayıflama,Ağustos,YAZ,İÇ ANADOLU
2486,2012-08-16,Bayan,Edirne,Bakım,Ağustos,YAZ,MARMARA
2487,2012-08-16,Bayan,Tokat,DİĞER,Ağustos,YAZ,KARADENİZ
2488,2012-08-16,Erkek,İstanbul,Cinsel,Ağustos,YAZ,MARMARA
2489,2012-08-16,Erkek,Elazığ,Cinsel,Ağustos,YAZ,DOĞU ANADOLU
2490,2012-08-16,Erkek,İstanbul,Cinsel,Ağustos,YAZ,MARMARA
2491,2012-08-16,Erkek,Konya,Cinsel,Ağustos,YAZ,İÇ ANADOLU
2492,2012-08-16,Erkek,Gaziantep,Cinsel,Ağustos,YAZ,GÜNEYDOĞU
2493,2012-08-16,Erkek,Trabzon,Bakım,Ağustos,YAZ,KARADENİZ
2494,2012-08-16,Erkek,Şanlıurfa,Cinsel,Ağustos,YAZ,GÜNEYDOĞU
2495,2012-08-17,Erkek,Kocaeli,DİĞER,Ağustos,YAZ,MARMARA
2496,2012-08-17,Erkek,İstanbul,Cinsel,Ağustos,YAZ,MARMARA
2497,2012-08-17,Erkek,İstanbul,Bakım,Ağustos,YAZ,MARMARA
2498,2012-08-17,Bayan,İstanbul,Ağrılar,Ağustos,YAZ,MARMARA
2499,2012-08-17,Erkek,Muğla,Zayıflama,Ağustos,YAZ,EGE
2500,2012-08-17,Erkek,Kocaeli,DİĞER,Ağustos,YAZ,MARMARA
2501,2012-08-17,Erkek,Bursa,Cinsel,Ağustos,YAZ,MARMARA
2502,2012-08-17,Bayan,Erzincan,Güzellik,Ağustos,YAZ,DOĞU ANADOLU
2503,2012-08-17,Erkek,Ankara,DİĞER,Ağustos,YAZ,İÇ ANADOLU
2504,2012-08-18,Bayan,Adana,Zayıflama,Ağustos,YAZ,AKDENİZ
2505,2012-08-18,Erkek,Hatay,Bakım,Ağustos,YAZ,AKDENİZ
2506,2012-08-18,Bayan,Antalya,Bakım,Ağustos,YAZ,AKDENİZ
2507,2012-08-22,Erkek,İzmir,Cinsel,Ağustos,YAZ,EGE
2508,2012-08-22,Bayan,Kırıkkale,Zayıflama,Ağustos,YAZ,İÇ ANADOLU
2509,2012-08-22,Erkek,İstanbul,Cinsel,Ağustos,YAZ,MARMARA
2510,2012-08-22,Erkek,Muğla,Cinsel,Ağustos,YAZ,EGE
2511,2012-08-22,Bayan,Ankara,Ağrılar,Ağustos,YAZ,İÇ ANADOLU
2512,2012-08-22,Erkek,İçel,Cinsel,Ağustos,YAZ,AKDENİZ
2513,2012-08-22,Erkek,Edirne,Cinsel,Ağustos,YAZ,MARMARA
2514,2012-08-22,Erkek,Van,Ağrılar,Ağustos,YAZ,DOĞU ANADOLU
2515,2012-08-22,Erkek,Ankara,Cinsel,Ağustos,YAZ,İÇ ANADOLU
2516,2012-08-22,Bayan,Antalya,Zayıflama,Ağustos,YAZ,AKDENİZ
2517,2012-08-22,Bayan,İstanbul,Bakım,Ağustos,YAZ,MARMARA
2518,2012-08-22,Bayan,İstanbul,Bakım,Ağustos,YAZ,MARMARA
2519,2012-08-22,Erkek,Muğla,Cinsel,Ağustos,YAZ,EGE
2520,2012-08-22,Erkek,Gaziantep,Cinsel,Ağustos,YAZ,GÜNEYDOĞU
2521,2012-08-22,Erkek,Ankara,Cinsel,Ağustos,YAZ,İÇ ANADOLU
2522,2012-08-22,Erkek,Aksaray,Bakım,Ağustos,YAZ,İÇ ANADOLU
2523,2012-08-22,Erkek,Konya,Zayıflama,Ağustos,YAZ,İÇ ANADOLU
2524,2012-08-22,Erkek,Muğla,DİĞER,Ağustos,YAZ,EGE
2525,2012-08-22,Erkek,Afyon,Güzellik,Ağustos,YAZ,EGE
2526,2012-08-22,Erkek,Çanakkale,Bakım,Ağustos,YAZ,MARMARA
2527,2012-08-22,Erkek,Zonguldak,Zayıflama,Ağustos,YAZ,KARADENİZ
2528,2012-08-22,Erkek,İstanbul,Cinsel,Ağustos,YAZ,MARMARA
2529,2012-08-22,Erkek,Tekirdağ,Zayıflama,Ağustos,YAZ,MARMARA
2530,2012-08-22,Bayan,Mersin,DİĞER,Ağustos,YAZ,AKDENİZ
2531,2012-08-22,Bayan,Ankara,Zayıflama,Ağustos,YAZ,İÇ ANADOLU
2532,2012-08-22,Erkek,Manisa,Zayıflama,Ağustos,YAZ,EGE
2533,2012-08-22,Erkek,Malatya,Zayıflama,Ağustos,YAZ,DOĞU ANADOLU
2534,2012-08-22,Erkek,Karabük,Zayıflama,Ağustos,YAZ,KARADENİZ
2535,2012-08-22,Erkek,İstanbul,Cinsel,Ağustos,YAZ,MARMARA
2536,2012-08-22,Erkek,Mersin,Bakım,Ağustos,YAZ,AKDENİZ
2537,2012-08-22,Erkek,İstanbul,Cinsel,Ağustos,YAZ,MARMARA
2538,2012-08-22,Erkek,Ankara,DİĞER,Ağustos,YAZ,İÇ ANADOLU
2539,2012-08-22,Erkek,Ankara,DİĞER,Ağustos,YAZ,İÇ ANADOLU
2540,2012-08-22,Erkek,Antalya,Cinsel,Ağustos,YAZ,AKDENİZ
2541,2012-08-22,Erkek,İstanbul,Cinsel,Ağustos,YAZ,MARMARA
2542,2012-08-22,Erkek,İstanbul,Bakım,Ağustos,YAZ,MARMARA
2543,2012-08-22,Bayan,Aydın,Zayıflama,Ağustos,YAZ,EGE
2544,2012-08-22,Erkek,Ankara,Bakım,Ağustos,YAZ,İÇ ANADOLU
2545,2012-08-22,Erkek,Muğla,Cinsel,Ağustos,YAZ,EGE
2546,2012-08-22,Erkek,Ankara,Cinsel,Ağustos,YAZ,İÇ ANADOLU
2547,2012-08-23,Erkek,Malatya,Zayıflama,Ağustos,YAZ,DOĞU ANADOLU
2548,2012-08-23,Erkek,Kocaeli,Cinsel,Ağustos,YAZ,MARMARA
2549,2012-08-23,Erkek,Şırnak,DİĞER,Ağustos,YAZ,DOĞU ANADOLU
2550,2012-08-23,Erkek,Kars,DİĞER,Ağustos,YAZ,DOĞU ANADOLU
2551,2012-08-23,Bayan,İstanbul,Cinsel,Ağustos,YAZ,MARMARA
2552,2012-08-23,Bayan,Antalya,Bakım,Ağustos,YAZ,AKDENİZ
2553,2012-08-23,Erkek,Adana,Cinsel,Ağustos,YAZ,AKDENİZ
2554,2012-08-23,Erkek,Kastamonu,Cinsel,Ağustos,YAZ,KARADENİZ
2555,2012-08-23,Bayan,İstanbul,Ağrılar,Ağustos,YAZ,MARMARA
2556,2012-08-23,Erkek,Çanakkale,DİĞER,Ağustos,YAZ,MARMARA
2557,2012-08-23,Bayan,İzmir,DİĞER,Ağustos,YAZ,EGE
2558,2012-08-23,Bayan,İstanbul,Zayıflama,Ağustos,YAZ,MARMARA
2559,2012-08-23,Erkek,Samsun,Cinsel,Ağustos,YAZ,KARADENİZ
2560,2012-08-23,Erkek,İstanbul,Cinsel,Ağustos,YAZ,MARMARA
2561,2012-08-23,Erkek,Kahramanmaraş,DİĞER,Ağustos,YAZ,AKDENİZ
2562,2012-08-23,Erkek,İstanbul,Cinsel,Ağustos,YAZ,MARMARA
2563,2012-08-23,Bayan,İstanbul,DİĞER,Ağustos,YAZ,MARMARA
2564,2012-08-23,Erkek,İstanbul,DİĞER,Ağustos,YAZ,MARMARA
2565,2012-08-23,Erkek,İstanbul,Zayıflama,Ağustos,YAZ,MARMARA
2566,2012-08-23,Erkek,İzmir,DİĞER,Ağustos,YAZ,EGE
2567,2012-08-24,Erkek,Muğla,Cinsel,Ağustos,YAZ,EGE
2568,2012-08-24,Bayan,Muş,Zayıflama,Ağustos,YAZ,DOĞU ANADOLU
2569,2012-08-24,Erkek,İstanbul,Cinsel,Ağustos,YAZ,MARMARA
2570,2012-08-24,Erkek,Manisa,Ağrılar,Ağustos,YAZ,EGE
2571,2012-08-24,Erkek,Mersin,Zayıflama,Ağustos,YAZ,AKDENİZ
2572,2012-08-24,Bayan,İstanbul,Zayıflama,Ağustos,YAZ,MARMARA
2573,2012-08-24,Bayan,Ankara,Zayıflama,Ağustos,YAZ,İÇ ANADOLU
2574,2012-08-24,Erkek,Gaziantep,Bakım,Ağustos,YAZ,GÜNEYDOĞU
2575,2012-08-24,Erkek,Gaziantep,Cinsel,Ağustos,YAZ,GÜNEYDOĞU
2576,2012-08-24,Erkek,Van,DİĞER,Ağustos,YAZ,DOĞU ANADOLU
2577,2012-08-24,Erkek,Muş,Cinsel,Ağustos,YAZ,DOĞU ANADOLU
2578,2012-08-24,Erkek,Ankara,Cinsel,Ağustos,YAZ,İÇ ANADOLU
2579,2012-08-24,Erkek,İstanbul,Cinsel,Ağustos,YAZ,MARMARA
2580,2012-08-24,Erkek,İzmir,Zayıflama,Ağustos,YAZ,EGE
2581,2012-08-24,Erkek,İstanbul,Cinsel,Ağustos,YAZ,MARMARA
2582,2012-08-24,Erkek,Adana,Cinsel,Ağustos,YAZ,AKDENİZ
2583,2012-08-24,Erkek,Karaman,Cinsel,Ağustos,YAZ,İÇ ANADOLU
2584,2012-08-24,Erkek,Ankara,Cinsel,Ağustos,YAZ,İÇ ANADOLU
2585,2012-08-24,Erkek,İstanbul,Cinsel,Ağustos,YAZ,MARMARA
2586,2012-08-24,Bayan,İzmir,DİĞER,Ağustos,YAZ,EGE
2587,2012-08-24,Bayan,Ankara,DİĞER,Ağustos,YAZ,İÇ ANADOLU
2588,2012-08-24,Bayan,İzmir,DİĞER,Ağustos,YAZ,EGE
2589,2012-08-24,Erkek,Tekirdağ,Sağlık,Ağustos,YAZ,MARMARA
2590,2012-08-24,Erkek,Çanakkale,Cinsel,Ağustos,YAZ,MARMARA
2591,2012-08-25,Erkek,Yalova,Bakım,Ağustos,YAZ,MARMARA
2592,2012-08-25,Bayan,Muş,Zayıflama,Ağustos,YAZ,DOĞU ANADOLU
2593,2012-08-25,Bayan,İzmir,Zayıflama,Ağustos,YAZ,EGE
2594,2012-08-25,Erkek,Samsun,Cinsel,Ağustos,YAZ,KARADENİZ
2595,2012-08-25,Erkek,İstanbul,Cinsel,Ağustos,YAZ,MARMARA
2596,2012-08-25,Erkek,İstanbul,DİĞER,Ağustos,YAZ,MARMARA
2597,2012-08-25,Erkek,Malatya,Güzellik,Ağustos,YAZ,DOĞU ANADOLU
2598,2012-08-25,Bayan,Çanakkale,Cinsel,Ağustos,YAZ,MARMARA
2599,2012-08-25,Erkek,İstanbul,Zayıflama,Ağustos,YAZ,MARMARA
2600,2012-08-25,Erkek,İzmir,DİĞER,Ağustos,YAZ,EGE
2601,2012-08-25,Erkek,Zonguldak,Cinsel,Ağustos,YAZ,KARADENİZ
2602,2012-08-25,Erkek,Düzce,DİĞER,Ağustos,YAZ,KARADENİZ
2603,2012-08-27,Erkek,Ankara,Cinsel,Ağustos,YAZ,İÇ ANADOLU
2604,2012-08-27,Erkek,Aksaray,DİĞER,Ağustos,YAZ,İÇ ANADOLU
2605,2012-08-27,Bayan,Trabzon,DİĞER,Ağustos,YAZ,KARADENİZ
2606,2012-08-27,Erkek,Konya,Bakım,Ağustos,YAZ,İÇ ANADOLU
2607,2012-08-27,Erkek,Amasya,Cinsel,Ağustos,YAZ,KARADENİZ
2608,2012-08-27,Erkek,Zonguldak,Cinsel,Ağustos,YAZ,KARADENİZ
2609,2012-08-27,Erkek,Eskişehir,Cinsel,Ağustos,YAZ,İÇ ANADOLU
2610,2012-08-27,Bayan,Siirt,Bakım,Ağustos,YAZ,GÜNEYDOĞU
2611,2012-08-27,Bayan,Ankara,DİĞER,Ağustos,YAZ,İÇ ANADOLU
2612,2012-08-27,Erkek,İstanbul,Zayıflama,Ağustos,YAZ,MARMARA
2613,2012-08-27,Erkek,Muğla,DİĞER,Ağustos,YAZ,EGE
2614,2012-08-27,Erkek,Ankara,Zayıflama,Ağustos,YAZ,İÇ ANADOLU
2615,2012-08-27,Erkek,Samsun,DİĞER,Ağustos,YAZ,KARADENİZ
2616,2012-08-27,Erkek,Elazığ,Sağlık,Ağustos,YAZ,DOĞU ANADOLU
2617,2012-08-27,Erkek,İstanbul,Cinsel,Ağustos,YAZ,MARMARA
2618,2012-08-27,Erkek,İstanbul,Bakım,Ağustos,YAZ,MARMARA
2619,2012-08-27,Erkek,Kırıkkale,Cinsel,Ağustos,YAZ,İÇ ANADOLU
2620,2012-08-27,Bayan,Ankara,Zayıflama,Ağustos,YAZ,İÇ ANADOLU
2621,2012-08-27,Erkek,Kayseri,Cinsel,Ağustos,YAZ,İÇ ANADOLU
2622,2012-08-27,Erkek,Kırıkkale,Cinsel,Ağustos,YAZ,İÇ ANADOLU
2623,2012-08-27,Bayan,İstanbul,Saç,Ağustos,YAZ,MARMARA
2624,2012-08-27,Erkek,Ankara,Zayıflama,Ağustos,YAZ,İÇ ANADOLU
2625,2012-08-27,Erkek,Ankara,Cinsel,Ağustos,YAZ,İÇ ANADOLU
2626,2012-08-27,Bayan,Ankara,Zayıflama,Ağustos,YAZ,İÇ ANADOLU
2627,2012-08-27,Erkek,Bursa,Cinsel,Ağustos,YAZ,MARMARA
2628,2012-08-27,Erkek,Hatay,Cinsel,Ağustos,YAZ,AKDENİZ
2629,2012-08-27,Erkek,İstanbul,Cinsel,Ağustos,YAZ,MARMARA
2630,2012-08-27,Erkek,İzmir,Ağrılar,Ağustos,YAZ,EGE
2631,2012-08-27,Erkek,Antalya,Cinsel,Ağustos,YAZ,AKDENİZ
2632,2012-08-27,Erkek,Uşak,DİĞER,Ağustos,YAZ,EGE
2633,2012-08-27,Erkek,İstanbul,Cinsel,Ağustos,YAZ,MARMARA
2634,2012-08-27,Erkek,Aydın,Zayıflama,Ağustos,YAZ,EGE
2635,2012-08-28,Erkek,Mersin,Zayıflama,Ağustos,YAZ,AKDENİZ
2636,2012-08-28,Erkek,İzmir,Bakım,Ağustos,YAZ,EGE
2637,2012-08-28,Bayan,İstanbul,Zayıflama,Ağustos,YAZ,MARMARA
2638,2012-08-28,Bayan,Gaziantep,Zayıflama,Ağustos,YAZ,GÜNEYDOĞU
2639,2012-08-28,Bayan,İstanbul,Saç,Ağustos,YAZ,MARMARA
2640,2012-08-28,Bayan,Elazığ,Zayıflama,Ağustos,YAZ,DOĞU ANADOLU
2641,2012-08-28,Erkek,Antalya,Bakım,Ağustos,YAZ,AKDENİZ
2642,2012-08-28,Erkek,İstanbul,Cinsel,Ağustos,YAZ,MARMARA
2643,2012-08-28,Erkek,İstanbul,Bakım,Ağustos,YAZ,MARMARA
2644,2012-08-28,Erkek,Balıkesir,Bakım,Ağustos,YAZ,MARMARA
2645,2012-08-28,Erkek,Erzurum,Cinsel,Ağustos,YAZ,DOĞU ANADOLU
2646,2012-08-28,Erkek,İstanbul,Cinsel,Ağustos,YAZ,MARMARA
2647,2012-08-28,Erkek,İstanbul,DİĞER,Ağustos,YAZ,MARMARA
2648,2012-08-28,Erkek,İstanbul,Cinsel,Ağustos,YAZ,MARMARA
2649,2012-08-28,Bayan,Bursa,Zayıflama,Ağustos,YAZ,MARMARA
2650,2012-08-28,Erkek,Ağrı,Bakım,Ağustos,YAZ,DOĞU ANADOLU
2651,2012-08-28,Erkek,Eskişehir,Cinsel,Ağustos,YAZ,İÇ ANADOLU
2652,2012-08-28,Erkek,İçel,Cinsel,Ağustos,YAZ,AKDENİZ
2653,2012-08-28,Erkek,İstanbul,Cinsel,Ağustos,YAZ,MARMARA
2654,2012-08-28,Erkek,İzmir,Bakım,Ağustos,YAZ,EGE
2655,2012-05-14,Erkek,Ankara,Bakım,Mayıs,İLKBAHAR,İÇ ANADOLU
2656,2012-05-14,Erkek,İzmir,Zayıflama,Mayıs,İLKBAHAR,EGE
2657,2012-05-14,Bayan,Kocaeli,Bakım,Mayıs,İLKBAHAR,MARMARA
2658,2012-05-14,Bayan,Hatay,Zayıflama,Mayıs,İLKBAHAR,AKDENİZ
2659,2012-05-14,Erkek,Adana,Bakım,Mayıs,İLKBAHAR,AKDENİZ
2660,2012-05-14,Erkek,Adana,Bakım,Mayıs,İLKBAHAR,AKDENİZ
2661,2012-05-14,Erkek,Ankara,Zayıflama,Mayıs,İLKBAHAR,İÇ ANADOLU
2662,2012-05-14,Bayan,Antalya,Zayıflama,Mayıs,İLKBAHAR,AKDENİZ
2663,2012-05-14,Bayan,İstanbul,Zayıflama,Mayıs,İLKBAHAR,MARMARA
2664,2012-05-14,Bayan,Ankara,Zayıflama,Mayıs,İLKBAHAR,İÇ ANADOLU
2665,2012-05-14,Bayan,Ordu,Bakım,Mayıs,İLKBAHAR,KARADENİZ
2666,2012-05-14,Erkek,İzmir,Bakım,Mayıs,İLKBAHAR,EGE
2667,2012-05-14,Erkek,İstanbul,Bakım,Mayıs,İLKBAHAR,MARMARA
2668,2012-05-14,Erkek,Ankara,Cinsel,Mayıs,İLKBAHAR,İÇ ANADOLU
2669,2012-05-14,Erkek,İstanbul,Bakım,Mayıs,İLKBAHAR,MARMARA
2670,2012-05-14,Erkek,İstanbul,Bakım,Mayıs,İLKBAHAR,MARMARA
2671,2012-05-14,Bayan,Ankara,Zayıflama,Mayıs,İLKBAHAR,İÇ ANADOLU
2672,2012-05-14,Erkek,İstanbul,Cinsel,Mayıs,İLKBAHAR,MARMARA
2673,2012-05-14,Erkek,Batman,Cinsel,Mayıs,İLKBAHAR,GÜNEYDOĞU
2674,2012-05-14,Bayan,Denizli,Zayıflama,Mayıs,İLKBAHAR,EGE
2675,2012-05-14,Erkek,İzmir,Bakım,Mayıs,İLKBAHAR,EGE
2676,2012-05-14,Erkek,İzmir,Ağrılar,Mayıs,İLKBAHAR,EGE
2677,2012-05-14,Erkek,İstanbul,Sağlık,Mayıs,İLKBAHAR,MARMARA
2678,2012-05-14,Bayan,İstanbul,Zayıflama,Mayıs,İLKBAHAR,MARMARA
2679,2012-05-14,Erkek,İstanbul,Bakım,Mayıs,İLKBAHAR,MARMARA
2680,2012-05-14,Erkek,Ankara,Bakım,Mayıs,İLKBAHAR,İÇ ANADOLU
2681,2012-05-14,Erkek,Tokat,Zayıflama,Mayıs,İLKBAHAR,KARADENİZ
2682,2012-05-14,Bayan,Tekirdağ,Zayıflama,Mayıs,İLKBAHAR,MARMARA
2683,2012-05-14,Erkek,Hatay,DİĞER,Mayıs,İLKBAHAR,AKDENİZ
2684,2012-05-14,Bayan,İstanbul,Zayıflama,Mayıs,İLKBAHAR,MARMARA
2685,2012-05-14,Erkek,Aydın,Zayıflama,Mayıs,İLKBAHAR,EGE
2686,2012-05-14,Bayan,İzmir,Bakım,Mayıs,İLKBAHAR,EGE
2687,2012-05-14,Erkek,Erzurum,Bakım,Mayıs,İLKBAHAR,DOĞU ANADOLU
2688,2012-05-14,Erkek,Ankara,Zayıflama,Mayıs,İLKBAHAR,İÇ ANADOLU
2689,2012-05-14,Bayan,Bursa,Saç,Mayıs,İLKBAHAR,MARMARA
2690,2012-05-14,Erkek,Adana,Zayıflama,Mayıs,İLKBAHAR,AKDENİZ
2691,2012-05-14,Bayan,Bursa,Zayıflama,Mayıs,İLKBAHAR,MARMARA
2692,2012-05-14,Bayan,Karabük,Zayıflama,Mayıs,İLKBAHAR,KARADENİZ
2693,2012-05-14,Erkek,İstanbul,Zayıflama,Mayıs,İLKBAHAR,MARMARA
2694,2012-05-14,Erkek,Muğla,Zayıflama,Mayıs,İLKBAHAR,EGE
2695,2012-05-14,Erkek,İstanbul,Zayıflama,Mayıs,İLKBAHAR,MARMARA
2696,2012-05-14,Erkek,İstanbul,Bakım,Mayıs,İLKBAHAR,MARMARA
2697,2012-05-14,Bayan,Aydın,Zayıflama,Mayıs,İLKBAHAR,EGE
2698,2012-05-14,Erkek,Erzurum,Bakım,Mayıs,İLKBAHAR,DOĞU ANADOLU
2699,2012-05-14,Erkek,Adana,Zayıflama,Mayıs,İLKBAHAR,AKDENİZ
2700,2012-05-14,Erkek,Kütahya,Bakım,Mayıs,İLKBAHAR,EGE
2701,2012-05-14,Erkek,Ankara,Zayıflama,Mayıs,İLKBAHAR,İÇ ANADOLU
2702,2012-05-14,Erkek,Ankara,Zayıflama,Mayıs,İLKBAHAR,İÇ ANADOLU
2703,2012-05-15,Erkek,Bartın,Bakım,Mayıs,İLKBAHAR,KARADENİZ
2704,2012-05-15,Erkek,Çorum,Bakım,Mayıs,İLKBAHAR,KARADENİZ
2705,2012-05-15,Erkek,Şırnak,Saç,Mayıs,İLKBAHAR,DOĞU ANADOLU
2706,2012-05-15,Bayan,Adana,Zayıflama,Mayıs,İLKBAHAR,AKDENİZ
2707,2012-05-15,Erkek,Antalya,Zayıflama,Mayıs,İLKBAHAR,AKDENİZ
2708,2012-05-15,Erkek,Muş,Zayıflama,Mayıs,İLKBAHAR,DOĞU ANADOLU
2709,2012-05-15,Erkek,Diyarbakır,Zayıflama,Mayıs,İLKBAHAR,GÜNEYDOĞU
2710,2012-05-15,Erkek,Antalya,Bakım,Mayıs,İLKBAHAR,AKDENİZ
2711,2012-05-15,Bayan,İstanbul,Bakım,Mayıs,İLKBAHAR,MARMARA
2712,2012-05-15,Bayan,İstanbul,Zayıflama,Mayıs,İLKBAHAR,MARMARA
2713,2012-05-15,Bayan,İstanbul,Zayıflama,Mayıs,İLKBAHAR,MARMARA
2714,2012-05-15,Bayan,İstanbul,Zayıflama,Mayıs,İLKBAHAR,MARMARA
2715,2012-05-15,Erkek,İzmir,Cinsel,Mayıs,İLKBAHAR,EGE
2716,2012-05-15,Bayan,Amasya,Zayıflama,Mayıs,İLKBAHAR,KARADENİZ
2717,2012-05-15,Bayan,İstanbul,Bakım,Mayıs,İLKBAHAR,MARMARA
2718,2012-05-15,Erkek,Antalya,Zayıflama,Mayıs,İLKBAHAR,AKDENİZ
2719,2012-05-15,Erkek,İstanbul,Zayıflama,Mayıs,İLKBAHAR,MARMARA
2720,2012-05-15,Bayan,Bursa,Saç,Mayıs,İLKBAHAR,MARMARA
2721,2012-05-15,Erkek,Bursa,Bakım,Mayıs,İLKBAHAR,MARMARA
2722,2012-05-15,Bayan,Hatay,Zayıflama,Mayıs,İLKBAHAR,AKDENİZ
2723,2012-05-15,Bayan,Balıkesir,Zayıflama,Mayıs,İLKBAHAR,MARMARA
2724,2012-05-15,Erkek,İstanbul,Zayıflama,Mayıs,İLKBAHAR,MARMARA
2725,2012-05-15,Erkek,Ankara,Zayıflama,Mayıs,İLKBAHAR,İÇ ANADOLU
2726,2012-05-16,Bayan,İçel,Zayıflama,Mayıs,İLKBAHAR,AKDENİZ
2727,2012-05-16,Erkek,Hatay,Zayıflama,Mayıs,İLKBAHAR,AKDENİZ
2728,2012-05-16,Bayan,İstanbul,Zayıflama,Mayıs,İLKBAHAR,MARMARA
2729,2012-05-16,Bayan,İstanbul,Zayıflama,Mayıs,İLKBAHAR,MARMARA
2730,2012-05-16,Erkek,Antalya,Zayıflama,Mayıs,İLKBAHAR,AKDENİZ
2731,2012-05-16,Erkek,İstanbul,Zayıflama,Mayıs,İLKBAHAR,MARMARA
2732,2012-05-16,Erkek,İstanbul,Zayıflama,Mayıs,İLKBAHAR,MARMARA
2733,2012-05-16,Erkek,Zonguldak,DİĞER,Mayıs,İLKBAHAR,KARADENİZ
2734,2012-05-16,Erkek,Antalya,Ağrılar,Mayıs,İLKBAHAR,AKDENİZ
2735,2012-05-16,Erkek,Yozgat,Zayıflama,Mayıs,İLKBAHAR,İÇ ANADOLU
2736,2012-05-16,Bayan,Ankara,Güzellik,Mayıs,İLKBAHAR,İÇ ANADOLU
2737,2012-05-16,Erkek,Bolu,Bakım,Mayıs,İLKBAHAR,KARADENİZ
2738,2012-05-16,Erkek,Mersin,Zayıflama,Mayıs,İLKBAHAR,AKDENİZ
2739,2012-05-16,Erkek,Tokat,Bakım,Mayıs,İLKBAHAR,KARADENİZ
2740,2012-05-16,Erkek,İstanbul,Zayıflama,Mayıs,İLKBAHAR,MARMARA
2741,2012-05-16,Erkek,Kayseri,Zayıflama,Mayıs,İLKBAHAR,İÇ ANADOLU
2742,2012-05-16,Erkek,İzmir,Cinsel,Mayıs,İLKBAHAR,EGE
2743,2012-05-16,Erkek,Muğla,Zayıflama,Mayıs,İLKBAHAR,EGE
2744,2012-05-16,Erkek,İstanbul,Zayıflama,Mayıs,İLKBAHAR,MARMARA
2745,2012-05-16,Erkek,Erzincan,Cinsel,Mayıs,İLKBAHAR,DOĞU ANADOLU
2746,2012-05-16,Bayan,Ankara,Zayıflama,Mayıs,İLKBAHAR,İÇ ANADOLU
2747,2012-05-16,Erkek,Eskişehir,Cinsel,Mayıs,İLKBAHAR,İÇ ANADOLU
2748,2012-05-16,Erkek,İstanbul,Zayıflama,Mayıs,İLKBAHAR,MARMARA
2749,2012-05-16,Erkek,İstanbul,DİĞER,Mayıs,İLKBAHAR,MARMARA
2750,2012-05-16,Erkek,Isparta,Cinsel,Mayıs,İLKBAHAR,AKDENİZ
2751,2012-05-16,Erkek,İstanbul,Zayıflama,Mayıs,İLKBAHAR,MARMARA
2752,2012-05-16,Bayan,Muş,Zayıflama,Mayıs,İLKBAHAR,DOĞU ANADOLU
2753,2012-05-16,Bayan,Samsun,Zayıflama,Mayıs,İLKBAHAR,KARADENİZ
2754,2012-05-16,Erkek,İstanbul,Bakım,Mayıs,İLKBAHAR,MARMARA
2755,2012-05-16,Bayan,İzmir,Zayıflama,Mayıs,İLKBAHAR,EGE
2756,2012-05-16,Erkek,İstanbul,Cinsel,Mayıs,İLKBAHAR,MARMARA
2757,2012-05-16,Bayan,İstanbul,Zayıflama,Mayıs,İLKBAHAR,MARMARA
2758,2012-05-16,Erkek,Şırnak,Zayıflama,Mayıs,İLKBAHAR,DOĞU ANADOLU
2759,2012-05-16,Bayan,İstanbul,Zayıflama,Mayıs,İLKBAHAR,MARMARA
2760,2012-05-16,Erkek,Amasya,DİĞER,Mayıs,İLKBAHAR,KARADENİZ
2761,2012-05-16,Bayan,İstanbul,DİĞER,Mayıs,İLKBAHAR,MARMARA
2762,2012-05-16,Erkek,Aydın,Cinsel,Mayıs,İLKBAHAR,EGE
2763,2012-05-16,Bayan,İstanbul,Saç,Mayıs,İLKBAHAR,MARMARA
2764,2012-05-16,Bayan,Samsun,Bakım,Mayıs,İLKBAHAR,KARADENİZ
2765,2012-05-16,Erkek,İzmir,Cinsel,Mayıs,İLKBAHAR,EGE
2766,2012-05-16,Erkek,Aydın,Zayıflama,Mayıs,İLKBAHAR,EGE
2767,2012-05-17,Erkek,Gaziantep,Bakım,Mayıs,İLKBAHAR,GÜNEYDOĞU
2768,2012-05-17,Bayan,İzmir,Zayıflama,Mayıs,İLKBAHAR,EGE
2769,2012-05-17,Bayan,Muş,Ağrılar,Mayıs,İLKBAHAR,DOĞU ANADOLU
2770,2012-05-17,Bayan,İstanbul,Zayıflama,Mayıs,İLKBAHAR,MARMARA
2771,2012-05-17,Erkek,Konya,Zayıflama,Mayıs,İLKBAHAR,İÇ ANADOLU
2772,2012-05-17,Erkek,İstanbul,Zayıflama,Mayıs,İLKBAHAR,MARMARA
2773,2012-05-17,Bayan,Aydın,Zayıflama,Mayıs,İLKBAHAR,EGE
2774,2012-05-17,Erkek,Ankara,DİĞER,Mayıs,İLKBAHAR,İÇ ANADOLU
2775,2012-05-17,Erkek,Tekirdağ,Cinsel,Mayıs,İLKBAHAR,MARMARA
2776,2012-05-17,Erkek,Diyarbakır,Zayıflama,Mayıs,İLKBAHAR,GÜNEYDOĞU
2777,2012-05-17,Erkek,İstanbul,Zayıflama,Mayıs,İLKBAHAR,MARMARA
2778,2012-05-17,Erkek,İstanbul,Zayıflama,Mayıs,İLKBAHAR,MARMARA
2779,2012-05-17,Bayan,Kayseri,Zayıflama,Mayıs,İLKBAHAR,İÇ ANADOLU
2780,2012-05-17,Bayan,İstanbul,Zayıflama,Mayıs,İLKBAHAR,MARMARA
2781,2012-05-17,Erkek,Kütahya,Cinsel,Mayıs,İLKBAHAR,EGE
2782,2012-05-17,Erkek,Bartın,Zayıflama,Mayıs,İLKBAHAR,KARADENİZ
2783,2012-05-17,Erkek,İstanbul,Zayıflama,Mayıs,İLKBAHAR,MARMARA
2784,2012-05-17,Erkek,Antalya,Zayıflama,Mayıs,İLKBAHAR,AKDENİZ
2785,2012-05-17,Bayan,Bolu,Zayıflama,Mayıs,İLKBAHAR,KARADENİZ
2786,2012-05-17,Erkek,Şanlıurfa,Cinsel,Mayıs,İLKBAHAR,GÜNEYDOĞU
2787,2012-05-17,Erkek,Bursa,Bakım,Mayıs,İLKBAHAR,MARMARA
2788,2012-05-17,Erkek,Sivas,Zayıflama,Mayıs,İLKBAHAR,İÇ ANADOLU
2789,2012-05-17,Bayan,İzmir,Zayıflama,Mayıs,İLKBAHAR,EGE
2790,2012-05-17,Erkek,Tekirdağ,Cinsel,Mayıs,İLKBAHAR,MARMARA
2791,2012-05-17,Erkek,İzmir,Cinsel,Mayıs,İLKBAHAR,EGE
2792,2012-05-17,Bayan,Diyarbakır,Zayıflama,Mayıs,İLKBAHAR,GÜNEYDOĞU
2793,2012-05-17,Bayan,Mersin,Zayıflama,Mayıs,İLKBAHAR,AKDENİZ
2794,2012-05-17,Erkek,İstanbul,Ağrılar,Mayıs,İLKBAHAR,MARMARA
2795,2012-05-17,Bayan,Diyarbakır,Zayıflama,Mayıs,İLKBAHAR,GÜNEYDOĞU
2796,2012-05-17,Erkek,Muğla,Zayıflama,Mayıs,İLKBAHAR,EGE
2797,2012-05-17,Erkek,Zonguldak,Bakım,Mayıs,İLKBAHAR,KARADENİZ
2798,2012-05-18,Erkek,Çanakkale,Bakım,Mayıs,İLKBAHAR,MARMARA
2799,2012-05-18,Erkek,Denizli,Bakım,Mayıs,İLKBAHAR,EGE
2800,2012-05-18,Erkek,İstanbul,Bakım,Mayıs,İLKBAHAR,MARMARA
2801,2012-05-18,Bayan,Muş,Cinsel,Mayıs,İLKBAHAR,DOĞU ANADOLU
2802,2012-05-18,Erkek,İstanbul,Zayıflama,Mayıs,İLKBAHAR,MARMARA
2803,2012-05-18,Bayan,İstanbul,Zayıflama,Mayıs,İLKBAHAR,MARMARA
2804,2012-05-18,Bayan,İstanbul,Bakım,Mayıs,İLKBAHAR,MARMARA
2805,2012-05-18,Erkek,Ankara,Sağlık,Mayıs,İLKBAHAR,İÇ ANADOLU
2806,2012-05-18,Bayan,Ankara,Zayıflama,Mayıs,İLKBAHAR,İÇ ANADOLU
2807,2012-05-18,Erkek,İstanbul,Cinsel,Mayıs,İLKBAHAR,MARMARA
2808,2012-05-18,Bayan,Bursa,Zayıflama,Mayıs,İLKBAHAR,MARMARA
2809,2012-05-18,Erkek,Afyon,Bakım,Mayıs,İLKBAHAR,EGE
2810,2012-05-18,Bayan,İzmir,Zayıflama,Mayıs,İLKBAHAR,EGE
2811,2012-05-18,Erkek,Aydın,Saç,Mayıs,İLKBAHAR,EGE
2812,2012-05-18,Erkek,Bursa,Saç,Mayıs,İLKBAHAR,MARMARA
2813,2012-05-18,Erkek,İstanbul,Zayıflama,Mayıs,İLKBAHAR,MARMARA
2814,2012-05-18,Bayan,Ankara,Zayıflama,Mayıs,İLKBAHAR,İÇ ANADOLU
2815,2012-05-18,Bayan,İzmir,Zayıflama,Mayıs,İLKBAHAR,EGE
2816,2012-05-18,Bayan,İstanbul,Saç,Mayıs,İLKBAHAR,MARMARA
2817,2012-05-18,Erkek,Konya,Cinsel,Mayıs,İLKBAHAR,İÇ ANADOLU
2818,2012-05-18,Bayan,İstanbul,Zayıflama,Mayıs,İLKBAHAR,MARMARA
2819,2012-05-18,Erkek,Kocaeli,Zayıflama,Mayıs,İLKBAHAR,MARMARA
2820,2012-05-18,Erkek,İstanbul,Cinsel,Mayıs,İLKBAHAR,MARMARA
2821,2012-05-18,Bayan,İstanbul,Zayıflama,Mayıs,İLKBAHAR,MARMARA
2822,2012-05-18,Bayan,İzmir,Zayıflama,Mayıs,İLKBAHAR,EGE
2823,2012-05-21,Bayan,Tekirdağ,Zayıflama,Mayıs,İLKBAHAR,MARMARA
2824,2012-05-21,Erkek,Aydın,Zayıflama,Mayıs,İLKBAHAR,EGE
2825,2012-05-21,Erkek,Kocaeli,Zayıflama,Mayıs,İLKBAHAR,MARMARA
2826,2012-05-21,Erkek,İstanbul,Bakım,Mayıs,İLKBAHAR,MARMARA
2827,2012-05-21,Erkek,Mersin,Bakım,Mayıs,İLKBAHAR,AKDENİZ
2828,2012-05-21,Erkek,Uşak,Bakım,Mayıs,İLKBAHAR,EGE
2829,2012-05-21,Erkek,Antalya,Zayıflama,Mayıs,İLKBAHAR,AKDENİZ
2830,2012-05-21,Bayan,Kocaeli,Zayıflama,Mayıs,İLKBAHAR,MARMARA
2831,2012-05-21,Erkek,Ankara,Bakım,Mayıs,İLKBAHAR,İÇ ANADOLU
2832,2012-05-21,Bayan,Mersin,Zayıflama,Mayıs,İLKBAHAR,AKDENİZ
2833,2012-05-21,Erkek,Antalya,Zayıflama,Mayıs,İLKBAHAR,AKDENİZ
2834,2012-05-21,Erkek,Adıyaman,Cinsel,Mayıs,İLKBAHAR,GÜNEYDOĞU
2835,2012-05-21,Bayan,Denizli,Zayıflama,Mayıs,İLKBAHAR,EGE
2836,2012-05-21,Erkek,Mersin,Zayıflama,Mayıs,İLKBAHAR,AKDENİZ
2837,2012-05-21,Bayan,Ankara,Zayıflama,Mayıs,İLKBAHAR,İÇ ANADOLU
2838,2012-05-21,Erkek,Erzurum,Bakım,Mayıs,İLKBAHAR,DOĞU ANADOLU
2839,2012-05-21,Erkek,Kütahya,Bakım,Mayıs,İLKBAHAR,EGE
2840,2012-05-21,Erkek,Denizli,Zayıflama,Mayıs,İLKBAHAR,EGE
2841,2012-05-21,Erkek,İstanbul,Bakım,Mayıs,İLKBAHAR,MARMARA
2842,2012-05-21,Erkek,İstanbul,Cinsel,Mayıs,İLKBAHAR,MARMARA
2843,2012-05-21,Erkek,İstanbul,Zayıflama,Mayıs,İLKBAHAR,MARMARA
2844,2012-05-21,Erkek,Konya,Zayıflama,Mayıs,İLKBAHAR,İÇ ANADOLU
2845,2012-05-21,Bayan,İstanbul,Bakım,Mayıs,İLKBAHAR,MARMARA
2846,2012-05-21,Erkek,İstanbul,Zayıflama,Mayıs,İLKBAHAR,MARMARA
2847,2012-05-21,Bayan,İstanbul,Zayıflama,Mayıs,İLKBAHAR,MARMARA
2848,2012-05-21,Bayan,İstanbul,Zayıflama,Mayıs,İLKBAHAR,MARMARA
2849,2012-05-21,Bayan,İstanbul,Zayıflama,Mayıs,İLKBAHAR,MARMARA
2850,2012-05-21,Bayan,Kocaeli,Zayıflama,Mayıs,İLKBAHAR,MARMARA
2851,2012-05-21,Erkek,İstanbul,Zayıflama,Mayıs,İLKBAHAR,MARMARA
2852,2012-05-21,Erkek,Kocaeli,Bakım,Mayıs,İLKBAHAR,MARMARA
2853,2012-05-21,Bayan,İstanbul,Bakım,Mayıs,İLKBAHAR,MARMARA
2854,2012-05-21,Erkek,Ankara,Zayıflama,Mayıs,İLKBAHAR,İÇ ANADOLU
2855,2012-05-21,Bayan,İstanbul,Bakım,Mayıs,İLKBAHAR,MARMARA
2856,2012-05-21,Erkek,Antalya,Cinsel,Mayıs,İLKBAHAR,AKDENİZ
2857,2012-05-21,Bayan,İzmir,Zayıflama,Mayıs,İLKBAHAR,EGE
2858,2012-05-21,Erkek,Kocaeli,Cinsel,Mayıs,İLKBAHAR,MARMARA
2859,2012-05-21,Bayan,Yozgat,Saç,Mayıs,İLKBAHAR,İÇ ANADOLU
2860,2012-05-21,Bayan,Tokat,Zayıflama,Mayıs,İLKBAHAR,KARADENİZ
2861,2012-05-21,Bayan,İzmir,Zayıflama,Mayıs,İLKBAHAR,EGE
2862,2012-05-21,Bayan,Antalya,Zayıflama,Mayıs,İLKBAHAR,AKDENİZ
2863,2012-05-21,Bayan,İstanbul,Zayıflama,Mayıs,İLKBAHAR,MARMARA
2864,2012-05-21,Erkek,Kocaeli,Bakım,Mayıs,İLKBAHAR,MARMARA
2865,2012-05-21,Erkek,Adana,Bakım,Mayıs,İLKBAHAR,AKDENİZ
2866,2012-05-21,Erkek,İzmir,Saç,Mayıs,İLKBAHAR,EGE
2867,2012-05-21,Erkek,Kocaeli,Saç,Mayıs,İLKBAHAR,MARMARA
2868,2012-05-21,Bayan,İstanbul,Bakım,Mayıs,İLKBAHAR,MARMARA
2869,2012-05-21,Erkek,İzmir,Saç,Mayıs,İLKBAHAR,EGE
2870,2012-05-21,Erkek,İstanbul,Ağrılar,Mayıs,İLKBAHAR,MARMARA
2871,2012-05-21,Bayan,Hatay,Zayıflama,Mayıs,İLKBAHAR,AKDENİZ
2872,2012-05-21,Bayan,İzmir,Zayıflama,Mayıs,İLKBAHAR,EGE
2873,2012-05-21,Erkek,Antalya,Cinsel,Mayıs,İLKBAHAR,AKDENİZ
2874,2012-05-21,Erkek,İstanbul,Zayıflama,Mayıs,İLKBAHAR,MARMARA
2875,2012-05-21,Erkek,Elazığ,Zayıflama,Mayıs,İLKBAHAR,DOĞU ANADOLU
2876,2012-05-21,Bayan,İstanbul,Zayıflama,Mayıs,İLKBAHAR,MARMARA
2877,2012-05-21,Erkek,İstanbul,Bakım,Mayıs,İLKBAHAR,MARMARA
2878,2012-05-21,Bayan,Ankara,Zayıflama,Mayıs,İLKBAHAR,İÇ ANADOLU
2879,2012-05-21,Erkek,Bitlis,Bakım,Mayıs,İLKBAHAR,DOĞU ANADOLU
2880,2012-05-21,Erkek,Hatay,Cinsel,Mayıs,İLKBAHAR,AKDENİZ
2881,2012-05-21,Erkek,Ankara,Zayıflama,Mayıs,İLKBAHAR,İÇ ANADOLU
2882,2012-05-21,Erkek,Antalya,Bakım,Mayıs,İLKBAHAR,AKDENİZ
2883,2012-05-21,Erkek,İstanbul,Cinsel,Mayıs,İLKBAHAR,MARMARA
2884,2012-05-21,Bayan,İstanbul,Zayıflama,Mayıs,İLKBAHAR,MARMARA
2885,2012-05-21,Erkek,İstanbul,Cinsel,Mayıs,İLKBAHAR,MARMARA
2886,2012-05-21,Erkek,İstanbul,Bakım,Mayıs,İLKBAHAR,MARMARA
2887,2012-05-21,Erkek,İzmir,Bakım,Mayıs,İLKBAHAR,EGE
2888,2012-05-21,Bayan,Çanakkale,Bakım,Mayıs,İLKBAHAR,MARMARA
2889,2012-05-21,Bayan,Bursa,Bakım,Mayıs,İLKBAHAR,MARMARA
2890,2012-05-22,Bayan,Bursa,Zayıflama,Mayıs,İLKBAHAR,MARMARA
2891,2012-05-22,Bayan,Bartın,Bakım,Mayıs,İLKBAHAR,KARADENİZ
2892,2012-05-22,Erkek,Antalya,Saç,Mayıs,İLKBAHAR,AKDENİZ
2893,2012-05-22,Erkek,Şanlıurfa,Cinsel,Mayıs,İLKBAHAR,GÜNEYDOĞU
2894,2012-05-22,Bayan,İstanbul,Ağrılar,Mayıs,İLKBAHAR,MARMARA
2895,2012-05-22,Bayan,Kocaeli,Bakım,Mayıs,İLKBAHAR,MARMARA
2896,2012-05-22,Erkek,Edirne,Güzellik,Mayıs,İLKBAHAR,MARMARA
2897,2012-05-22,Erkek,Bursa,DİĞER,Mayıs,İLKBAHAR,MARMARA
2898,2012-05-22,Erkek,İstanbul,Bakım,Mayıs,İLKBAHAR,MARMARA
2899,2012-05-22,Erkek,Edirne,Cinsel,Mayıs,İLKBAHAR,MARMARA
2900,2012-05-22,Bayan,Bursa,Zayıflama,Mayıs,İLKBAHAR,MARMARA
2901,2012-05-22,Bayan,İstanbul,Zayıflama,Mayıs,İLKBAHAR,MARMARA
2902,2012-05-22,Erkek,Antalya,Bakım,Mayıs,İLKBAHAR,AKDENİZ
2903,2012-05-22,Bayan,Eskişehir,Cinsel,Mayıs,İLKBAHAR,İÇ ANADOLU
2904,2012-05-22,Erkek,İstanbul,Bakım,Mayıs,İLKBAHAR,MARMARA
2905,2012-05-22,Erkek,İzmir,Bakım,Mayıs,İLKBAHAR,EGE
2906,2012-05-22,Erkek,Giresun,Bakım,Mayıs,İLKBAHAR,KARADENİZ
2907,2012-05-22,Bayan,Bursa,Zayıflama,Mayıs,İLKBAHAR,MARMARA
2908,2012-05-22,Erkek,Ankara,Bakım,Mayıs,İLKBAHAR,İÇ ANADOLU
2909,2012-05-22,Bayan,Antalya,Zayıflama,Mayıs,İLKBAHAR,AKDENİZ
2910,2012-05-22,Erkek,Edirne,Saç,Mayıs,İLKBAHAR,MARMARA
2911,2012-05-22,Bayan,Mersin,Zayıflama,Mayıs,İLKBAHAR,AKDENİZ
2912,2012-05-22,Bayan,Rize,Zayıflama,Mayıs,İLKBAHAR,KARADENİZ
2913,2012-05-22,Erkek,Antalya,Zayıflama,Mayıs,İLKBAHAR,AKDENİZ
2914,2012-05-22,Erkek,Kilis,Bakım,Mayıs,İLKBAHAR,GÜNEYDOĞU
2915,2012-05-22,Erkek,Bursa,Zayıflama,Mayıs,İLKBAHAR,MARMARA
2916,2012-05-22,Bayan,İzmir,Zayıflama,Mayıs,İLKBAHAR,EGE
2917,2012-05-22,Erkek,Tekirdağ,Cinsel,Mayıs,İLKBAHAR,MARMARA
2918,2012-05-22,Erkek,Adana,Bakım,Mayıs,İLKBAHAR,AKDENİZ
2919,2012-05-22,Erkek,İzmir,Bakım,Mayıs,İLKBAHAR,EGE
2920,2012-05-22,Bayan,İstanbul,Zayıflama,Mayıs,İLKBAHAR,MARMARA
2921,2012-05-22,Bayan,Balıkesir,Zayıflama,Mayıs,İLKBAHAR,MARMARA
2922,2012-05-22,Bayan,İzmir,Zayıflama,Mayıs,İLKBAHAR,EGE
2923,2012-05-23,Erkek,Kastamonu,Cinsel,Mayıs,İLKBAHAR,KARADENİZ
2924,2012-05-23,Erkek,Denizli,Cinsel,Mayıs,İLKBAHAR,EGE
2925,2012-05-23,Erkek,Muğla,Zayıflama,Mayıs,İLKBAHAR,EGE
2926,2012-05-23,Bayan,Kahramanmaraş,Zayıflama,Mayıs,İLKBAHAR,AKDENİZ
2927,2012-05-23,Erkek,Muş,Bakım,Mayıs,İLKBAHAR,DOĞU ANADOLU
2928,2012-05-23,Bayan,Aydın,Zayıflama,Mayıs,İLKBAHAR,EGE
2929,2012-05-23,Erkek,Ankara,Bakım,Mayıs,İLKBAHAR,İÇ ANADOLU
2930,2012-05-23,Erkek,İzmir,Zayıflama,Mayıs,İLKBAHAR,EGE
2931,2012-05-23,Erkek,Muş,Cinsel,Mayıs,İLKBAHAR,DOĞU ANADOLU
2932,2012-05-23,Bayan,İstanbul,Zayıflama,Mayıs,İLKBAHAR,MARMARA
2933,2012-05-23,Erkek,Kayseri,DİĞER,Mayıs,İLKBAHAR,İÇ ANADOLU
2934,2012-05-23,Erkek,Ankara,Zayıflama,Mayıs,İLKBAHAR,İÇ ANADOLU
2935,2012-05-23,Erkek,İstanbul,Zayıflama,Mayıs,İLKBAHAR,MARMARA
2936,2012-05-23,Bayan,Ankara,Bakım,Mayıs,İLKBAHAR,İÇ ANADOLU
2937,2012-05-23,Bayan,Şırnak,Zayıflama,Mayıs,İLKBAHAR,DOĞU ANADOLU
2938,2012-05-23,Erkek,Diyarbakır,Zayıflama,Mayıs,İLKBAHAR,GÜNEYDOĞU
2939,2012-05-23,Bayan,İstanbul,Zayıflama,Mayıs,İLKBAHAR,MARMARA
2940,2012-05-23,Erkek,Ankara,Zayıflama,Mayıs,İLKBAHAR,İÇ ANADOLU
2941,2012-05-23,Bayan,Ankara,Bakım,Mayıs,İLKBAHAR,İÇ ANADOLU
2942,2012-05-23,Bayan,İzmir,Zayıflama,Mayıs,İLKBAHAR,EGE
2943,2012-05-23,Erkek,Manisa,Cinsel,Mayıs,İLKBAHAR,EGE
2944,2012-05-23,Erkek,Hakkari,Sağlık,Mayıs,İLKBAHAR,DOĞU ANADOLU
2945,2012-05-23,Bayan,Aydın,Bakım,Mayıs,İLKBAHAR,EGE
2946,2012-05-23,Bayan,İstanbul,Zayıflama,Mayıs,İLKBAHAR,MARMARA
2947,2012-05-23,Bayan,Ankara,Bakım,Mayıs,İLKBAHAR,İÇ ANADOLU
2948,2012-05-23,Bayan,İstanbul,Ağrılar,Mayıs,İLKBAHAR,MARMARA
2949,2012-05-23,Erkek,Samsun,Cinsel,Mayıs,İLKBAHAR,KARADENİZ
2950,2012-05-23,Erkek,Van,Bakım,Mayıs,İLKBAHAR,DOĞU ANADOLU
2951,2012-05-23,Bayan,Ankara,DİĞER,Mayıs,İLKBAHAR,İÇ ANADOLU
2952,2012-05-23,Erkek,İstanbul,Zayıflama,Mayıs,İLKBAHAR,MARMARA
2953,2012-05-23,Erkek,Edirne,Cinsel,Mayıs,İLKBAHAR,MARMARA
2954,2012-05-23,Erkek,Konya,Zayıflama,Mayıs,İLKBAHAR,İÇ ANADOLU
2955,2012-05-23,Erkek,Elazığ,Bakım,Mayıs,İLKBAHAR,DOĞU ANADOLU
2956,2012-05-23,Erkek,İzmir,Bakım,Mayıs,İLKBAHAR,EGE
2957,2012-05-23,Bayan,İstanbul,Zayıflama,Mayıs,İLKBAHAR,MARMARA
2958,2012-05-23,Erkek,İstanbul,Güzellik,Mayıs,İLKBAHAR,MARMARA
2959,2012-05-24,Bayan,Kocaeli,Cinsel,Mayıs,İLKBAHAR,MARMARA
2960,2012-05-24,Bayan,Ankara,Zayıflama,Mayıs,İLKBAHAR,İÇ ANADOLU
2961,2012-05-24,Bayan,İstanbul,Zayıflama,Mayıs,İLKBAHAR,MARMARA
2962,2012-05-24,Erkek,Uşak,Bakım,Mayıs,İLKBAHAR,EGE
2963,2012-05-24,Bayan,Aydın,Bakım,Mayıs,İLKBAHAR,EGE
2964,2012-05-24,Erkek,Denizli,Bakım,Mayıs,İLKBAHAR,EGE
2965,2012-05-24,Erkek,İstanbul,Bakım,Mayıs,İLKBAHAR,MARMARA
2966,2012-05-24,Bayan,Giresun,Zayıflama,Mayıs,İLKBAHAR,KARADENİZ
2967,2012-05-24,Erkek,Kayseri,Cinsel,Mayıs,İLKBAHAR,İÇ ANADOLU
2968,2012-05-24,Bayan,İstanbul,Bakım,Mayıs,İLKBAHAR,MARMARA
2969,2012-05-24,Erkek,Kırıkkale,Zayıflama,Mayıs,İLKBAHAR,İÇ ANADOLU
2970,2012-05-24,Bayan,Adana,Bakım,Mayıs,İLKBAHAR,AKDENİZ
2971,2012-05-24,Bayan,Kocaeli,Zayıflama,Mayıs,İLKBAHAR,MARMARA
2972,2012-05-24,Bayan,İstanbul,Ağrılar,Mayıs,İLKBAHAR,MARMARA
2973,2012-05-24,Erkek,Ankara,Saç,Mayıs,İLKBAHAR,İÇ ANADOLU
2974,2012-05-24,Erkek,Konya,Zayıflama,Mayıs,İLKBAHAR,İÇ ANADOLU
2975,2012-05-24,Erkek,Manisa,Zayıflama,Mayıs,İLKBAHAR,EGE
2976,2012-05-24,Erkek,Antalya,Zayıflama,Mayıs,İLKBAHAR,AKDENİZ
2977,2012-05-24,Bayan,Adana,Zayıflama,Mayıs,İLKBAHAR,AKDENİZ
2978,2012-05-24,Erkek,Kayseri,Bakım,Mayıs,İLKBAHAR,İÇ ANADOLU
2979,2012-05-24,Erkek,Manisa,Cinsel,Mayıs,İLKBAHAR,EGE
2980,2012-05-24,Erkek,Tekirdağ,Bakım,Mayıs,İLKBAHAR,MARMARA
2981,2012-05-24,Erkek,İzmir,Bakım,Mayıs,İLKBAHAR,EGE
2982,2012-05-24,Erkek,İstanbul,Bakım,Mayıs,İLKBAHAR,MARMARA
2983,2012-05-24,Bayan,Eskişehir,Zayıflama,Mayıs,İLKBAHAR,İÇ ANADOLU
2984,2012-05-24,Erkek,İstanbul,Zayıflama,Mayıs,İLKBAHAR,MARMARA
2985,2012-05-24,Erkek,İstanbul,Sağlık,Mayıs,İLKBAHAR,MARMARA
2986,2012-05-24,Erkek,Burdur,Zayıflama,Mayıs,İLKBAHAR,AKDENİZ
2987,2012-05-24,Erkek,Muğla,Zayıflama,Mayıs,İLKBAHAR,EGE
2988,2012-05-24,Bayan,Şırnak,Zayıflama,Mayıs,İLKBAHAR,DOĞU ANADOLU
2989,2012-05-24,Erkek,İstanbul,DİĞER,Mayıs,İLKBAHAR,MARMARA
2990,2012-05-24,Erkek,Kayseri,DİĞER,Mayıs,İLKBAHAR,İÇ ANADOLU
2991,2012-05-24,Erkek,İstanbul,Zayıflama,Mayıs,İLKBAHAR,MARMARA
2992,2012-05-24,Bayan,İstanbul,Zayıflama,Mayıs,İLKBAHAR,MARMARA
2993,2012-05-24,Erkek,Edirne,Cinsel,Mayıs,İLKBAHAR,MARMARA
2994,2012-05-24,Erkek,İzmir,Cinsel,Mayıs,İLKBAHAR,EGE
2995,2012-05-25,Erkek,Kars,Zayıflama,Mayıs,İLKBAHAR,DOĞU ANADOLU
2996,2012-05-25,Erkek,Kahramanmaraş,Zayıflama,Mayıs,İLKBAHAR,AKDENİZ
2997,2012-05-25,Erkek,Niğde,DİĞER,Mayıs,İLKBAHAR,İÇ ANADOLU
2998,2012-05-25,Bayan,Ankara,Bakım,Mayıs,İLKBAHAR,İÇ ANADOLU
2999,2012-05-25,Bayan,İzmir,Zayıflama,Mayıs,İLKBAHAR,EGE
3000,2012-05-25,Bayan,Sinop,Zayıflama,Mayıs,İLKBAHAR,KARADENİZ
3001,2012-05-25,Bayan,İzmir,Zayıflama,Mayıs,İLKBAHAR,EGE
3002,2012-05-25,Bayan,İzmir,Zayıflama,Mayıs,İLKBAHAR,EGE
3003,2012-05-25,Bayan,Antalya,Ağrılar,Mayıs,İLKBAHAR,AKDENİZ
3004,2012-05-25,Bayan,İzmir,DİĞER,Mayıs,İLKBAHAR,EGE
3005,2012-05-25,Erkek,İstanbul,Cinsel,Mayıs,İLKBAHAR,MARMARA
3006,2012-05-25,Erkek,Ankara,DİĞER,Mayıs,İLKBAHAR,İÇ ANADOLU
3007,2012-05-25,Erkek,İstanbul,Bakım,Mayıs,İLKBAHAR,MARMARA
3008,2012-05-25,Erkek,İstanbul,Zayıflama,Mayıs,İLKBAHAR,MARMARA
3009,2012-05-25,Erkek,Kocaeli,Zayıflama,Mayıs,İLKBAHAR,MARMARA
3010,2012-05-25,Erkek,İstanbul,Zayıflama,Mayıs,İLKBAHAR,MARMARA
3011,2012-05-25,Bayan,Muş,Zayıflama,Mayıs,İLKBAHAR,DOĞU ANADOLU
3012,2012-05-25,Erkek,Ankara,Zayıflama,Mayıs,İLKBAHAR,İÇ ANADOLU
3013,2012-05-25,Erkek,İstanbul,Zayıflama,Mayıs,İLKBAHAR,MARMARA
3014,2012-05-25,Erkek,Kocaeli,Zayıflama,Mayıs,İLKBAHAR,MARMARA
3015,2012-05-25,Bayan,İstanbul,DİĞER,Mayıs,İLKBAHAR,MARMARA
3016,2012-05-25,Erkek,İstanbul,DİĞER,Mayıs,İLKBAHAR,MARMARA
3017,2012-05-25,Erkek,Artvin,Bakım,Mayıs,İLKBAHAR,KARADENİZ
3018,2012-05-25,Erkek,Manisa,Cinsel,Mayıs,İLKBAHAR,EGE
3019,2012-05-25,Erkek,İstanbul,Bakım,Mayıs,İLKBAHAR,MARMARA
3020,2012-05-25,Erkek,İstanbul,Saç,Mayıs,İLKBAHAR,MARMARA
3021,2012-05-25,Erkek,Trabzon,Saç,Mayıs,İLKBAHAR,KARADENİZ
3022,2012-05-25,Erkek,Ankara,Bakım,Mayıs,İLKBAHAR,İÇ ANADOLU
3023,2012-05-25,Erkek,Şanlıurfa,Zayıflama,Mayıs,İLKBAHAR,GÜNEYDOĞU
3024,2012-05-25,Bayan,Kırıkkale,Bakım,Mayıs,İLKBAHAR,İÇ ANADOLU
3025,2012-05-28,Erkek,Şanlıurfa,Cinsel,Mayıs,İLKBAHAR,GÜNEYDOĞU
3026,2012-05-28,Erkek,Bingöl,Bakım,Mayıs,İLKBAHAR,DOĞU ANADOLU
3027,2012-05-28,Erkek,Konya,Cinsel,Mayıs,İLKBAHAR,İÇ ANADOLU
3028,2012-05-28,Erkek,İstanbul,Bakım,Mayıs,İLKBAHAR,MARMARA
3029,2012-05-28,Erkek,Zonguldak,Cinsel,Mayıs,İLKBAHAR,KARADENİZ
3030,2012-05-28,Bayan,İzmir,Zayıflama,Mayıs,İLKBAHAR,EGE
3031,2012-05-28,Erkek,Mersin,Bakım,Mayıs,İLKBAHAR,AKDENİZ
3032,2012-05-28,Erkek,İstanbul,DİĞER,Mayıs,İLKBAHAR,MARMARA
3033,2012-05-28,Erkek,Ankara,Zayıflama,Mayıs,İLKBAHAR,İÇ ANADOLU
3034,2012-05-28,Erkek,Antalya,Zayıflama,Mayıs,İLKBAHAR,AKDENİZ
3035,2012-05-28,Erkek,Adana,Zayıflama,Mayıs,İLKBAHAR,AKDENİZ
3036,2012-05-28,Erkek,Antalya,Bakım,Mayıs,İLKBAHAR,AKDENİZ
3037,2012-05-28,Erkek,İstanbul,Zayıflama,Mayıs,İLKBAHAR,MARMARA
3038,2012-05-28,Erkek,Malatya,Zayıflama,Mayıs,İLKBAHAR,DOĞU ANADOLU
3039,2012-05-28,Erkek,Batman,Bakım,Mayıs,İLKBAHAR,GÜNEYDOĞU
3040,2012-05-28,Erkek,Malatya,Bakım,Mayıs,İLKBAHAR,DOĞU ANADOLU
3041,2012-05-28,Erkek,Bolu,Bakım,Mayıs,İLKBAHAR,KARADENİZ
3042,2012-05-28,Erkek,Aydın,Zayıflama,Mayıs,İLKBAHAR,EGE
3043,2012-05-28,Erkek,Sivas,Cinsel,Mayıs,İLKBAHAR,İÇ ANADOLU
3044,2012-05-28,Erkek,Manisa,Cinsel,Mayıs,İLKBAHAR,EGE
3045,2012-05-28,Bayan,Bursa,Zayıflama,Mayıs,İLKBAHAR,MARMARA
3046,2012-05-28,Erkek,İzmir,Zayıflama,Mayıs,İLKBAHAR,EGE
3047,2012-05-28,Erkek,Kocaeli,Sağlık,Mayıs,İLKBAHAR,MARMARA
3048,2012-05-28,Erkek,Gaziantep,Zayıflama,Mayıs,İLKBAHAR,GÜNEYDOĞU
3049,2012-05-28,Erkek,Malatya,Zayıflama,Mayıs,İLKBAHAR,DOĞU ANADOLU
3050,2012-05-28,Erkek,İzmir,Bakım,Mayıs,İLKBAHAR,EGE
3051,2012-05-28,Erkek,İstanbul,Bakım,Mayıs,İLKBAHAR,MARMARA
3052,2012-05-28,Erkek,Ankara,Zayıflama,Mayıs,İLKBAHAR,İÇ ANADOLU
3053,2012-05-28,Erkek,Gaziantep,Bakım,Mayıs,İLKBAHAR,GÜNEYDOĞU
3054,2012-05-28,Bayan,Muğla,Bakım,Mayıs,İLKBAHAR,EGE
3055,2012-05-28,Bayan,Kocaeli,DİĞER,Mayıs,İLKBAHAR,MARMARA
3056,2012-05-28,Erkek,İstanbul,Ağrılar,Mayıs,İLKBAHAR,MARMARA
3057,2012-05-28,Bayan,Diyarbakır,Zayıflama,Mayıs,İLKBAHAR,GÜNEYDOĞU
3058,2012-05-28,Erkek,Ankara,Zayıflama,Mayıs,İLKBAHAR,İÇ ANADOLU
3059,2012-05-28,Erkek,İstanbul,Cinsel,Mayıs,İLKBAHAR,MARMARA
3060,2012-05-28,Erkek,Muğla,Cinsel,Mayıs,İLKBAHAR,EGE
3061,2012-05-28,Erkek,Bursa,Zayıflama,Mayıs,İLKBAHAR,MARMARA
3062,2012-05-28,Erkek,Konya,Cinsel,Mayıs,İLKBAHAR,İÇ ANADOLU
3063,2012-05-28,Erkek,Eskişehir,Bakım,Mayıs,İLKBAHAR,İÇ ANADOLU
3064,2012-05-28,Erkek,Çanakkale,Cinsel,Mayıs,İLKBAHAR,MARMARA
3065,2012-05-28,Erkek,İstanbul,Zayıflama,Mayıs,İLKBAHAR,MARMARA
3066,2012-05-28,Bayan,Ankara,DİĞER,Mayıs,İLKBAHAR,İÇ ANADOLU
3067,2012-05-28,Erkek,Iğdır,Sağlık,Mayıs,İLKBAHAR,DOĞU ANADOLU
3068,2012-05-28,Erkek,Trabzon,Zayıflama,Mayıs,İLKBAHAR,KARADENİZ
3069,2012-05-28,Bayan,İstanbul,DİĞER,Mayıs,İLKBAHAR,MARMARA
3070,2012-05-28,Erkek,Hatay,Zayıflama,Mayıs,İLKBAHAR,AKDENİZ
3071,2012-05-28,Bayan,İzmir,Zayıflama,Mayıs,İLKBAHAR,EGE
3072,2012-05-29,Erkek,Antalya,Zayıflama,Mayıs,İLKBAHAR,AKDENİZ
3073,2012-05-29,Erkek,Balıkesir,DİĞER,Mayıs,İLKBAHAR,MARMARA
3074,2012-05-29,Erkek,Sivas,Zayıflama,Mayıs,İLKBAHAR,İÇ ANADOLU
3075,2012-05-29,Erkek,İzmir,Zayıflama,Mayıs,İLKBAHAR,EGE
3076,2012-05-29,Erkek,İstanbul,Bakım,Mayıs,İLKBAHAR,MARMARA
3077,2012-05-29,Bayan,İstanbul,Zayıflama,Mayıs,İLKBAHAR,MARMARA
3078,2012-05-29,Erkek,Tekirdağ,Zayıflama,Mayıs,İLKBAHAR,MARMARA
3079,2012-05-29,Erkek,Aydın,Saç,Mayıs,İLKBAHAR,EGE
3080,2012-05-29,Erkek,Konya,Zayıflama,Mayıs,İLKBAHAR,İÇ ANADOLU
3081,2012-05-29,Erkek,Ankara,DİĞER,Mayıs,İLKBAHAR,İÇ ANADOLU
3082,2012-05-29,Bayan,Zonguldak,Cinsel,Mayıs,İLKBAHAR,KARADENİZ
3083,2012-05-29,Bayan,Tekirdağ,Zayıflama,Mayıs,İLKBAHAR,MARMARA
3084,2012-05-29,Bayan,Sivas,Bakım,Mayıs,İLKBAHAR,İÇ ANADOLU
3085,2012-05-29,Erkek,İstanbul,Cinsel,Mayıs,İLKBAHAR,MARMARA
3086,2012-05-29,Erkek,Diyarbakır,Cinsel,Mayıs,İLKBAHAR,GÜNEYDOĞU
3087,2012-05-29,Erkek,Amasya,Zayıflama,Mayıs,İLKBAHAR,KARADENİZ
3088,2012-05-29,Erkek,İstanbul,Zayıflama,Mayıs,İLKBAHAR,MARMARA
3089,2012-05-29,Erkek,Zonguldak,Cinsel,Mayıs,İLKBAHAR,KARADENİZ
3090,2012-05-29,Erkek,Ankara,Bakım,Mayıs,İLKBAHAR,İÇ ANADOLU
3091,2012-05-29,Erkek,Gaziantep,Bakım,Mayıs,İLKBAHAR,GÜNEYDOĞU
3092,2012-05-29,Erkek,İstanbul,Cinsel,Mayıs,İLKBAHAR,MARMARA
3093,2012-05-29,Bayan,Ankara,Zayıflama,Mayıs,İLKBAHAR,İÇ ANADOLU
3094,2012-05-29,Erkek,İstanbul,Bakım,Mayıs,İLKBAHAR,MARMARA
3095,2012-05-29,Erkek,Antalya,Sağlık,Mayıs,İLKBAHAR,AKDENİZ
3096,2012-05-29,Erkek,Trabzon,Zayıflama,Mayıs,İLKBAHAR,KARADENİZ
3097,2012-05-29,Bayan,İstanbul,Güzellik,Mayıs,İLKBAHAR,MARMARA
3098,2012-05-29,Erkek,İstanbul,Cinsel,Mayıs,İLKBAHAR,MARMARA
3099,2012-05-29,Erkek,Tekirdağ,Zayıflama,Mayıs,İLKBAHAR,MARMARA
3100,2012-05-29,Erkek,Antalya,Saç,Mayıs,İLKBAHAR,AKDENİZ
3101,2012-05-30,Erkek,Muş,DİĞER,Mayıs,İLKBAHAR,DOĞU ANADOLU
3102,2012-05-30,Bayan,Samsun,Güzellik,Mayıs,İLKBAHAR,KARADENİZ
3103,2012-05-30,Erkek,İstanbul,Saç,Mayıs,İLKBAHAR,MARMARA
3104,2012-05-30,Erkek,Eskişehir,Bakım,Mayıs,İLKBAHAR,İÇ ANADOLU
3105,2012-05-30,Bayan,Afyon,Bakım,Mayıs,İLKBAHAR,EGE
3106,2012-05-30,Erkek,Ankara,DİĞER,Mayıs,İLKBAHAR,İÇ ANADOLU
3107,2012-05-30,Erkek,Konya,Zayıflama,Mayıs,İLKBAHAR,İÇ ANADOLU
3108,2012-05-30,Erkek,Bursa,Cinsel,Mayıs,İLKBAHAR,MARMARA
3109,2012-05-30,Erkek,Aydın,DİĞER,Mayıs,İLKBAHAR,EGE
3110,2012-05-30,Erkek,Kocaeli,Cinsel,Mayıs,İLKBAHAR,MARMARA
3111,2012-05-30,Erkek,Trabzon,Bakım,Mayıs,İLKBAHAR,KARADENİZ
3112,2012-05-30,Erkek,İstanbul,Bakım,Mayıs,İLKBAHAR,MARMARA
3113,2012-05-30,Bayan,İstanbul,Cinsel,Mayıs,İLKBAHAR,MARMARA
3114,2012-05-30,Bayan,İstanbul,Bakım,Mayıs,İLKBAHAR,MARMARA
3115,2012-05-30,Erkek,Batman,DİĞER,Mayıs,İLKBAHAR,GÜNEYDOĞU
3116,2012-05-30,Bayan,Ankara,Zayıflama,Mayıs,İLKBAHAR,İÇ ANADOLU
3117,2012-05-30,Erkek,Muş,Cinsel,Mayıs,İLKBAHAR,DOĞU ANADOLU
3118,2012-05-30,Erkek,Elazığ,DİĞER,Mayıs,İLKBAHAR,DOĞU ANADOLU
3119,2012-05-30,Erkek,İstanbul,Cinsel,Mayıs,İLKBAHAR,MARMARA
3120,2012-05-30,Erkek,İstanbul,Cinsel,Mayıs,İLKBAHAR,MARMARA
3121,2012-05-30,Erkek,İstanbul,Zayıflama,Mayıs,İLKBAHAR,MARMARA
3122,2012-05-30,Erkek,İstanbul,Saç,Mayıs,İLKBAHAR,MARMARA
3123,2012-05-30,Erkek,Muğla,Bakım,Mayıs,İLKBAHAR,EGE
3124,2012-05-30,Bayan,Denizli,Zayıflama,Mayıs,İLKBAHAR,EGE
3125,2012-05-30,Bayan,Ankara,Saç,Mayıs,İLKBAHAR,İÇ ANADOLU
3126,2012-05-30,Bayan,Hakkari,Bakım,Mayıs,İLKBAHAR,DOĞU ANADOLU
3127,2012-05-30,Erkek,Kocaeli,Zayıflama,Mayıs,İLKBAHAR,MARMARA
3128,2012-05-30,Erkek,Rize,Zayıflama,Mayıs,İLKBAHAR,KARADENİZ
3129,2012-05-30,Erkek,Eskişehir,Cinsel,Mayıs,İLKBAHAR,İÇ ANADOLU
3130,2012-05-30,Bayan,Adana,Bakım,Mayıs,İLKBAHAR,AKDENİZ
3131,2012-05-31,Erkek,Sivas,Cinsel,Mayıs,İLKBAHAR,İÇ ANADOLU
3132,2012-05-31,Erkek,Ankara,Cinsel,Mayıs,İLKBAHAR,İÇ ANADOLU
3133,2012-05-31,Erkek,Bingöl,Zayıflama,Mayıs,İLKBAHAR,DOĞU ANADOLU
3134,2012-05-31,Erkek,Kırıkkale,Zayıflama,Mayıs,İLKBAHAR,İÇ ANADOLU
3135,2012-05-31,Erkek,Zonguldak,Cinsel,Mayıs,İLKBAHAR,KARADENİZ
3136,2012-05-31,Erkek,Denizli,DİĞER,Mayıs,İLKBAHAR,EGE
3137,2012-05-31,Erkek,İstanbul,Bakım,Mayıs,İLKBAHAR,MARMARA
3138,2012-05-31,Bayan,Eskişehir,Bakım,Mayıs,İLKBAHAR,İÇ ANADOLU
3139,2012-05-31,Erkek,Samsun,Saç,Mayıs,İLKBAHAR,KARADENİZ
3140,2012-05-31,Erkek,Kayseri,Zayıflama,Mayıs,İLKBAHAR,İÇ ANADOLU
3141,2012-05-31,Erkek,Aydın,Cinsel,Mayıs,İLKBAHAR,EGE
3142,2012-05-31,Erkek,Samsun,Zayıflama,Mayıs,İLKBAHAR,KARADENİZ
3143,2012-05-31,Bayan,Ankara,Bakım,Mayıs,İLKBAHAR,İÇ ANADOLU
3144,2012-05-31,Erkek,İzmir,Zayıflama,Mayıs,İLKBAHAR,EGE
3145,2012-05-31,Erkek,Ankara,Güzellik,Mayıs,İLKBAHAR,İÇ ANADOLU
3146,2012-05-31,Bayan,Sivas,Zayıflama,Mayıs,İLKBAHAR,İÇ ANADOLU
3147,2012-05-31,Erkek,Sinop,Cinsel,Mayıs,İLKBAHAR,KARADENİZ
3148,2012-05-31,Erkek,Adana,Zayıflama,Mayıs,İLKBAHAR,AKDENİZ
3149,2012-05-31,Erkek,Kırıkkale,Zayıflama,Mayıs,İLKBAHAR,İÇ ANADOLU
3150,2012-05-31,Bayan,Amasya,Zayıflama,Mayıs,İLKBAHAR,KARADENİZ
3151,2012-05-31,Erkek,Adana,Saç,Mayıs,İLKBAHAR,AKDENİZ
3152,2012-05-31,Erkek,İzmir,Zayıflama,Mayıs,İLKBAHAR,EGE
3153,2012-06-01,Erkek,Elazığ,DİĞER,Haziran,YAZ,DOĞU ANADOLU
3154,2012-06-01,Erkek,Antalya,Cinsel,Haziran,YAZ,AKDENİZ
3155,2012-06-01,Erkek,Diyarbakır,DİĞER,Haziran,YAZ,GÜNEYDOĞU
3156,2012-06-01,Bayan,Gaziantep,Bakım,Haziran,YAZ,GÜNEYDOĞU
3157,2012-06-01,Bayan,Antalya,Saç,Haziran,YAZ,AKDENİZ
3158,2012-06-01,Erkek,Kayseri,Cinsel,Haziran,YAZ,İÇ ANADOLU
3159,2012-06-01,Erkek,Mardin,Zayıflama,Haziran,YAZ,GÜNEYDOĞU
3160,2012-06-01,Bayan,Bursa,Bakım,Haziran,YAZ,MARMARA
3161,2012-06-01,Erkek,Manisa,Zayıflama,Haziran,YAZ,EGE
3162,2012-06-01,Bayan,Tekirdağ,Zayıflama,Haziran,YAZ,MARMARA
3163,2012-06-01,Bayan,Konya,Bakım,Haziran,YAZ,İÇ ANADOLU
3164,2012-06-02,Erkek,İstanbul,Bakım,Haziran,YAZ,MARMARA
3165,2012-06-02,Erkek,Antalya,Saç,Haziran,YAZ,AKDENİZ
3166,2012-06-02,Erkek,İstanbul,Bakım,Haziran,YAZ,MARMARA
3167,2012-06-02,Bayan,İstanbul,Zayıflama,Haziran,YAZ,MARMARA
3168,2012-06-02,Erkek,İstanbul,Bakım,Haziran,YAZ,MARMARA
3169,2012-06-02,Bayan,İstanbul,Güzellik,Haziran,YAZ,MARMARA
3170,2012-03-10,Bayan,İzmir,Zayıflama,Mart,İLKBAHAR,EGE
3171,2012-03-10,Erkek,Giresun,Zayıflama,Mart,İLKBAHAR,KARADENİZ
3172,2012-03-10,Erkek,Gaziantep,Zayıflama,Mart,İLKBAHAR,GÜNEYDOĞU
3173,2012-03-10,Erkek,İstanbul,Ağrılar,Mart,İLKBAHAR,MARMARA
3174,2012-03-10,Erkek,Malatya,Cinsel,Mart,İLKBAHAR,DOĞU ANADOLU
3175,2012-03-10,Bayan,Manisa,Zayıflama,Mart,İLKBAHAR,EGE
3176,2012-03-10,Erkek,Ankara,Zayıflama,Mart,İLKBAHAR,İÇ ANADOLU
3177,2012-03-10,Bayan,İstanbul,Güzellik,Mart,İLKBAHAR,MARMARA
3178,2012-03-10,Bayan,İzmir,DİĞER,Mart,İLKBAHAR,EGE
3179,2012-03-10,Erkek,Antalya,Cinsel,Mart,İLKBAHAR,AKDENİZ
3180,2012-03-10,Bayan,Antalya,Güzellik,Mart,İLKBAHAR,AKDENİZ
3181,2012-03-10,Erkek,Konya,Zayıflama,Mart,İLKBAHAR,İÇ ANADOLU
3182,2012-03-10,Erkek,İstanbul,Zayıflama,Mart,İLKBAHAR,MARMARA
3183,2012-03-10,Bayan,Bartın,Cinsel,Mart,İLKBAHAR,KARADENİZ
3184,2012-03-10,Bayan,İstanbul,DİĞER,Mart,İLKBAHAR,MARMARA
3185,2012-03-10,Erkek,Amasya,DİĞER,Mart,İLKBAHAR,KARADENİZ
3186,2012-03-10,Bayan,Bolu,Zayıflama,Mart,İLKBAHAR,KARADENİZ
3187,2012-03-10,Erkek,Ankara,Zayıflama,Mart,İLKBAHAR,İÇ ANADOLU
3188,2012-03-10,Erkek,Diyarbakır,Zayıflama,Mart,İLKBAHAR,GÜNEYDOĞU
3189,2012-03-10,Bayan,İstanbul,Zayıflama,Mart,İLKBAHAR,MARMARA
3190,2012-03-10,Erkek,Ağrı,Zayıflama,Mart,İLKBAHAR,DOĞU ANADOLU
3191,2012-03-10,Erkek,İstanbul,Cinsel,Mart,İLKBAHAR,MARMARA
3192,2012-03-10,Erkek,Şanlıurfa,Cinsel,Mart,İLKBAHAR,GÜNEYDOĞU
3193,2012-03-10,Erkek,İstanbul,Cinsel,Mart,İLKBAHAR,MARMARA
3194,2012-03-10,Bayan,İstanbul,Cinsel,Mart,İLKBAHAR,MARMARA
3195,2012-03-12,Bayan,Aydın,Zayıflama,Mart,İLKBAHAR,EGE
3196,2012-03-12,Erkek,Ankara,Zayıflama,Mart,İLKBAHAR,İÇ ANADOLU
3197,2012-03-12,Erkek,İstanbul,Cinsel,Mart,İLKBAHAR,MARMARA
3198,2012-03-12,Erkek,Kocaeli,Cinsel,Mart,İLKBAHAR,MARMARA
3199,2012-03-12,Erkek,Manisa,Cinsel,Mart,İLKBAHAR,EGE
3200,2012-03-12,Erkek,Diyarbakır,Ağrılar,Mart,İLKBAHAR,GÜNEYDOĞU
3201,2012-03-12,Erkek,Ardahan,Cinsel,Mart,İLKBAHAR,DOĞU ANADOLU
3202,2012-03-12,Erkek,Antalya,Güzellik,Mart,İLKBAHAR,AKDENİZ
3203,2012-03-12,Bayan,Ankara,Zayıflama,Mart,İLKBAHAR,İÇ ANADOLU
3204,2012-03-12,Bayan,İstanbul,Zayıflama,Mart,İLKBAHAR,MARMARA
3205,2012-03-12,Bayan,Tekirdağ,Zayıflama,Mart,İLKBAHAR,MARMARA
3206,2012-03-12,Bayan,Manisa,Zayıflama,Mart,İLKBAHAR,EGE
3207,2012-03-12,Bayan,Balıkesir,Zayıflama,Mart,İLKBAHAR,MARMARA
3208,2012-03-12,Erkek,Ankara,Zayıflama,Mart,İLKBAHAR,İÇ ANADOLU
3209,2012-03-12,Erkek,Aydın,Saç,Mart,İLKBAHAR,EGE
3210,2012-03-12,Bayan,İstanbul,Zayıflama,Mart,İLKBAHAR,MARMARA
3211,2012-03-12,Bayan,Ankara,Zayıflama,Mart,İLKBAHAR,İÇ ANADOLU
3212,2012-03-12,Erkek,İzmir,Zayıflama,Mart,İLKBAHAR,EGE
3213,2012-03-12,Erkek,Bursa,Cinsel,Mart,İLKBAHAR,MARMARA
3214,2012-03-12,Erkek,Antalya,Zayıflama,Mart,İLKBAHAR,AKDENİZ
3215,2012-03-12,Erkek,İstanbul,Ağrılar,Mart,İLKBAHAR,MARMARA
3216,2012-03-12,Erkek,İzmir,Zayıflama,Mart,İLKBAHAR,EGE
3217,2012-03-12,Bayan,İstanbul,Zayıflama,Mart,İLKBAHAR,MARMARA
3218,2012-03-12,Erkek,Kütahya,DİĞER,Mart,İLKBAHAR,EGE
3219,2012-03-12,Erkek,Ankara,DİĞER,Mart,İLKBAHAR,İÇ ANADOLU
3220,2012-03-12,Erkek,Tekirdağ,Zayıflama,Mart,İLKBAHAR,MARMARA
3221,2012-03-12,Bayan,İstanbul,Zayıflama,Mart,İLKBAHAR,MARMARA
3222,2012-03-12,Erkek,Ankara,Ağrılar,Mart,İLKBAHAR,İÇ ANADOLU
3223,2012-03-12,Bayan,İstanbul,Zayıflama,Mart,İLKBAHAR,MARMARA
3224,2012-03-12,Erkek,Samsun,Cinsel,Mart,İLKBAHAR,KARADENİZ
3225,2012-03-12,Erkek,Şanlıurfa,Cinsel,Mart,İLKBAHAR,GÜNEYDOĞU
3226,2012-03-12,Bayan,İzmir,Zayıflama,Mart,İLKBAHAR,EGE
3227,2012-03-12,Erkek,İstanbul,Zayıflama,Mart,İLKBAHAR,MARMARA
3228,2012-03-12,Bayan,Bursa,Zayıflama,Mart,İLKBAHAR,MARMARA
3229,2012-03-13,Erkek,Kayseri,Güzellik,Mart,İLKBAHAR,İÇ ANADOLU
3230,2012-03-13,Bayan,Ankara,Zayıflama,Mart,İLKBAHAR,İÇ ANADOLU
3231,2012-03-13,Bayan,Bursa,Güzellik,Mart,İLKBAHAR,MARMARA
3232,2012-03-13,Erkek,Kocaeli,Zayıflama,Mart,İLKBAHAR,MARMARA
3233,2012-03-13,Erkek,İstanbul,Zayıflama,Mart,İLKBAHAR,MARMARA
3234,2012-03-13,Erkek,İstanbul,Cinsel,Mart,İLKBAHAR,MARMARA
3235,2012-03-13,Bayan,İstanbul,Bakım,Mart,İLKBAHAR,MARMARA
3236,2012-03-13,Erkek,İstanbul,Zayıflama,Mart,İLKBAHAR,MARMARA
3237,2012-03-13,Erkek,İstanbul,Cinsel,Mart,İLKBAHAR,MARMARA
3238,2012-03-13,Erkek,İstanbul,Zayıflama,Mart,İLKBAHAR,MARMARA
3239,2012-03-13,Bayan,Sivas,Zayıflama,Mart,İLKBAHAR,İÇ ANADOLU
3240,2012-03-13,Bayan,İzmir,Zayıflama,Mart,İLKBAHAR,EGE
3241,2012-03-13,Erkek,İstanbul,Cinsel,Mart,İLKBAHAR,MARMARA
3242,2012-03-13,Bayan,Bursa,Zayıflama,Mart,İLKBAHAR,MARMARA
3243,2012-03-13,Bayan,Balıkesir,Zayıflama,Mart,İLKBAHAR,MARMARA
3244,2012-03-13,Erkek,Kocaeli,Cinsel,Mart,İLKBAHAR,MARMARA
3245,2012-03-13,Erkek,İstanbul,Bakım,Mart,İLKBAHAR,MARMARA
3246,2012-03-13,Erkek,İzmir,Zayıflama,Mart,İLKBAHAR,EGE
3247,2012-03-13,Bayan,Bursa,Zayıflama,Mart,İLKBAHAR,MARMARA
3248,2012-03-13,Erkek,İstanbul,Zayıflama,Mart,İLKBAHAR,MARMARA
3249,2012-03-13,Erkek,Ankara,DİĞER,Mart,İLKBAHAR,İÇ ANADOLU
3250,2012-03-13,Erkek,Tekirdağ,Zayıflama,Mart,İLKBAHAR,MARMARA
3251,2012-03-13,Bayan,Gaziantep,Zayıflama,Mart,İLKBAHAR,GÜNEYDOĞU
3252,2012-03-13,Erkek,İzmir,Zayıflama,Mart,İLKBAHAR,EGE
3253,2012-03-13,Erkek,Gaziantep,DİĞER,Mart,İLKBAHAR,GÜNEYDOĞU
3254,2012-03-13,Erkek,İstanbul,DİĞER,Mart,İLKBAHAR,MARMARA
3255,2012-03-13,Bayan,Malatya,Zayıflama,Mart,İLKBAHAR,DOĞU ANADOLU
3256,2012-03-13,Bayan,Tunceli,Zayıflama,Mart,İLKBAHAR,DOĞU ANADOLU
3257,2012-03-13,Erkek,İstanbul,Sağlık,Mart,İLKBAHAR,MARMARA
3258,2012-03-13,Erkek,Manisa,Ağrılar,Mart,İLKBAHAR,EGE
3259,2012-03-13,Bayan,Karaman,Zayıflama,Mart,İLKBAHAR,İÇ ANADOLU
3260,2012-03-13,Erkek,Kars,Zayıflama,Mart,İLKBAHAR,DOĞU ANADOLU
3261,2012-03-13,Erkek,Edirne,Cinsel,Mart,İLKBAHAR,MARMARA
3262,2012-03-13,Erkek,Kayseri,DİĞER,Mart,İLKBAHAR,İÇ ANADOLU
3263,2012-03-14,Erkek,Kayseri,DİĞER,Mart,İLKBAHAR,İÇ ANADOLU
3264,2012-03-14,Bayan,Ankara,Zayıflama,Mart,İLKBAHAR,İÇ ANADOLU
3265,2012-03-14,Erkek,İstanbul,DİĞER,Mart,İLKBAHAR,MARMARA
3266,2012-03-14,Bayan,Gaziantep,Zayıflama,Mart,İLKBAHAR,GÜNEYDOĞU
3267,2012-03-14,Erkek,Adıyaman,Güzellik,Mart,İLKBAHAR,GÜNEYDOĞU
3268,2012-03-14,Erkek,Bartın,Zayıflama,Mart,İLKBAHAR,KARADENİZ
3269,2012-03-14,Bayan,İstanbul,Zayıflama,Mart,İLKBAHAR,MARMARA
3270,2012-03-14,Bayan,Denizli,Zayıflama,Mart,İLKBAHAR,EGE
3271,2012-03-14,Erkek,Ankara,Ağrılar,Mart,İLKBAHAR,İÇ ANADOLU
3272,2012-03-14,Erkek,Şırnak,Zayıflama,Mart,İLKBAHAR,DOĞU ANADOLU
3273,2012-03-14,Bayan,Balıkesir,Zayıflama,Mart,İLKBAHAR,MARMARA
3274,2012-03-14,Bayan,İzmir,Zayıflama,Mart,İLKBAHAR,EGE
3275,2012-03-14,Erkek,Tekirdağ,Sağlık,Mart,İLKBAHAR,MARMARA
3276,2012-03-14,Erkek,Hatay,Zayıflama,Mart,İLKBAHAR,AKDENİZ
3277,2012-03-14,Erkek,Antalya,Sağlık,Mart,İLKBAHAR,AKDENİZ
3278,2012-03-14,Erkek,Muş,Saç,Mart,İLKBAHAR,DOĞU ANADOLU
3279,2012-03-14,Erkek,İstanbul,Cinsel,Mart,İLKBAHAR,MARMARA
3280,2012-03-14,Erkek,İstanbul,DİĞER,Mart,İLKBAHAR,MARMARA
3281,2012-03-14,Erkek,Denizli,Saç,Mart,İLKBAHAR,EGE
3282,2012-03-14,Bayan,İzmir,Zayıflama,Mart,İLKBAHAR,EGE
3283,2012-03-14,Erkek,Mersin,Zayıflama,Mart,İLKBAHAR,AKDENİZ
3284,2012-03-14,Erkek,Gaziantep,DİĞER,Mart,İLKBAHAR,GÜNEYDOĞU
3285,2012-03-14,Erkek,İstanbul,Cinsel,Mart,İLKBAHAR,MARMARA
3286,2012-03-14,Erkek,Zonguldak,Bakım,Mart,İLKBAHAR,KARADENİZ
3287,2012-03-14,Erkek,İstanbul,Sağlık,Mart,İLKBAHAR,MARMARA
3288,2012-03-14,Erkek,İstanbul,Cinsel,Mart,İLKBAHAR,MARMARA
3289,2012-03-15,Bayan,İzmir,Zayıflama,Mart,İLKBAHAR,EGE
3290,2012-03-15,Erkek,Kocaeli,Cinsel,Mart,İLKBAHAR,MARMARA
3291,2012-03-15,Erkek,İstanbul,Cinsel,Mart,İLKBAHAR,MARMARA
3292,2012-03-15,Erkek,Bursa,Saç,Mart,İLKBAHAR,MARMARA
3293,2012-03-15,Erkek,İstanbul,Zayıflama,Mart,İLKBAHAR,MARMARA
3294,2012-03-15,Erkek,Tekirdağ,Saç,Mart,İLKBAHAR,MARMARA
3295,2012-03-15,Erkek,Şırnak,DİĞER,Mart,İLKBAHAR,DOĞU ANADOLU
3296,2012-03-15,Erkek,Bursa,Zayıflama,Mart,İLKBAHAR,MARMARA
3297,2012-03-15,Erkek,Eskişehir,DİĞER,Mart,İLKBAHAR,İÇ ANADOLU
3298,2012-03-15,Erkek,Eskişehir,DİĞER,Mart,İLKBAHAR,İÇ ANADOLU
3299,2012-03-15,Bayan,Tekirdağ,Zayıflama,Mart,İLKBAHAR,MARMARA
3300,2012-03-15,Bayan,Ankara,Zayıflama,Mart,İLKBAHAR,İÇ ANADOLU
3301,2012-03-15,Erkek,Eskişehir,Cinsel,Mart,İLKBAHAR,İÇ ANADOLU
3302,2012-03-15,Erkek,Afyon,Zayıflama,Mart,İLKBAHAR,EGE
3303,2012-03-15,Bayan,Aksaray,Zayıflama,Mart,İLKBAHAR,İÇ ANADOLU
3304,2012-03-16,Erkek,Manisa,Zayıflama,Mart,İLKBAHAR,EGE
3305,2012-03-16,Erkek,Konya,Zayıflama,Mart,İLKBAHAR,İÇ ANADOLU
3306,2012-03-16,Bayan,Kırıkkale,Cinsel,Mart,İLKBAHAR,İÇ ANADOLU
3307,2012-03-16,Erkek,Mersin,Cinsel,Mart,İLKBAHAR,AKDENİZ
3308,2012-03-16,Erkek,İstanbul,Zayıflama,Mart,İLKBAHAR,MARMARA
3309,2012-03-16,Bayan,İstanbul,Zayıflama,Mart,İLKBAHAR,MARMARA
3310,2012-03-16,Erkek,Kocaeli,Cinsel,Mart,İLKBAHAR,MARMARA
3311,2012-03-16,Bayan,Mersin,Zayıflama,Mart,İLKBAHAR,AKDENİZ
3312,2012-03-16,Erkek,Konya,DİĞER,Mart,İLKBAHAR,İÇ ANADOLU
3313,2012-03-16,Bayan,İzmir,Zayıflama,Mart,İLKBAHAR,EGE
3314,2012-03-16,Bayan,İzmir,Zayıflama,Mart,İLKBAHAR,EGE
3315,2012-03-16,Erkek,İzmir,Zayıflama,Mart,İLKBAHAR,EGE
3316,2012-03-16,Erkek,Antalya,Zayıflama,Mart,İLKBAHAR,AKDENİZ
3317,2012-03-16,Bayan,İzmir,Zayıflama,Mart,İLKBAHAR,EGE
3318,2012-03-16,Bayan,İzmir,Zayıflama,Mart,İLKBAHAR,EGE
3319,2012-03-16,Bayan,Ankara,Zayıflama,Mart,İLKBAHAR,İÇ ANADOLU
3320,2012-03-16,Erkek,Ankara,Zayıflama,Mart,İLKBAHAR,İÇ ANADOLU
3321,2012-03-16,Erkek,Kırıkkale,Saç,Mart,İLKBAHAR,İÇ ANADOLU
3322,2012-03-16,Erkek,İstanbul,Cinsel,Mart,İLKBAHAR,MARMARA
3323,2012-03-16,Erkek,İstanbul,Güzellik,Mart,İLKBAHAR,MARMARA
3324,2012-03-16,Bayan,Erzincan,Zayıflama,Mart,İLKBAHAR,DOĞU ANADOLU
3325,2012-03-16,Bayan,Antalya,Zayıflama,Mart,İLKBAHAR,AKDENİZ
3326,2012-03-16,Erkek,Karaman,Cinsel,Mart,İLKBAHAR,İÇ ANADOLU
3327,2012-03-16,Bayan,İstanbul,Bakım,Mart,İLKBAHAR,MARMARA
3328,2012-03-16,Erkek,Aydın,Zayıflama,Mart,İLKBAHAR,EGE
3329,2012-03-16,Erkek,Kayseri,DİĞER,Mart,İLKBAHAR,İÇ ANADOLU
3330,2012-03-16,Erkek,Tekirdağ,Saç,Mart,İLKBAHAR,MARMARA
3331,2012-03-16,Erkek,Aydın,Bakım,Mart,İLKBAHAR,EGE
3332,2012-03-16,Erkek,İstanbul,Zayıflama,Mart,İLKBAHAR,MARMARA
3333,2012-03-16,Erkek,Adıyaman,Güzellik,Mart,İLKBAHAR,GÜNEYDOĞU
3334,2012-03-16,Erkek,Trabzon,DİĞER,Mart,İLKBAHAR,KARADENİZ
3335,2012-03-16,Erkek,İstanbul,DİĞER,Mart,İLKBAHAR,MARMARA
3336,2012-03-17,Erkek,Antalya,Ağrılar,Mart,İLKBAHAR,AKDENİZ
3337,2012-03-17,Erkek,Antalya,Zayıflama,Mart,İLKBAHAR,AKDENİZ
3338,2012-03-17,Erkek,Malatya,Zayıflama,Mart,İLKBAHAR,DOĞU ANADOLU
3339,2012-03-17,Bayan,Samsun,Zayıflama,Mart,İLKBAHAR,KARADENİZ
3340,2012-03-17,Bayan,Adana,Zayıflama,Mart,İLKBAHAR,AKDENİZ
3341,2012-03-17,Erkek,Gaziantep,Saç,Mart,İLKBAHAR,GÜNEYDOĞU
3342,2012-03-17,Bayan,Ankara,DİĞER,Mart,İLKBAHAR,İÇ ANADOLU
3343,2012-03-17,Erkek,Muş,Cinsel,Mart,İLKBAHAR,DOĞU ANADOLU
3344,2012-03-17,Bayan,Malatya,Zayıflama,Mart,İLKBAHAR,DOĞU ANADOLU
3345,2012-03-17,Bayan,İzmir,Zayıflama,Mart,İLKBAHAR,EGE
3346,2012-03-19,Erkek,İzmir,Zayıflama,Mart,İLKBAHAR,EGE
3347,2012-03-19,Erkek,İstanbul,Ağrılar,Mart,İLKBAHAR,MARMARA
3348,2012-03-19,Bayan,Gaziantep,Saç,Mart,İLKBAHAR,GÜNEYDOĞU
3349,2012-03-19,Bayan,Ankara,Zayıflama,Mart,İLKBAHAR,İÇ ANADOLU
3350,2012-03-19,Bayan,İstanbul,Zayıflama,Mart,İLKBAHAR,MARMARA
3351,2012-03-19,Erkek,İstanbul,Zayıflama,Mart,İLKBAHAR,MARMARA
3352,2012-03-19,Bayan,İstanbul,Zayıflama,Mart,İLKBAHAR,MARMARA
3353,2012-03-19,Bayan,Bursa,Zayıflama,Mart,İLKBAHAR,MARMARA
3354,2012-03-19,Erkek,Bursa,Zayıflama,Mart,İLKBAHAR,MARMARA
3355,2012-03-19,Bayan,Kocaeli,Zayıflama,Mart,İLKBAHAR,MARMARA
3356,2012-03-19,Erkek,Antalya,Zayıflama,Mart,İLKBAHAR,AKDENİZ
3357,2012-03-19,Erkek,Mersin,Cinsel,Mart,İLKBAHAR,AKDENİZ
3358,2012-03-19,Erkek,Mardin,DİĞER,Mart,İLKBAHAR,GÜNEYDOĞU
3359,2012-03-19,Bayan,Ankara,Zayıflama,Mart,İLKBAHAR,İÇ ANADOLU
3360,2012-03-19,Erkek,Bursa,Saç,Mart,İLKBAHAR,MARMARA
3361,2012-03-19,Erkek,Gaziantep,DİĞER,Mart,İLKBAHAR,GÜNEYDOĞU
3362,2012-03-19,Erkek,Samsun,Saç,Mart,İLKBAHAR,KARADENİZ
3363,2012-03-19,Bayan,İstanbul,Zayıflama,Mart,İLKBAHAR,MARMARA
3364,2012-03-19,Erkek,Mardin,Saç,Mart,İLKBAHAR,GÜNEYDOĞU
3365,2012-03-19,Bayan,Ankara,Zayıflama,Mart,İLKBAHAR,İÇ ANADOLU
3366,2012-03-19,Erkek,Manisa,Zayıflama,Mart,İLKBAHAR,EGE
3367,2012-03-19,Erkek,İstanbul,Zayıflama,Mart,İLKBAHAR,MARMARA
3368,2012-03-19,Bayan,Adana,Zayıflama,Mart,İLKBAHAR,AKDENİZ
3369,2012-03-19,Erkek,İstanbul,Cinsel,Mart,İLKBAHAR,MARMARA
3370,2012-03-19,Erkek,Sivas,Sağlık,Mart,İLKBAHAR,İÇ ANADOLU
3371,2012-03-19,Erkek,Uşak,Cinsel,Mart,İLKBAHAR,EGE
3372,2012-03-19,Erkek,Kocaeli,Cinsel,Mart,İLKBAHAR,MARMARA
3373,2012-03-19,Erkek,İstanbul,Cinsel,Mart,İLKBAHAR,MARMARA
3374,2012-03-19,Bayan,Kocaeli,Zayıflama,Mart,İLKBAHAR,MARMARA
3375,2012-03-19,Erkek,İstanbul,Cinsel,Mart,İLKBAHAR,MARMARA
3376,2012-03-19,Erkek,İzmir,Zayıflama,Mart,İLKBAHAR,EGE
3377,2012-03-19,Erkek,Hatay,Cinsel,Mart,İLKBAHAR,AKDENİZ
3378,2012-03-20,Erkek,Diyarbakır,DİĞER,Mart,İLKBAHAR,GÜNEYDOĞU
3379,2012-03-20,Erkek,Adıyaman,Güzellik,Mart,İLKBAHAR,GÜNEYDOĞU
3380,2012-03-20,Erkek,Bursa,Ağrılar,Mart,İLKBAHAR,MARMARA
3381,2012-03-20,Erkek,Mersin,Zayıflama,Mart,İLKBAHAR,AKDENİZ
3382,2012-03-20,Bayan,İstanbul,Zayıflama,Mart,İLKBAHAR,MARMARA
3383,2012-03-20,Erkek,İstanbul,Zayıflama,Mart,İLKBAHAR,MARMARA
3384,2012-03-20,Bayan,Nevşehir,Zayıflama,Mart,İLKBAHAR,İÇ ANADOLU
3385,2012-03-20,Bayan,Giresun,Zayıflama,Mart,İLKBAHAR,KARADENİZ
3386,2012-03-20,Bayan,Ankara,Zayıflama,Mart,İLKBAHAR,İÇ ANADOLU
3387,2012-03-20,Erkek,Konya,DİĞER,Mart,İLKBAHAR,İÇ ANADOLU
3388,2012-03-20,Erkek,Ankara,Zayıflama,Mart,İLKBAHAR,İÇ ANADOLU
3389,2012-03-20,Erkek,Ankara,Sağlık,Mart,İLKBAHAR,İÇ ANADOLU
3390,2012-03-20,Erkek,Antalya,DİĞER,Mart,İLKBAHAR,AKDENİZ
3391,2012-03-20,Erkek,Amasya,Zayıflama,Mart,İLKBAHAR,KARADENİZ
3392,2012-03-20,Erkek,İzmir,Zayıflama,Mart,İLKBAHAR,EGE
3393,2012-03-20,Bayan,Adana,Zayıflama,Mart,İLKBAHAR,AKDENİZ
3394,2012-03-20,Bayan,İzmir,Bakım,Mart,İLKBAHAR,EGE
3395,2012-03-20,Bayan,İstanbul,Cinsel,Mart,İLKBAHAR,MARMARA
3396,2012-03-20,Erkek,İstanbul,Cinsel,Mart,İLKBAHAR,MARMARA
3397,2012-03-20,Bayan,İzmir,Zayıflama,Mart,İLKBAHAR,EGE
3398,2012-03-20,Erkek,Ankara,DİĞER,Mart,İLKBAHAR,İÇ ANADOLU
3399,2012-03-20,Bayan,İstanbul,Zayıflama,Mart,İLKBAHAR,MARMARA
3400,2012-03-20,Erkek,Isparta,Zayıflama,Mart,İLKBAHAR,AKDENİZ
3401,2012-03-20,Erkek,Antalya,Cinsel,Mart,İLKBAHAR,AKDENİZ
3402,2012-03-21,Erkek,İçel,Zayıflama,Mart,İLKBAHAR,AKDENİZ
3403,2012-03-21,Erkek,Gaziantep,Cinsel,Mart,İLKBAHAR,GÜNEYDOĞU
3404,2012-03-21,Erkek,Erzurum,Sağlık,Mart,İLKBAHAR,DOĞU ANADOLU
3405,2012-03-21,Erkek,İzmir,Zayıflama,Mart,İLKBAHAR,EGE
3406,2012-03-21,Erkek,Tekirdağ,Zayıflama,Mart,İLKBAHAR,MARMARA
3407,2012-03-21,Erkek,İstanbul,Zayıflama,Mart,İLKBAHAR,MARMARA
3408,2012-03-21,Bayan,Zonguldak,Zayıflama,Mart,İLKBAHAR,KARADENİZ
3409,2012-03-21,Erkek,Aydın,Saç,Mart,İLKBAHAR,EGE
3410,2012-03-21,Bayan,Antalya,Zayıflama,Mart,İLKBAHAR,AKDENİZ
3411,2012-03-21,Bayan,Mardin,Güzellik,Mart,İLKBAHAR,GÜNEYDOĞU
3412,2012-03-21,Bayan,İstanbul,Zayıflama,Mart,İLKBAHAR,MARMARA
3413,2012-03-21,Bayan,İzmir,Zayıflama,Mart,İLKBAHAR,EGE
3414,2012-03-21,Erkek,Kayseri,Saç,Mart,İLKBAHAR,İÇ ANADOLU
3415,2012-03-21,Erkek,Adana,Zayıflama,Mart,İLKBAHAR,AKDENİZ
3416,2012-03-21,Erkek,Adana,Saç,Mart,İLKBAHAR,AKDENİZ
3417,2012-03-21,Erkek,Balıkesir,Zayıflama,Mart,İLKBAHAR,MARMARA
3418,2012-03-21,Erkek,Konya,Zayıflama,Mart,İLKBAHAR,İÇ ANADOLU
3419,2012-03-21,Erkek,Kayseri,Zayıflama,Mart,İLKBAHAR,İÇ ANADOLU
3420,2012-03-21,Erkek,Ankara,Zayıflama,Mart,İLKBAHAR,İÇ ANADOLU
3421,2012-03-21,Erkek,İstanbul,Zayıflama,Mart,İLKBAHAR,MARMARA
3422,2012-03-21,Erkek,Samsun,DİĞER,Mart,İLKBAHAR,KARADENİZ
3423,2012-03-21,Erkek,İstanbul,DİĞER,Mart,İLKBAHAR,MARMARA
3424,2012-03-21,Erkek,İzmir,Zayıflama,Mart,İLKBAHAR,EGE
3425,2012-03-21,Bayan,İzmir,Zayıflama,Mart,İLKBAHAR,EGE
3426,2012-03-21,Bayan,Bursa,Zayıflama,Mart,İLKBAHAR,MARMARA
3427,2012-03-21,Erkek,İzmir,Saç,Mart,İLKBAHAR,EGE
3428,2012-03-21,Erkek,İzmir,Bakım,Mart,İLKBAHAR,EGE
3429,2012-03-22,Erkek,İzmir,Zayıflama,Mart,İLKBAHAR,EGE
3430,2012-03-22,Bayan,Ankara,Zayıflama,Mart,İLKBAHAR,İÇ ANADOLU
3431,2012-03-22,Erkek,Tekirdağ,Cinsel,Mart,İLKBAHAR,MARMARA
3432,2012-03-22,Erkek,Ankara,Zayıflama,Mart,İLKBAHAR,İÇ ANADOLU
3433,2012-03-22,Erkek,İstanbul,Zayıflama,Mart,İLKBAHAR,MARMARA
3434,2012-03-22,Bayan,İstanbul,Zayıflama,Mart,İLKBAHAR,MARMARA
3435,2012-03-22,Bayan,İzmir,Zayıflama,Mart,İLKBAHAR,EGE
3436,2012-03-22,Bayan,İstanbul,Zayıflama,Mart,İLKBAHAR,MARMARA
3437,2012-03-22,Erkek,Kocaeli,Cinsel,Mart,İLKBAHAR,MARMARA
3438,2012-03-22,Bayan,Balıkesir,Zayıflama,Mart,İLKBAHAR,MARMARA
3439,2012-03-22,Bayan,İzmir,Zayıflama,Mart,İLKBAHAR,EGE
3440,2012-03-22,Erkek,Mersin,Cinsel,Mart,İLKBAHAR,AKDENİZ
3441,2012-03-22,Bayan,Mersin,Zayıflama,Mart,İLKBAHAR,AKDENİZ
3442,2012-03-22,Bayan,Kocaeli,Zayıflama,Mart,İLKBAHAR,MARMARA
3443,2012-03-22,Bayan,Ordu,Zayıflama,Mart,İLKBAHAR,KARADENİZ
3444,2012-03-22,Erkek,İstanbul,Bakım,Mart,İLKBAHAR,MARMARA
3445,2012-03-22,Erkek,Sivas,Saç,Mart,İLKBAHAR,İÇ ANADOLU
3446,2012-03-22,Erkek,Eskişehir,Bakım,Mart,İLKBAHAR,İÇ ANADOLU
3447,2012-03-22,Erkek,Ankara,Zayıflama,Mart,İLKBAHAR,İÇ ANADOLU
3448,2012-03-22,Bayan,Ankara,Zayıflama,Mart,İLKBAHAR,İÇ ANADOLU
3449,2012-03-22,Erkek,Kahramanmaraş,Bakım,Mart,İLKBAHAR,AKDENİZ
3450,2012-03-22,Erkek,Ankara,Bakım,Mart,İLKBAHAR,İÇ ANADOLU
3451,2012-03-22,Erkek,Mardin,Saç,Mart,İLKBAHAR,GÜNEYDOĞU
3452,2012-03-22,Erkek,İstanbul,Cinsel,Mart,İLKBAHAR,MARMARA
3453,2012-03-22,Bayan,Isparta,Zayıflama,Mart,İLKBAHAR,AKDENİZ
3454,2012-03-22,Bayan,Erzincan,Zayıflama,Mart,İLKBAHAR,DOĞU ANADOLU
3455,2012-03-23,Erkek,Bolu,Bakım,Mart,İLKBAHAR,KARADENİZ
3456,2012-03-23,Bayan,Ankara,Zayıflama,Mart,İLKBAHAR,İÇ ANADOLU
3457,2012-03-23,Bayan,Bolu,Zayıflama,Mart,İLKBAHAR,KARADENİZ
3458,2012-03-23,Bayan,Tekirdağ,Zayıflama,Mart,İLKBAHAR,MARMARA
3459,2012-03-23,Bayan,Ankara,Zayıflama,Mart,İLKBAHAR,İÇ ANADOLU
3460,2012-03-23,Erkek,İzmir,Bakım,Mart,İLKBAHAR,EGE
3461,2012-03-23,Erkek,İstanbul,Cinsel,Mart,İLKBAHAR,MARMARA
3462,2012-03-23,Bayan,Kahramanmaraş,DİĞER,Mart,İLKBAHAR,AKDENİZ
3463,2012-03-23,Erkek,Balıkesir,Cinsel,Mart,İLKBAHAR,MARMARA
3464,2012-03-23,Erkek,Diyarbakır,Zayıflama,Mart,İLKBAHAR,GÜNEYDOĞU
3465,2012-03-23,Bayan,Manisa,Zayıflama,Mart,İLKBAHAR,EGE
3466,2012-03-23,Erkek,İstanbul,Bakım,Mart,İLKBAHAR,MARMARA
3467,2012-03-23,Erkek,Çanakkale,Bakım,Mart,İLKBAHAR,MARMARA
3468,2012-03-23,Bayan,Ankara,Zayıflama,Mart,İLKBAHAR,İÇ ANADOLU
3469,2012-03-23,Bayan,Ankara,Zayıflama,Mart,İLKBAHAR,İÇ ANADOLU
3470,2012-03-23,Erkek,İstanbul,Cinsel,Mart,İLKBAHAR,MARMARA
3471,2012-03-23,Erkek,Ankara,DİĞER,Mart,İLKBAHAR,İÇ ANADOLU
3472,2012-03-23,Bayan,Samsun,DİĞER,Mart,İLKBAHAR,KARADENİZ
3473,2012-03-23,Bayan,Tekirdağ,Ağrılar,Mart,İLKBAHAR,MARMARA
3474,2012-03-23,Erkek,Niğde,Ağrılar,Mart,İLKBAHAR,İÇ ANADOLU
3475,2012-03-23,Bayan,Ankara,Ağrılar,Mart,İLKBAHAR,İÇ ANADOLU
3476,2012-03-23,Erkek,Mersin,Cinsel,Mart,İLKBAHAR,AKDENİZ
3477,2012-03-23,Erkek,İzmir,Güzellik,Mart,İLKBAHAR,EGE
3478,2012-03-23,Bayan,Aydın,Zayıflama,Mart,İLKBAHAR,EGE
3479,2012-03-23,Erkek,Diyarbakır,Bakım,Mart,İLKBAHAR,GÜNEYDOĞU
3480,2012-03-23,Bayan,Mersin,Zayıflama,Mart,İLKBAHAR,AKDENİZ
3481,2012-03-23,Bayan,Ankara,DİĞER,Mart,İLKBAHAR,İÇ ANADOLU
3482,2012-03-24,Erkek,Hakkari,Sağlık,Mart,İLKBAHAR,DOĞU ANADOLU
3483,2012-03-24,Erkek,İstanbul,Zayıflama,Mart,İLKBAHAR,MARMARA
3484,2012-03-24,Erkek,İzmir,Zayıflama,Mart,İLKBAHAR,EGE
3485,2012-03-24,Erkek,Zonguldak,Zayıflama,Mart,İLKBAHAR,KARADENİZ
3486,2012-03-24,Erkek,İstanbul,Sağlık,Mart,İLKBAHAR,MARMARA
3487,2012-03-24,Erkek,Bursa,Bakım,Mart,İLKBAHAR,MARMARA
3488,2012-03-24,Erkek,Diyarbakır,Güzellik,Mart,İLKBAHAR,GÜNEYDOĞU
3489,2012-03-24,Erkek,Elazığ,Zayıflama,Mart,İLKBAHAR,DOĞU ANADOLU
3490,2012-03-24,Erkek,Malatya,Cinsel,Mart,İLKBAHAR,DOĞU ANADOLU
3491,2012-03-24,Erkek,Bolu,Bakım,Mart,İLKBAHAR,KARADENİZ
3492,2012-03-24,Bayan,Bursa,Cinsel,Mart,İLKBAHAR,MARMARA
3493,2012-03-24,Erkek,Antalya,Saç,Mart,İLKBAHAR,AKDENİZ
3494,2012-03-24,Erkek,Mersin,Zayıflama,Mart,İLKBAHAR,AKDENİZ
3495,2012-03-24,Erkek,İstanbul,Zayıflama,Mart,İLKBAHAR,MARMARA
3496,2012-03-24,Erkek,Muş,DİĞER,Mart,İLKBAHAR,DOĞU ANADOLU
3497,2012-03-24,Erkek,Kocaeli,Sağlık,Mart,İLKBAHAR,MARMARA
3498,2012-03-24,Erkek,Muğla,Zayıflama,Mart,İLKBAHAR,EGE
3499,2012-03-24,Bayan,Malatya,Bakım,Mart,İLKBAHAR,DOĞU ANADOLU
3500,2012-03-24,Erkek,İstanbul,Saç,Mart,İLKBAHAR,MARMARA
3501,2012-03-24,Erkek,Ordu,DİĞER,Mart,İLKBAHAR,KARADENİZ
3502,2012-03-24,Erkek,Kilis,Cinsel,Mart,İLKBAHAR,GÜNEYDOĞU
3503,2012-03-24,Erkek,Çanakkale,Güzellik,Mart,İLKBAHAR,MARMARA
3504,2012-03-24,Erkek,İstanbul,Bakım,Mart,İLKBAHAR,MARMARA
3505,2012-03-24,Erkek,İstanbul,Zayıflama,Mart,İLKBAHAR,MARMARA
3506,2012-03-24,Erkek,Yozgat,Zayıflama,Mart,İLKBAHAR,İÇ ANADOLU
3507,2012-03-24,Erkek,Tokat,Zayıflama,Mart,İLKBAHAR,KARADENİZ
3508,2012-03-24,Bayan,İstanbul,DİĞER,Mart,İLKBAHAR,MARMARA
3509,2012-03-26,Erkek,Ankara,Bakım,Mart,İLKBAHAR,İÇ ANADOLU
3510,2012-03-26,Bayan,Balıkesir,Zayıflama,Mart,İLKBAHAR,MARMARA
3511,2012-03-26,Erkek,Sinop,Bakım,Mart,İLKBAHAR,KARADENİZ
3512,2012-03-26,Bayan,İstanbul,Bakım,Mart,İLKBAHAR,MARMARA
3513,2012-03-26,Bayan,İstanbul,Bakım,Mart,İLKBAHAR,MARMARA
3514,2012-03-26,Erkek,Konya,Ağrılar,Mart,İLKBAHAR,İÇ ANADOLU
3515,2012-03-26,Erkek,İstanbul,Ağrılar,Mart,İLKBAHAR,MARMARA
3516,2012-03-26,Erkek,İstanbul,Cinsel,Mart,İLKBAHAR,MARMARA
3517,2012-03-26,Bayan,Kahramanmaraş,Zayıflama,Mart,İLKBAHAR,AKDENİZ
3518,2012-03-26,Erkek,İstanbul,Zayıflama,Mart,İLKBAHAR,MARMARA
3519,2012-03-26,Erkek,Ankara,Zayıflama,Mart,İLKBAHAR,İÇ ANADOLU
3520,2012-03-26,Erkek,Elazığ,Bakım,Mart,İLKBAHAR,DOĞU ANADOLU
3521,2012-03-26,Erkek,Afyon,Güzellik,Mart,İLKBAHAR,EGE
3522,2012-03-26,Bayan,Isparta,Bakım,Mart,İLKBAHAR,AKDENİZ
3523,2012-03-26,Bayan,Mersin,Bakım,Mart,İLKBAHAR,AKDENİZ
3524,2012-03-26,Erkek,Hatay,Bakım,Mart,İLKBAHAR,AKDENİZ
3525,2012-03-26,Bayan,Giresun,Zayıflama,Mart,İLKBAHAR,KARADENİZ
3526,2012-03-26,Erkek,Elazığ,Bakım,Mart,İLKBAHAR,DOĞU ANADOLU
3527,2012-03-26,Erkek,İstanbul,Cinsel,Mart,İLKBAHAR,MARMARA
3528,2012-03-26,Erkek,İstanbul,Cinsel,Mart,İLKBAHAR,MARMARA
3529,2012-03-26,Erkek,İstanbul,Zayıflama,Mart,İLKBAHAR,MARMARA
3530,2012-03-26,Erkek,Konya,Bakım,Mart,İLKBAHAR,İÇ ANADOLU
3531,2012-03-26,Bayan,Burdur,Bakım,Mart,İLKBAHAR,AKDENİZ
3532,2012-03-26,Erkek,Kahramanmaraş,DİĞER,Mart,İLKBAHAR,AKDENİZ
3533,2012-03-26,Erkek,Zonguldak,Bakım,Mart,İLKBAHAR,KARADENİZ
3534,2012-03-26,Bayan,Manisa,Ağrılar,Mart,İLKBAHAR,EGE
3535,2012-03-26,Bayan,Çorum,Güzellik,Mart,İLKBAHAR,KARADENİZ
3536,2012-03-26,Bayan,Samsun,Zayıflama,Mart,İLKBAHAR,KARADENİZ
3537,2012-03-26,Bayan,Elazığ,Zayıflama,Mart,İLKBAHAR,DOĞU ANADOLU
3538,2012-03-26,Erkek,Bingöl,Zayıflama,Mart,İLKBAHAR,DOĞU ANADOLU
3539,2012-03-26,Bayan,Antalya,Zayıflama,Mart,İLKBAHAR,AKDENİZ
3540,2012-03-26,Erkek,Erzurum,Bakım,Mart,İLKBAHAR,DOĞU ANADOLU
3541,2012-03-26,Erkek,İstanbul,DİĞER,Mart,İLKBAHAR,MARMARA
3542,2012-03-26,Erkek,Kastamonu,Cinsel,Mart,İLKBAHAR,KARADENİZ
3543,2012-03-26,Erkek,Artvin,Bakım,Mart,İLKBAHAR,KARADENİZ
3544,2012-03-26,Bayan,Hatay,Zayıflama,Mart,İLKBAHAR,AKDENİZ
3545,2012-03-26,Erkek,Ankara,Zayıflama,Mart,İLKBAHAR,İÇ ANADOLU
3546,2012-03-26,Erkek,Muş,Saç,Mart,İLKBAHAR,DOĞU ANADOLU
3547,2012-03-26,Erkek,Malatya,Bakım,Mart,İLKBAHAR,DOĞU ANADOLU
3548,2012-03-26,Bayan,Tekirdağ,Bakım,Mart,İLKBAHAR,MARMARA
3549,2012-03-26,Bayan,Ankara,Bakım,Mart,İLKBAHAR,İÇ ANADOLU
3550,2012-03-26,Erkek,Van,Cinsel,Mart,İLKBAHAR,DOĞU ANADOLU
3551,2012-03-26,Erkek,Giresun,Bakım,Mart,İLKBAHAR,KARADENİZ
3552,2012-03-26,Bayan,Ankara,Zayıflama,Mart,İLKBAHAR,İÇ ANADOLU
3553,2012-03-26,Erkek,Kocaeli,Bakım,Mart,İLKBAHAR,MARMARA
3554,2012-03-26,Bayan,Mersin,Zayıflama,Mart,İLKBAHAR,AKDENİZ
3555,2012-03-26,Bayan,Ankara,Zayıflama,Mart,İLKBAHAR,İÇ ANADOLU
3556,2012-03-26,Bayan,İstanbul,Zayıflama,Mart,İLKBAHAR,MARMARA
3557,2012-03-26,Erkek,İstanbul,Cinsel,Mart,İLKBAHAR,MARMARA
3558,2012-03-26,Bayan,Kayseri,Zayıflama,Mart,İLKBAHAR,İÇ ANADOLU
3559,2012-03-26,Bayan,Eskişehir,Zayıflama,Mart,İLKBAHAR,İÇ ANADOLU
3560,2012-03-26,Erkek,Manisa,Zayıflama,Mart,İLKBAHAR,EGE
3561,2012-03-26,Erkek,Manisa,Zayıflama,Mart,İLKBAHAR,EGE
3562,2012-03-26,Bayan,Konya,Zayıflama,Mart,İLKBAHAR,İÇ ANADOLU
3563,2012-03-26,Bayan,Karabük,Bakım,Mart,İLKBAHAR,KARADENİZ
3564,2012-03-26,Erkek,İzmir,Zayıflama,Mart,İLKBAHAR,EGE
3565,2012-03-26,Bayan,İstanbul,DİĞER,Mart,İLKBAHAR,MARMARA
3566,2012-03-26,Erkek,Ankara,Bakım,Mart,İLKBAHAR,İÇ ANADOLU
3567,2012-03-26,Erkek,Ankara,Zayıflama,Mart,İLKBAHAR,İÇ ANADOLU
3568,2012-03-26,Bayan,Bursa,Zayıflama,Mart,İLKBAHAR,MARMARA
3569,2012-03-26,Erkek,Denizli,DİĞER,Mart,İLKBAHAR,EGE
3570,2012-03-26,Erkek,Adana,Bakım,Mart,İLKBAHAR,AKDENİZ
3571,2012-03-26,Erkek,Muş,Saç,Mart,İLKBAHAR,DOĞU ANADOLU
3572,2012-03-26,Erkek,İstanbul,Güzellik,Mart,İLKBAHAR,MARMARA
3573,2012-03-26,Bayan,İstanbul,Zayıflama,Mart,İLKBAHAR,MARMARA
3574,2012-03-26,Erkek,Ankara,Bakım,Mart,İLKBAHAR,İÇ ANADOLU
3575,2012-03-27,Erkek,Malatya,Bakım,Mart,İLKBAHAR,DOĞU ANADOLU
3576,2012-03-27,Erkek,İstanbul,Zayıflama,Mart,İLKBAHAR,MARMARA
3577,2012-03-27,Erkek,Gaziantep,DİĞER,Mart,İLKBAHAR,GÜNEYDOĞU
3578,2012-03-27,Erkek,Diyarbakır,Zayıflama,Mart,İLKBAHAR,GÜNEYDOĞU
3579,2012-03-27,Erkek,İstanbul,Ağrılar,Mart,İLKBAHAR,MARMARA
3580,2012-03-27,Erkek,İstanbul,Cinsel,Mart,İLKBAHAR,MARMARA
3581,2012-03-27,Erkek,İstanbul,Zayıflama,Mart,İLKBAHAR,MARMARA
3582,2012-03-27,Bayan,İstanbul,Zayıflama,Mart,İLKBAHAR,MARMARA
3583,2012-03-27,Bayan,Muğla,Zayıflama,Mart,İLKBAHAR,EGE
3584,2012-03-27,Erkek,Denizli,Bakım,Mart,İLKBAHAR,EGE
3585,2012-03-27,Bayan,Ankara,Zayıflama,Mart,İLKBAHAR,İÇ ANADOLU
3586,2012-03-27,Bayan,İstanbul,Zayıflama,Mart,İLKBAHAR,MARMARA
3587,2012-03-27,Bayan,İstanbul,Zayıflama,Mart,İLKBAHAR,MARMARA
3588,2012-03-27,Erkek,Bursa,Zayıflama,Mart,İLKBAHAR,MARMARA
3589,2012-03-27,Bayan,İstanbul,Bakım,Mart,İLKBAHAR,MARMARA
3590,2012-03-27,Bayan,Hatay,Zayıflama,Mart,İLKBAHAR,AKDENİZ
3591,2012-03-27,Bayan,Ankara,Zayıflama,Mart,İLKBAHAR,İÇ ANADOLU
3592,2012-03-27,Bayan,Aydın,Zayıflama,Mart,İLKBAHAR,EGE
3593,2012-03-27,Bayan,Kocaeli,Zayıflama,Mart,İLKBAHAR,MARMARA
3594,2012-03-27,Bayan,Mersin,Zayıflama,Mart,İLKBAHAR,AKDENİZ
3595,2012-03-27,Erkek,Mardin,Zayıflama,Mart,İLKBAHAR,GÜNEYDOĞU
3596,2012-03-27,Erkek,Ankara,Zayıflama,Mart,İLKBAHAR,İÇ ANADOLU
3597,2012-03-27,Erkek,Çorum,Bakım,Mart,İLKBAHAR,KARADENİZ
3598,2012-03-27,Bayan,İstanbul,Bakım,Mart,İLKBAHAR,MARMARA
3599,2012-03-27,Bayan,Kayseri,Zayıflama,Mart,İLKBAHAR,İÇ ANADOLU
3600,2012-03-27,Bayan,Gaziantep,Zayıflama,Mart,İLKBAHAR,GÜNEYDOĞU
3601,2012-03-27,Bayan,Konya,Zayıflama,Mart,İLKBAHAR,İÇ ANADOLU
3602,2012-03-27,Erkek,İstanbul,Zayıflama,Mart,İLKBAHAR,MARMARA
3603,2012-03-28,Erkek,Kocaeli,Zayıflama,Mart,İLKBAHAR,MARMARA
3604,2012-03-28,Erkek,Kocaeli,Zayıflama,Mart,İLKBAHAR,MARMARA
3605,2012-03-28,Bayan,Konya,Bakım,Mart,İLKBAHAR,İÇ ANADOLU
3606,2012-03-28,Erkek,Adana,Zayıflama,Mart,İLKBAHAR,AKDENİZ
3607,2012-03-28,Bayan,Ordu,Cinsel,Mart,İLKBAHAR,KARADENİZ
3608,2012-03-28,Erkek,Uşak,Sağlık,Mart,İLKBAHAR,EGE
3609,2012-03-28,Bayan,Konya,Zayıflama,Mart,İLKBAHAR,İÇ ANADOLU
3610,2012-03-28,Erkek,Antalya,Bakım,Mart,İLKBAHAR,AKDENİZ
3611,2012-03-28,Erkek,İstanbul,Bakım,Mart,İLKBAHAR,MARMARA
3612,2012-03-28,Erkek,İstanbul,Bakım,Mart,İLKBAHAR,MARMARA
3613,2012-03-28,Erkek,Çanakkale,Bakım,Mart,İLKBAHAR,MARMARA
3614,2012-03-28,Erkek,Gaziantep,DİĞER,Mart,İLKBAHAR,GÜNEYDOĞU
3615,2012-03-28,Erkek,Antalya,Bakım,Mart,İLKBAHAR,AKDENİZ
3616,2012-03-28,Bayan,Ankara,Zayıflama,Mart,İLKBAHAR,İÇ ANADOLU
3617,2012-03-28,Erkek,Hatay,Zayıflama,Mart,İLKBAHAR,AKDENİZ
3618,2012-03-28,Erkek,İstanbul,Zayıflama,Mart,İLKBAHAR,MARMARA
3619,2012-03-28,Erkek,Ankara,Zayıflama,Mart,İLKBAHAR,İÇ ANADOLU
3620,2012-03-28,Erkek,Yozgat,Cinsel,Mart,İLKBAHAR,İÇ ANADOLU
3621,2012-03-28,Erkek,İstanbul,Zayıflama,Mart,İLKBAHAR,MARMARA
3622,2012-03-28,Erkek,Manisa,Zayıflama,Mart,İLKBAHAR,EGE
3623,2012-03-28,Erkek,İstanbul,Zayıflama,Mart,İLKBAHAR,MARMARA
3624,2012-03-28,Erkek,Şanlıurfa,Cinsel,Mart,İLKBAHAR,GÜNEYDOĞU
3625,2012-03-28,Bayan,İstanbul,Güzellik,Mart,İLKBAHAR,MARMARA
3626,2012-03-28,Erkek,Elazığ,Saç,Mart,İLKBAHAR,DOĞU ANADOLU
3627,2012-03-28,Erkek,İzmir,Zayıflama,Mart,İLKBAHAR,EGE
3628,2012-03-28,Erkek,Muğla,Cinsel,Mart,İLKBAHAR,EGE
3629,2012-03-28,Bayan,Gaziantep,Zayıflama,Mart,İLKBAHAR,GÜNEYDOĞU
3630,2012-03-28,Erkek,İstanbul,Zayıflama,Mart,İLKBAHAR,MARMARA
3631,2012-03-28,Bayan,Antalya,Zayıflama,Mart,İLKBAHAR,AKDENİZ
3632,2012-03-28,Erkek,Antalya,Zayıflama,Mart,İLKBAHAR,AKDENİZ
3633,2012-03-28,Erkek,Malatya,Cinsel,Mart,İLKBAHAR,DOĞU ANADOLU
3634,2012-03-29,Erkek,İzmir,Bakım,Mart,İLKBAHAR,EGE
3635,2012-03-29,Bayan,İzmir,Zayıflama,Mart,İLKBAHAR,EGE
3636,2012-03-29,Bayan,İstanbul,Zayıflama,Mart,İLKBAHAR,MARMARA
3637,2012-03-29,Erkek,Antalya,Ağrılar,Mart,İLKBAHAR,AKDENİZ
3638,2012-03-29,Erkek,Erzurum,Bakım,Mart,İLKBAHAR,DOĞU ANADOLU
3639,2012-03-29,Erkek,Eskişehir,Zayıflama,Mart,İLKBAHAR,İÇ ANADOLU
3640,2012-03-29,Erkek,İzmir,Zayıflama,Mart,İLKBAHAR,EGE
3641,2012-03-29,Erkek,İstanbul,DİĞER,Mart,İLKBAHAR,MARMARA
3642,2012-03-29,Erkek,Ankara,Bakım,Mart,İLKBAHAR,İÇ ANADOLU
3643,2012-03-29,Erkek,Ankara,Zayıflama,Mart,İLKBAHAR,İÇ ANADOLU
3644,2012-03-29,Bayan,İstanbul,Zayıflama,Mart,İLKBAHAR,MARMARA
3645,2012-03-29,Erkek,Muğla,Zayıflama,Mart,İLKBAHAR,EGE
3646,2012-03-29,Erkek,İstanbul,Cinsel,Mart,İLKBAHAR,MARMARA
3647,2012-03-29,Erkek,Çorum,Cinsel,Mart,İLKBAHAR,KARADENİZ
3648,2012-03-29,Erkek,Ankara,Zayıflama,Mart,İLKBAHAR,İÇ ANADOLU
3649,2012-03-29,Erkek,İzmir,Cinsel,Mart,İLKBAHAR,EGE
3650,2012-03-29,Bayan,Mardin,Zayıflama,Mart,İLKBAHAR,GÜNEYDOĞU
3651,2012-03-29,Erkek,İstanbul,Cinsel,Mart,İLKBAHAR,MARMARA
3652,2012-03-29,Erkek,Afyon,Ağrılar,Mart,İLKBAHAR,EGE
3653,2012-03-29,Erkek,Şırnak,DİĞER,Mart,İLKBAHAR,DOĞU ANADOLU
3654,2012-03-29,Bayan,İstanbul,Zayıflama,Mart,İLKBAHAR,MARMARA
3655,2012-03-29,Bayan,Sinop,Zayıflama,Mart,İLKBAHAR,KARADENİZ
3656,2012-03-29,Erkek,İstanbul,Ağrılar,Mart,İLKBAHAR,MARMARA
3657,2012-03-29,Erkek,İçel,Cinsel,Mart,İLKBAHAR,AKDENİZ
3658,2012-03-30,Erkek,Ankara,Zayıflama,Mart,İLKBAHAR,İÇ ANADOLU
3659,2012-03-30,Bayan,Samsun,Zayıflama,Mart,İLKBAHAR,KARADENİZ
3660,2012-03-30,Bayan,Ankara,Zayıflama,Mart,İLKBAHAR,İÇ ANADOLU
3661,2012-03-30,Erkek,İzmir,Zayıflama,Mart,İLKBAHAR,EGE
3662,2012-03-30,Erkek,Konya,Bakım,Mart,İLKBAHAR,İÇ ANADOLU
3663,2012-03-30,Bayan,İstanbul,Zayıflama,Mart,İLKBAHAR,MARMARA
3664,2012-03-30,Erkek,Erzurum,Ağrılar,Mart,İLKBAHAR,DOĞU ANADOLU
3665,2012-03-30,Erkek,Adana,Zayıflama,Mart,İLKBAHAR,AKDENİZ
3666,2012-03-30,Erkek,Ankara,Güzellik,Mart,İLKBAHAR,İÇ ANADOLU
3667,2012-03-30,Bayan,Muş,Zayıflama,Mart,İLKBAHAR,DOĞU ANADOLU
3668,2012-03-30,Erkek,İzmir,Bakım,Mart,İLKBAHAR,EGE
3669,2012-03-30,Erkek,Tekirdağ,Cinsel,Mart,İLKBAHAR,MARMARA
3670,2012-03-30,Bayan,İstanbul,Zayıflama,Mart,İLKBAHAR,MARMARA
3671,2012-03-30,Erkek,Hakkari,DİĞER,Mart,İLKBAHAR,DOĞU ANADOLU
3672,2012-03-30,Bayan,İstanbul,Zayıflama,Mart,İLKBAHAR,MARMARA
3673,2012-03-30,Bayan,İstanbul,Cinsel,Mart,İLKBAHAR,MARMARA
3674,2012-03-30,Bayan,İzmir,Zayıflama,Mart,İLKBAHAR,EGE
3675,2012-03-30,Erkek,İstanbul,Zayıflama,Mart,İLKBAHAR,MARMARA
3676,2012-03-30,Bayan,Samsun,Zayıflama,Mart,İLKBAHAR,KARADENİZ
3677,2012-03-30,Erkek,İstanbul,Zayıflama,Mart,İLKBAHAR,MARMARA
3678,2012-03-30,Erkek,İzmir,Zayıflama,Mart,İLKBAHAR,EGE
3679,2012-03-30,Bayan,İstanbul,Zayıflama,Mart,İLKBAHAR,MARMARA
3680,2012-03-30,Bayan,Ankara,Bakım,Mart,İLKBAHAR,İÇ ANADOLU
3681,2012-03-30,Bayan,Muğla,Zayıflama,Mart,İLKBAHAR,EGE
3682,2012-03-30,Erkek,İstanbul,Cinsel,Mart,İLKBAHAR,MARMARA
3683,2012-03-30,Erkek,Bursa,Zayıflama,Mart,İLKBAHAR,MARMARA
3684,2012-03-30,Bayan,Diyarbakır,Zayıflama,Mart,İLKBAHAR,GÜNEYDOĞU
3685,2012-03-30,Erkek,Adana,Güzellik,Mart,İLKBAHAR,AKDENİZ
3686,2012-03-30,Bayan,İstanbul,Zayıflama,Mart,İLKBAHAR,MARMARA
3687,2012-03-30,Erkek,İstanbul,Zayıflama,Mart,İLKBAHAR,MARMARA
3688,2012-03-31,Bayan,Muş,Zayıflama,Mart,İLKBAHAR,DOĞU ANADOLU
3689,2012-03-31,Erkek,Samsun,Ağrılar,Mart,İLKBAHAR,KARADENİZ
3690,2012-03-31,Erkek,Batman,Zayıflama,Mart,İLKBAHAR,GÜNEYDOĞU
3691,2012-03-31,Erkek,Nevşehir,Bakım,Mart,İLKBAHAR,İÇ ANADOLU
3692,2012-03-31,Erkek,Kırıkkale,Zayıflama,Mart,İLKBAHAR,İÇ ANADOLU
3693,2012-03-31,Erkek,Adana,Saç,Mart,İLKBAHAR,AKDENİZ
3694,2013-04-22,Erkek,Muş,Cinsel,Nisan,İLKBAHAR,DOĞU ANADOLU
3695,2013-04-22,Erkek,Gaziantep,Zayıflama,Nisan,İLKBAHAR,GÜNEYDOĞU
3696,2013-04-22,Erkek,Şanlıurfa,Cinsel,Nisan,İLKBAHAR,GÜNEYDOĞU
3697,2013-04-22,Erkek,Gaziantep,Cinsel,Nisan,İLKBAHAR,GÜNEYDOĞU
3698,2013-04-22,Erkek,Kocaeli,Cinsel,Nisan,İLKBAHAR,MARMARA
3699,2013-04-22,Erkek,Diyarbakır,Cinsel,Nisan,İLKBAHAR,GÜNEYDOĞU
3700,2013-04-22,Erkek,Yozgat,Cinsel,Nisan,İLKBAHAR,İÇ ANADOLU
3701,2013-04-22,Erkek,İstanbul,Cinsel,Nisan,İLKBAHAR,MARMARA
3702,2013-04-22,Erkek,Antalya,Cinsel,Nisan,İLKBAHAR,AKDENİZ
3703,2013-04-22,Erkek,Antalya,Güzellik,Nisan,İLKBAHAR,AKDENİZ
3704,2013-04-22,Erkek,İstanbul,Bakım,Nisan,İLKBAHAR,MARMARA
3705,2013-04-22,Erkek,Kocaeli,Cinsel,Nisan,İLKBAHAR,MARMARA
3706,2013-04-22,Erkek,Kocaeli,Cinsel,Nisan,İLKBAHAR,MARMARA
3707,2013-04-22,Erkek,Batman,Ağrılar,Nisan,İLKBAHAR,GÜNEYDOĞU
3708,2013-04-23,Erkek,Ankara,Zayıflama,Nisan,İLKBAHAR,İÇ ANADOLU
3709,2013-04-23,Erkek,İstanbul,Zayıflama,Nisan,İLKBAHAR,MARMARA
3710,2013-04-23,Erkek,Mersin,Bakım,Nisan,İLKBAHAR,AKDENİZ
3711,2013-04-23,Erkek,Adana,Bakım,Nisan,İLKBAHAR,AKDENİZ
3712,2013-04-23,Erkek,İzmir,Cinsel,Nisan,İLKBAHAR,EGE
3713,2013-04-23,Erkek,Iğdır,Cinsel,Nisan,İLKBAHAR,DOĞU ANADOLU
3714,2013-04-23,Erkek,İstanbul,Cinsel,Nisan,İLKBAHAR,MARMARA
3715,2013-04-23,Erkek,Tekirdağ,Zayıflama,Nisan,İLKBAHAR,MARMARA
3716,2013-04-23,Erkek,İzmir,Zayıflama,Nisan,İLKBAHAR,EGE
3717,2013-04-23,Erkek,İstanbul,Zayıflama,Nisan,İLKBAHAR,MARMARA
3718,2013-04-23,Bayan,Kırıkkale,Zayıflama,Nisan,İLKBAHAR,İÇ ANADOLU
3719,2013-04-23,Erkek,Konya,Cinsel,Nisan,İLKBAHAR,İÇ ANADOLU
3720,2013-04-23,Erkek,Antalya,Zayıflama,Nisan,İLKBAHAR,AKDENİZ
3721,2013-04-24,Bayan,Karaman,Zayıflama,Nisan,İLKBAHAR,İÇ ANADOLU
3722,2013-04-24,Erkek,Elazığ,Cinsel,Nisan,İLKBAHAR,DOĞU ANADOLU
3723,2013-04-24,Erkek,Trabzon,Cinsel,Nisan,İLKBAHAR,KARADENİZ
3724,2013-04-24,Erkek,İzmir,Cinsel,Nisan,İLKBAHAR,EGE
3725,2013-04-24,Erkek,Kocaeli,Cinsel,Nisan,İLKBAHAR,MARMARA
3726,2013-04-24,Erkek,Denizli,Zayıflama,Nisan,İLKBAHAR,EGE
3727,2013-04-24,Erkek,Ordu,Bakım,Nisan,İLKBAHAR,KARADENİZ
3728,2013-04-24,Erkek,İstanbul,Cinsel,Nisan,İLKBAHAR,MARMARA
3729,2013-04-24,Erkek,Zonguldak,Cinsel,Nisan,İLKBAHAR,KARADENİZ
3730,2013-04-24,Erkek,Kayseri,Cinsel,Nisan,İLKBAHAR,İÇ ANADOLU
3731,2013-04-24,Erkek,İstanbul,Cinsel,Nisan,İLKBAHAR,MARMARA
3732,2013-04-24,Erkek,Antalya,Cinsel,Nisan,İLKBAHAR,AKDENİZ
3733,2013-04-24,Erkek,Kahramanmaraş,Zayıflama,Nisan,İLKBAHAR,AKDENİZ
3734,2013-04-24,Erkek,Antalya,Cinsel,Nisan,İLKBAHAR,AKDENİZ
3735,2013-04-24,Erkek,Rize,Cinsel,Nisan,İLKBAHAR,KARADENİZ
3736,2013-04-24,Erkek,Malatya,Cinsel,Nisan,İLKBAHAR,DOĞU ANADOLU
3737,2013-04-24,Erkek,Antalya,Cinsel,Nisan,İLKBAHAR,AKDENİZ
3738,2013-04-24,Erkek,İzmir,Zayıflama,Nisan,İLKBAHAR,EGE
3739,2013-04-24,Bayan,İstanbul,Zayıflama,Nisan,İLKBAHAR,MARMARA
3740,2013-04-24,Erkek,İstanbul,Cinsel,Nisan,İLKBAHAR,MARMARA
3741,2013-04-25,Erkek,İstanbul,Cinsel,Nisan,İLKBAHAR,MARMARA
3742,2013-04-25,Erkek,Ankara,Cinsel,Nisan,İLKBAHAR,İÇ ANADOLU
3743,2013-04-25,Erkek,Tekirdağ,DİĞER,Nisan,İLKBAHAR,MARMARA
3744,2013-04-25,Bayan,Bursa,Cinsel,Nisan,İLKBAHAR,MARMARA
3745,2013-04-25,Erkek,İzmir,Cinsel,Nisan,İLKBAHAR,EGE
3746,2013-04-25,Erkek,Muğla,Cinsel,Nisan,İLKBAHAR,EGE
3747,2013-04-25,Bayan,Amasya,Zayıflama,Nisan,İLKBAHAR,KARADENİZ
3748,2013-04-25,Bayan,İstanbul,Bakım,Nisan,İLKBAHAR,MARMARA
3749,2013-04-25,Erkek,İstanbul,Cinsel,Nisan,İLKBAHAR,MARMARA
3750,2013-04-25,Erkek,Antalya,Cinsel,Nisan,İLKBAHAR,AKDENİZ
3751,2013-04-25,Erkek,İzmir,Zayıflama,Nisan,İLKBAHAR,EGE
3752,2013-04-25,Bayan,İstanbul,Zayıflama,Nisan,İLKBAHAR,MARMARA
3753,2013-04-25,Erkek,Samsun,Cinsel,Nisan,İLKBAHAR,KARADENİZ
3754,2013-04-26,Erkek,İstanbul,Cinsel,Nisan,İLKBAHAR,MARMARA
3755,2013-04-26,Erkek,İstanbul,Cinsel,Nisan,İLKBAHAR,MARMARA
3756,2013-04-26,Erkek,İstanbul,Cinsel,Nisan,İLKBAHAR,MARMARA
3757,2013-04-26,Erkek,İstanbul,Cinsel,Nisan,İLKBAHAR,MARMARA
3758,2013-04-26,Erkek,İstanbul,Saç,Nisan,İLKBAHAR,MARMARA
3759,2013-04-26,Erkek,İzmir,Cinsel,Nisan,İLKBAHAR,EGE
3760,2013-04-26,Erkek,Balıkesir,Cinsel,Nisan,İLKBAHAR,MARMARA
3761,2013-04-26,Erkek,Uşak,Cinsel,Nisan,İLKBAHAR,EGE
3762,2013-04-26,Erkek,Karabük,Cinsel,Nisan,İLKBAHAR,KARADENİZ
3763,2013-04-26,Erkek,İstanbul,Zayıflama,Nisan,İLKBAHAR,MARMARA
3764,2013-04-26,Erkek,Ankara,Zayıflama,Nisan,İLKBAHAR,İÇ ANADOLU
3765,2013-04-26,Erkek,Ankara,Cinsel,Nisan,İLKBAHAR,İÇ ANADOLU
3766,2013-04-26,Bayan,İstanbul,Cinsel,Nisan,İLKBAHAR,MARMARA
3767,2013-04-27,Erkek,Adana,DİĞER,Nisan,İLKBAHAR,AKDENİZ
3768,2013-04-27,Bayan,Trabzon,Zayıflama,Nisan,İLKBAHAR,KARADENİZ
3769,2013-04-27,Erkek,Kocaeli,Cinsel,Nisan,İLKBAHAR,MARMARA
3770,2013-04-27,Bayan,Samsun,Zayıflama,Nisan,İLKBAHAR,KARADENİZ
3771,2013-04-27,Erkek,Denizli,Cinsel,Nisan,İLKBAHAR,EGE
3772,2013-04-27,Bayan,İstanbul,Bakım,Nisan,İLKBAHAR,MARMARA
3773,2013-04-27,Erkek,Adana,Cinsel,Nisan,İLKBAHAR,AKDENİZ
3774,2013-04-27,Erkek,Niğde,Cinsel,Nisan,İLKBAHAR,İÇ ANADOLU
3775,2013-04-27,Erkek,İstanbul,Cinsel,Nisan,İLKBAHAR,MARMARA
3776,2013-04-27,Erkek,Yalova,Bakım,Nisan,İLKBAHAR,MARMARA
3777,2013-04-27,Bayan,Adana,Zayıflama,Nisan,İLKBAHAR,AKDENİZ
3778,2013-04-27,Erkek,İstanbul,Cinsel,Nisan,İLKBAHAR,MARMARA
3779,2013-04-27,Erkek,Konya,Cinsel,Nisan,İLKBAHAR,İÇ ANADOLU
3780,2013-04-27,Erkek,İstanbul,Cinsel,Nisan,İLKBAHAR,MARMARA
3781,2013-04-27,Bayan,Mardin,Cinsel,Nisan,İLKBAHAR,GÜNEYDOĞU
3782,2013-04-29,Bayan,İstanbul,Bakım,Nisan,İLKBAHAR,MARMARA
3783,2013-04-29,Erkek,Şanlıurfa,Zayıflama,Nisan,İLKBAHAR,GÜNEYDOĞU
3784,2013-04-29,Bayan,İzmir,Ağrılar,Nisan,İLKBAHAR,EGE
3785,2013-04-29,Erkek,Gaziantep,Zayıflama,Nisan,İLKBAHAR,GÜNEYDOĞU
3786,2013-04-29,Erkek,Muş,Zayıflama,Nisan,İLKBAHAR,DOĞU ANADOLU
3787,2013-04-29,Erkek,Adana,Cinsel,Nisan,İLKBAHAR,AKDENİZ
3788,2013-04-29,Erkek,Kahramanmaraş,Cinsel,Nisan,İLKBAHAR,AKDENİZ
3789,2013-04-29,Erkek,Malatya,Cinsel,Nisan,İLKBAHAR,DOĞU ANADOLU
3790,2013-04-29,Erkek,İstanbul,Bakım,Nisan,İLKBAHAR,MARMARA
3791,2013-04-29,Erkek,Çanakkale,Cinsel,Nisan,İLKBAHAR,MARMARA
3792,2013-04-29,Erkek,Artvin,Cinsel,Nisan,İLKBAHAR,KARADENİZ
3793,2013-04-29,Erkek,Giresun,Cinsel,Nisan,İLKBAHAR,KARADENİZ
3794,2013-04-29,Erkek,Amasya,Cinsel,Nisan,İLKBAHAR,KARADENİZ
3795,2013-04-29,Bayan,Zonguldak,Zayıflama,Nisan,İLKBAHAR,KARADENİZ
3796,2013-04-29,Erkek,Aydın,Cinsel,Nisan,İLKBAHAR,EGE
3797,2013-04-29,Erkek,Isparta,Cinsel,Nisan,İLKBAHAR,AKDENİZ
3798,2013-04-29,Erkek,Kocaeli,Cinsel,Nisan,İLKBAHAR,MARMARA
3799,2013-04-29,Erkek,Kütahya,Cinsel,Nisan,İLKBAHAR,EGE
3800,2013-04-29,Bayan,Yalova,Cinsel,Nisan,İLKBAHAR,MARMARA
3801,2013-04-29,Erkek,Niğde,Cinsel,Nisan,İLKBAHAR,İÇ ANADOLU
3802,2013-04-29,Erkek,Adana,Cinsel,Nisan,İLKBAHAR,AKDENİZ
3803,2013-04-29,Erkek,İstanbul,Zayıflama,Nisan,İLKBAHAR,MARMARA
3804,2013-04-29,Erkek,Bursa,Cinsel,Nisan,İLKBAHAR,MARMARA
3805,2013-04-29,Erkek,Kahramanmaraş,Cinsel,Nisan,İLKBAHAR,AKDENİZ
3806,2013-04-29,Erkek,Kahramanmaraş,Cinsel,Nisan,İLKBAHAR,AKDENİZ
3807,2013-04-29,Erkek,Ankara,Cinsel,Nisan,İLKBAHAR,İÇ ANADOLU
3808,2013-04-29,Erkek,İstanbul,Saç,Nisan,İLKBAHAR,MARMARA
3809,2013-04-29,Erkek,Denizli,Cinsel,Nisan,İLKBAHAR,EGE
3810,2013-04-29,Erkek,Adıyaman,Cinsel,Nisan,İLKBAHAR,GÜNEYDOĞU
3811,2013-04-29,Erkek,İzmir,Cinsel,Nisan,İLKBAHAR,EGE
3812,2013-04-29,Erkek,Adana,Cinsel,Nisan,İLKBAHAR,AKDENİZ
3813,2013-04-29,Erkek,İstanbul,Cinsel,Nisan,İLKBAHAR,MARMARA
3814,2013-04-29,Erkek,Bursa,Cinsel,Nisan,İLKBAHAR,MARMARA
3815,2013-04-29,Erkek,İzmir,Cinsel,Nisan,İLKBAHAR,EGE
3816,2013-04-30,Erkek,Yozgat,Cinsel,Nisan,İLKBAHAR,İÇ ANADOLU
3817,2013-04-30,Erkek,Bursa,Bakım,Nisan,İLKBAHAR,MARMARA
3818,2013-04-30,Erkek,Ankara,Cinsel,Nisan,İLKBAHAR,İÇ ANADOLU
3819,2013-04-30,Erkek,Zonguldak,Cinsel,Nisan,İLKBAHAR,KARADENİZ
3820,2013-04-30,Erkek,Bursa,Cinsel,Nisan,İLKBAHAR,MARMARA
3821,2013-04-30,Erkek,İstanbul,Cinsel,Nisan,İLKBAHAR,MARMARA
3822,2013-04-30,Bayan,Denizli,Cinsel,Nisan,İLKBAHAR,EGE
3823,2013-04-30,Erkek,İstanbul,Zayıflama,Nisan,İLKBAHAR,MARMARA
3824,2013-04-30,Erkek,İstanbul,Cinsel,Nisan,İLKBAHAR,MARMARA
3825,2013-04-30,Erkek,Manisa,Cinsel,Nisan,İLKBAHAR,EGE
3826,2013-04-30,Erkek,İstanbul,Cinsel,Nisan,İLKBAHAR,MARMARA
3827,2013-04-30,Erkek,İstanbul,Cinsel,Nisan,İLKBAHAR,MARMARA
3828,2013-04-30,Erkek,İstanbul,Zayıflama,Nisan,İLKBAHAR,MARMARA
3829,2013-04-30,Erkek,Elazığ,Cinsel,Nisan,İLKBAHAR,DOĞU ANADOLU
3830,2013-04-30,Bayan,İstanbul,Bakım,Nisan,İLKBAHAR,MARMARA
3831,2013-04-30,Erkek,Diyarbakır,Cinsel,Nisan,İLKBAHAR,GÜNEYDOĞU
3832,2013-04-30,Bayan,Aydın,Bakım,Nisan,İLKBAHAR,EGE
3833,2013-04-30,Erkek,Bursa,Cinsel,Nisan,İLKBAHAR,MARMARA
3834,2013-04-30,Erkek,Ankara,Cinsel,Nisan,İLKBAHAR,İÇ ANADOLU
3835,2013-04-30,Erkek,Antalya,Ağrılar,Nisan,İLKBAHAR,AKDENİZ
3836,2013-05-02,Erkek,Konya,Cinsel,Mayıs,İLKBAHAR,İÇ ANADOLU
3837,2013-05-02,Erkek,Malatya,Cinsel,Mayıs,İLKBAHAR,DOĞU ANADOLU
3838,2013-05-02,Erkek,İstanbul,Cinsel,Mayıs,İLKBAHAR,MARMARA
3839,2013-05-02,Erkek,Ankara,Zayıflama,Mayıs,İLKBAHAR,İÇ ANADOLU
3840,2013-05-02,Erkek,İstanbul,Cinsel,Mayıs,İLKBAHAR,MARMARA
3841,2013-05-02,Bayan,Aydın,Bakım,Mayıs,İLKBAHAR,EGE
3842,2013-05-02,Bayan,Çanakkale,Zayıflama,Mayıs,İLKBAHAR,MARMARA
3843,2013-05-02,Erkek,Gaziantep,Cinsel,Mayıs,İLKBAHAR,GÜNEYDOĞU
3844,2013-05-02,Erkek,Kocaeli,Cinsel,Mayıs,İLKBAHAR,MARMARA
3845,2013-05-02,Erkek,Eskişehir,Cinsel,Mayıs,İLKBAHAR,İÇ ANADOLU
3846,2013-05-02,Erkek,Kayseri,Cinsel,Mayıs,İLKBAHAR,İÇ ANADOLU
3847,2013-05-02,Erkek,İstanbul,Zayıflama,Mayıs,İLKBAHAR,MARMARA
3848,2013-05-02,Erkek,Karabük,Cinsel,Mayıs,İLKBAHAR,KARADENİZ
3849,2013-05-02,Erkek,Manisa,Cinsel,Mayıs,İLKBAHAR,EGE
3850,2013-05-02,Erkek,Van,Bakım,Mayıs,İLKBAHAR,DOĞU ANADOLU
3851,2013-05-02,Erkek,Konya,Bakım,Mayıs,İLKBAHAR,İÇ ANADOLU
3852,2013-05-02,Bayan,Tokat,Bakım,Mayıs,İLKBAHAR,KARADENİZ
3853,2013-05-03,Erkek,İstanbul,Cinsel,Mayıs,İLKBAHAR,MARMARA
3854,2013-05-03,Erkek,Diyarbakır,Cinsel,Mayıs,İLKBAHAR,GÜNEYDOĞU
3855,2013-05-03,Erkek,Ankara,Cinsel,Mayıs,İLKBAHAR,İÇ ANADOLU
3856,2013-05-03,Erkek,Adana,Cinsel,Mayıs,İLKBAHAR,AKDENİZ
3857,2013-05-03,Erkek,Balıkesir,Cinsel,Mayıs,İLKBAHAR,MARMARA
3858,2013-05-04,Erkek,İstanbul,Cinsel,Mayıs,İLKBAHAR,MARMARA
3859,2013-05-04,Erkek,Konya,Bakım,Mayıs,İLKBAHAR,İÇ ANADOLU
3860,2013-05-06,Erkek,İstanbul,Zayıflama,Mayıs,İLKBAHAR,MARMARA
3861,2013-05-06,Erkek,Manisa,Cinsel,Mayıs,İLKBAHAR,EGE
3862,2013-05-06,Erkek,Antalya,Cinsel,Mayıs,İLKBAHAR,AKDENİZ
3863,2013-05-06,Erkek,Trabzon,Cinsel,Mayıs,İLKBAHAR,KARADENİZ
3864,2013-05-06,Erkek,Zonguldak,Cinsel,Mayıs,İLKBAHAR,KARADENİZ
3865,2013-05-06,Erkek,İstanbul,Cinsel,Mayıs,İLKBAHAR,MARMARA
3866,2013-05-06,Erkek,Antalya,Cinsel,Mayıs,İLKBAHAR,AKDENİZ
3867,2013-05-06,Bayan,Kayseri,Cinsel,Mayıs,İLKBAHAR,İÇ ANADOLU
3868,2013-05-06,Erkek,İstanbul,Cinsel,Mayıs,İLKBAHAR,MARMARA
3869,2013-05-06,Erkek,Van,Cinsel,Mayıs,İLKBAHAR,DOĞU ANADOLU
3870,2013-05-06,Bayan,Adana,Zayıflama,Mayıs,İLKBAHAR,AKDENİZ
3871,2013-05-06,Bayan,Muş,Zayıflama,Mayıs,İLKBAHAR,DOĞU ANADOLU
3872,2013-05-06,Erkek,Zonguldak,Cinsel,Mayıs,İLKBAHAR,KARADENİZ
3873,2013-05-06,Erkek,İstanbul,Zayıflama,Mayıs,İLKBAHAR,MARMARA
3874,2013-05-06,Erkek,İstanbul,Cinsel,Mayıs,İLKBAHAR,MARMARA
3875,2013-05-07,Erkek,İstanbul,Bakım,Mayıs,İLKBAHAR,MARMARA
3876,2013-05-07,Bayan,Kocaeli,DİĞER,Mayıs,İLKBAHAR,MARMARA
3877,2013-05-07,Erkek,İzmir,Cinsel,Mayıs,İLKBAHAR,EGE
3878,2013-05-07,Erkek,Eskişehir,Cinsel,Mayıs,İLKBAHAR,İÇ ANADOLU
3879,2013-05-07,Erkek,Şanlıurfa,Cinsel,Mayıs,İLKBAHAR,GÜNEYDOĞU
3880,2013-05-07,Erkek,Kayseri,Cinsel,Mayıs,İLKBAHAR,İÇ ANADOLU
3881,2013-05-07,Erkek,Zonguldak,Cinsel,Mayıs,İLKBAHAR,KARADENİZ
3882,2013-05-07,Erkek,Ankara,Cinsel,Mayıs,İLKBAHAR,İÇ ANADOLU
3883,2013-05-07,Erkek,Kütahya,Cinsel,Mayıs,İLKBAHAR,EGE
3884,2013-05-07,Erkek,İstanbul,DİĞER,Mayıs,İLKBAHAR,MARMARA
3885,2013-05-07,Erkek,Yalova,Bakım,Mayıs,İLKBAHAR,MARMARA
3886,2013-05-07,Erkek,İzmir,Cinsel,Mayıs,İLKBAHAR,EGE
3887,2013-05-07,Erkek,Kütahya,Bakım,Mayıs,İLKBAHAR,EGE
3888,2013-05-07,Erkek,İstanbul,Bakım,Mayıs,İLKBAHAR,MARMARA
3889,2013-05-07,Erkek,Bursa,Cinsel,Mayıs,İLKBAHAR,MARMARA
3890,2013-05-07,Erkek,Kırıkkale,Cinsel,Mayıs,İLKBAHAR,İÇ ANADOLU
3891,2013-05-07,Erkek,İstanbul,Cinsel,Mayıs,İLKBAHAR,MARMARA
3892,2013-05-08,Erkek,Muğla,Cinsel,Mayıs,İLKBAHAR,EGE
3893,2013-05-08,Erkek,İstanbul,Cinsel,Mayıs,İLKBAHAR,MARMARA
3894,2013-05-08,Erkek,Ordu,Cinsel,Mayıs,İLKBAHAR,KARADENİZ
3895,2013-05-08,Erkek,Erzurum,Cinsel,Mayıs,İLKBAHAR,DOĞU ANADOLU
3896,2013-05-08,Erkek,Adana,Zayıflama,Mayıs,İLKBAHAR,AKDENİZ
3897,2013-05-08,Erkek,Kocaeli,Cinsel,Mayıs,İLKBAHAR,MARMARA
3898,2013-05-08,Bayan,Bursa,Saç,Mayıs,İLKBAHAR,MARMARA
3899,2013-05-08,Erkek,Yozgat,Cinsel,Mayıs,İLKBAHAR,İÇ ANADOLU
3900,2013-05-08,Erkek,İstanbul,Cinsel,Mayıs,İLKBAHAR,MARMARA
3901,2013-05-08,Bayan,Bursa,Cinsel,Mayıs,İLKBAHAR,MARMARA
3902,2013-05-08,Erkek,Muğla,Cinsel,Mayıs,İLKBAHAR,EGE
3903,2013-05-08,Bayan,Manisa,Zayıflama,Mayıs,İLKBAHAR,EGE
3904,2013-05-08,Erkek,Konya,Cinsel,Mayıs,İLKBAHAR,İÇ ANADOLU
3905,2013-05-09,Erkek,İstanbul,Cinsel,Mayıs,İLKBAHAR,MARMARA
3906,2013-05-09,Erkek,Kahramanmaraş,Cinsel,Mayıs,İLKBAHAR,AKDENİZ
3907,2013-05-09,Erkek,İstanbul,Cinsel,Mayıs,İLKBAHAR,MARMARA
3908,2013-05-09,Erkek,Bolu,Cinsel,Mayıs,İLKBAHAR,KARADENİZ
3909,2013-05-09,Erkek,Denizli,Cinsel,Mayıs,İLKBAHAR,EGE
3910,2013-05-09,Erkek,İstanbul,Cinsel,Mayıs,İLKBAHAR,MARMARA
3911,2013-05-09,Bayan,Konya,Cinsel,Mayıs,İLKBAHAR,İÇ ANADOLU
3912,2013-05-09,Erkek,Ankara,Cinsel,Mayıs,İLKBAHAR,İÇ ANADOLU
3913,2013-05-09,Erkek,Şanlıurfa,Cinsel,Mayıs,İLKBAHAR,GÜNEYDOĞU
3914,2013-05-09,Erkek,İstanbul,Cinsel,Mayıs,İLKBAHAR,MARMARA
3915,2013-05-09,Erkek,Sivas,Cinsel,Mayıs,İLKBAHAR,İÇ ANADOLU
3916,2013-05-09,Erkek,Ankara,Zayıflama,Mayıs,İLKBAHAR,İÇ ANADOLU
3917,2013-05-09,Erkek,İstanbul,Cinsel,Mayıs,İLKBAHAR,MARMARA
3918,2013-05-09,Erkek,İstanbul,Zayıflama,Mayıs,İLKBAHAR,MARMARA
3919,2013-05-09,Erkek,Ankara,Bakım,Mayıs,İLKBAHAR,İÇ ANADOLU
3920,2013-05-09,Erkek,İstanbul,Bakım,Mayıs,İLKBAHAR,MARMARA
3921,2013-05-10,Erkek,Sivas,Güzellik,Mayıs,İLKBAHAR,İÇ ANADOLU
3922,2013-05-10,Bayan,İstanbul,Zayıflama,Mayıs,İLKBAHAR,MARMARA
3923,2013-05-10,Erkek,Şanlıurfa,Cinsel,Mayıs,İLKBAHAR,GÜNEYDOĞU
3924,2013-05-10,Erkek,İstanbul,Cinsel,Mayıs,İLKBAHAR,MARMARA
3925,2013-05-10,Erkek,Rize,Cinsel,Mayıs,İLKBAHAR,KARADENİZ
3926,2013-05-10,Erkek,Erzincan,Cinsel,Mayıs,İLKBAHAR,DOĞU ANADOLU
3927,2013-05-10,Erkek,Antalya,Cinsel,Mayıs,İLKBAHAR,AKDENİZ
3928,2013-05-10,Erkek,Aydın,Cinsel,Mayıs,İLKBAHAR,EGE
3929,2013-05-10,Erkek,İstanbul,Cinsel,Mayıs,İLKBAHAR,MARMARA
3930,2013-05-10,Erkek,İstanbul,Cinsel,Mayıs,İLKBAHAR,MARMARA
3931,2013-05-10,Erkek,İzmir,Bakım,Mayıs,İLKBAHAR,EGE
3932,2013-05-10,Erkek,Adana,Cinsel,Mayıs,İLKBAHAR,AKDENİZ
3933,2013-05-10,Erkek,İstanbul,Cinsel,Mayıs,İLKBAHAR,MARMARA
3934,2013-05-11,Erkek,Antalya,Bakım,Mayıs,İLKBAHAR,AKDENİZ
3935,2013-05-11,Erkek,Elazığ,Bakım,Mayıs,İLKBAHAR,DOĞU ANADOLU
3936,2013-05-11,Erkek,Erzurum,Bakım,Mayıs,İLKBAHAR,DOĞU ANADOLU
3937,2013-05-11,Erkek,Bursa,Cinsel,Mayıs,İLKBAHAR,MARMARA
3938,2013-05-11,Erkek,Elazığ,Cinsel,Mayıs,İLKBAHAR,DOĞU ANADOLU
3939,2013-05-11,Erkek,Hatay,Cinsel,Mayıs,İLKBAHAR,AKDENİZ
3940,2013-05-11,Erkek,Yozgat,Cinsel,Mayıs,İLKBAHAR,İÇ ANADOLU
3941,2013-05-11,Erkek,İstanbul,Bakım,Mayıs,İLKBAHAR,MARMARA
3942,2013-05-11,Erkek,İstanbul,Bakım,Mayıs,İLKBAHAR,MARMARA
3943,2013-05-13,Erkek,İstanbul,Cinsel,Mayıs,İLKBAHAR,MARMARA
3944,2013-05-13,Erkek,İstanbul,Bakım,Mayıs,İLKBAHAR,MARMARA
3945,2013-05-13,Bayan,Antalya,Bakım,Mayıs,İLKBAHAR,AKDENİZ
3946,2013-05-13,Erkek,Konya,Cinsel,Mayıs,İLKBAHAR,İÇ ANADOLU
3947,2013-05-13,Erkek,İzmir,Bakım,Mayıs,İLKBAHAR,EGE
3948,2013-05-13,Erkek,Ankara,Cinsel,Mayıs,İLKBAHAR,İÇ ANADOLU
3949,2013-05-13,Erkek,İstanbul,Cinsel,Mayıs,İLKBAHAR,MARMARA
3950,2013-05-13,Erkek,Erzurum,Cinsel,Mayıs,İLKBAHAR,DOĞU ANADOLU
3951,2013-05-13,Erkek,Kırşehir,Cinsel,Mayıs,İLKBAHAR,İÇ ANADOLU
3952,2013-05-13,Bayan,Diyarbakır,Cinsel,Mayıs,İLKBAHAR,GÜNEYDOĞU
3953,2013-05-13,Erkek,Tekirdağ,Cinsel,Mayıs,İLKBAHAR,MARMARA
3954,2013-05-13,Erkek,Yozgat,Cinsel,Mayıs,İLKBAHAR,İÇ ANADOLU
3955,2013-05-13,Erkek,Bartın,Cinsel,Mayıs,İLKBAHAR,KARADENİZ
3956,2013-05-13,Bayan,Aydın,Bakım,Mayıs,İLKBAHAR,EGE
3957,2013-05-13,Erkek,İzmir,Cinsel,Mayıs,İLKBAHAR,EGE
3958,2013-05-13,Erkek,Şanlıurfa,Cinsel,Mayıs,İLKBAHAR,GÜNEYDOĞU
3959,2013-05-14,Erkek,Antalya,Cinsel,Mayıs,İLKBAHAR,AKDENİZ
3960,2013-05-14,Erkek,Manisa,Cinsel,Mayıs,İLKBAHAR,EGE
3961,2013-05-14,Erkek,Sinop,Bakım,Mayıs,İLKBAHAR,KARADENİZ
3962,2013-05-14,Erkek,İstanbul,Cinsel,Mayıs,İLKBAHAR,MARMARA
3963,2013-05-14,Erkek,İstanbul,Cinsel,Mayıs,İLKBAHAR,MARMARA
3964,2013-05-14,Erkek,Kahramanmaraş,Cinsel,Mayıs,İLKBAHAR,AKDENİZ
3965,2013-05-14,Erkek,Bursa,Cinsel,Mayıs,İLKBAHAR,MARMARA
3966,2013-05-14,Erkek,Uşak,Cinsel,Mayıs,İLKBAHAR,EGE
3967,2013-05-14,Erkek,Samsun,Cinsel,Mayıs,İLKBAHAR,KARADENİZ
3968,2013-05-14,Erkek,Bursa,Cinsel,Mayıs,İLKBAHAR,MARMARA
3969,2013-05-14,Erkek,Ankara,Cinsel,Mayıs,İLKBAHAR,İÇ ANADOLU
3970,2013-05-14,Erkek,Tokat,Cinsel,Mayıs,İLKBAHAR,KARADENİZ
3971,2013-05-14,Bayan,Ankara,Bakım,Mayıs,İLKBAHAR,İÇ ANADOLU
3972,2013-05-14,Bayan,Hatay,Cinsel,Mayıs,İLKBAHAR,AKDENİZ
3973,2013-05-14,Erkek,Adana,Bakım,Mayıs,İLKBAHAR,AKDENİZ
3974,2013-05-14,Erkek,Ordu,Bakım,Mayıs,İLKBAHAR,KARADENİZ
3975,2013-05-14,Erkek,Diyarbakır,Bakım,Mayıs,İLKBAHAR,GÜNEYDOĞU
3976,2013-05-14,Erkek,İstanbul,Bakım,Mayıs,İLKBAHAR,MARMARA
3977,2013-05-14,Erkek,Erzincan,Bakım,Mayıs,İLKBAHAR,DOĞU ANADOLU
3978,2013-05-14,Erkek,Denizli,Zayıflama,Mayıs,İLKBAHAR,EGE
3979,2013-05-14,Erkek,Trabzon,Cinsel,Mayıs,İLKBAHAR,KARADENİZ
3980,2013-05-15,Erkek,İzmir,Cinsel,Mayıs,İLKBAHAR,EGE
3981,2013-05-15,Bayan,Bursa,Bakım,Mayıs,İLKBAHAR,MARMARA
3982,2013-05-15,Erkek,Karaman,Cinsel,Mayıs,İLKBAHAR,İÇ ANADOLU
3983,2013-05-15,Erkek,Manisa,Cinsel,Mayıs,İLKBAHAR,EGE
3984,2013-05-15,Erkek,İstanbul,Cinsel,Mayıs,İLKBAHAR,MARMARA
3985,2013-05-15,Erkek,Niğde,Cinsel,Mayıs,İLKBAHAR,İÇ ANADOLU
3986,2013-05-15,Erkek,Kütahya,Cinsel,Mayıs,İLKBAHAR,EGE
3987,2013-05-15,Bayan,İzmir,Zayıflama,Mayıs,İLKBAHAR,EGE
3988,2013-05-15,Erkek,Uşak,Cinsel,Mayıs,İLKBAHAR,EGE
3989,2013-05-15,Erkek,İstanbul,Bakım,Mayıs,İLKBAHAR,MARMARA
3990,2013-05-15,Erkek,Niğde,Cinsel,Mayıs,İLKBAHAR,İÇ ANADOLU
3991,2013-05-15,Bayan,İstanbul,Güzellik,Mayıs,İLKBAHAR,MARMARA
3992,2013-05-15,Erkek,İstanbul,Cinsel,Mayıs,İLKBAHAR,MARMARA
3993,2013-05-15,Erkek,İstanbul,Cinsel,Mayıs,İLKBAHAR,MARMARA
3994,2013-05-15,Bayan,İstanbul,Cinsel,Mayıs,İLKBAHAR,MARMARA
3995,2013-05-15,Erkek,İstanbul,DİĞER,Mayıs,İLKBAHAR,MARMARA
3996,2013-05-15,Erkek,Amasya,Cinsel,Mayıs,İLKBAHAR,KARADENİZ
3997,2013-05-15,Bayan,Mersin,Cinsel,Mayıs,İLKBAHAR,AKDENİZ
3998,2013-05-15,Erkek,İzmir,Bakım,Mayıs,İLKBAHAR,EGE
3999,2013-05-16,Bayan,Hatay,Bakım,Mayıs,İLKBAHAR,AKDENİZ
4000,2013-05-16,Erkek,Bursa,Zayıflama,Mayıs,İLKBAHAR,MARMARA
4001,2013-05-16,Erkek,İzmir,Cinsel,Mayıs,İLKBAHAR,EGE
4002,2013-05-16,Erkek,Karabük,Cinsel,Mayıs,İLKBAHAR,KARADENİZ
4003,2012-12-04,Erkek,Kocaeli,Cinsel,Aralık,KIŞ,MARMARA
4004,2012-12-04,Erkek,İstanbul,Cinsel,Aralık,KIŞ,MARMARA
4005,2012-12-04,Erkek,Antalya,Cinsel,Aralık,KIŞ,AKDENİZ
4006,2012-12-04,Erkek,Muğla,DİĞER,Aralık,KIŞ,EGE
4007,2012-12-04,Erkek,İzmir,Cinsel,Aralık,KIŞ,EGE
4008,2012-12-04,Erkek,Kayseri,Cinsel,Aralık,KIŞ,İÇ ANADOLU
4009,2012-12-04,Erkek,Ankara,Cinsel,Aralık,KIŞ,İÇ ANADOLU
4010,2012-12-04,Erkek,Mersin,Cinsel,Aralık,KIŞ,AKDENİZ
4011,2012-12-04,Erkek,Hatay,Cinsel,Aralık,KIŞ,AKDENİZ
4012,2012-12-05,Erkek,Eskişehir,Cinsel,Aralık,KIŞ,İÇ ANADOLU
4013,2012-12-05,Erkek,Sivas,Cinsel,Aralık,KIŞ,İÇ ANADOLU
4014,2012-12-05,Erkek,İstanbul,Saç,Aralık,KIŞ,MARMARA
4015,2012-12-05,Erkek,İstanbul,Cinsel,Aralık,KIŞ,MARMARA
4016,2012-12-05,Bayan,İstanbul,Zayıflama,Aralık,KIŞ,MARMARA
4017,2012-12-05,Erkek,Hatay,Cinsel,Aralık,KIŞ,AKDENİZ
4018,2012-12-05,Bayan,Denizli,Bakım,Aralık,KIŞ,EGE
4019,2012-12-05,Erkek,İstanbul,Cinsel,Aralık,KIŞ,MARMARA
4020,2012-12-05,Erkek,Ankara,Bakım,Aralık,KIŞ,İÇ ANADOLU
4021,2012-12-05,Erkek,Muğla,Cinsel,Aralık,KIŞ,EGE
4022,2012-12-05,Erkek,Kahramanmaraş,Cinsel,Aralık,KIŞ,AKDENİZ
4023,2012-12-05,Erkek,İstanbul,DİĞER,Aralık,KIŞ,MARMARA
4024,2012-12-05,Erkek,Konya,Cinsel,Aralık,KIŞ,İÇ ANADOLU
4025,2012-12-05,Bayan,İstanbul,Zayıflama,Aralık,KIŞ,MARMARA
4026,2012-12-05,Erkek,Malatya,Cinsel,Aralık,KIŞ,DOĞU ANADOLU
4027,2012-12-05,Erkek,İzmir,Ağrılar,Aralık,KIŞ,EGE
4028,2012-12-05,Erkek,Bursa,Cinsel,Aralık,KIŞ,MARMARA
4029,2012-12-05,Erkek,İzmir,Cinsel,Aralık,KIŞ,EGE
4030,2012-12-05,Erkek,Mersin,Cinsel,Aralık,KIŞ,AKDENİZ
4031,2012-12-05,Erkek,Giresun,Cinsel,Aralık,KIŞ,KARADENİZ
4032,2012-12-05,Erkek,Kayseri,Zayıflama,Aralık,KIŞ,İÇ ANADOLU
4033,2012-12-05,Bayan,İstanbul,Bakım,Aralık,KIŞ,MARMARA
4034,2012-12-05,Erkek,Ankara,Cinsel,Aralık,KIŞ,İÇ ANADOLU
4035,2012-12-05,Erkek,Erzincan,Cinsel,Aralık,KIŞ,DOĞU ANADOLU
4036,2012-12-05,Erkek,Mardin,Cinsel,Aralık,KIŞ,GÜNEYDOĞU
4037,2012-12-05,Erkek,Ankara,Saç,Aralık,KIŞ,İÇ ANADOLU
4038,2012-12-05,Erkek,Kocaeli,Cinsel,Aralık,KIŞ,MARMARA
4039,2012-12-05,Erkek,Eskişehir,Cinsel,Aralık,KIŞ,İÇ ANADOLU
4040,2012-12-06,Erkek,Kocaeli,Bakım,Aralık,KIŞ,MARMARA
4041,2012-12-06,Erkek,Konya,Cinsel,Aralık,KIŞ,İÇ ANADOLU
4042,2012-12-06,Erkek,Ankara,Bakım,Aralık,KIŞ,İÇ ANADOLU
4043,2012-12-06,Erkek,Gaziantep,Güzellik,Aralık,KIŞ,GÜNEYDOĞU
4044,2012-12-06,Bayan,Ağrı,Bakım,Aralık,KIŞ,DOĞU ANADOLU
4045,2012-12-06,Erkek,Eskişehir,Cinsel,Aralık,KIŞ,İÇ ANADOLU
4046,2012-12-06,Erkek,Adana,Cinsel,Aralık,KIŞ,AKDENİZ
4047,2012-12-06,Erkek,Bayburt,Cinsel,Aralık,KIŞ,KARADENİZ
4048,2012-12-06,Erkek,Antalya,Cinsel,Aralık,KIŞ,AKDENİZ
4049,2012-12-06,Erkek,Konya,Cinsel,Aralık,KIŞ,İÇ ANADOLU
4050,2012-12-06,Erkek,Bursa,Cinsel,Aralık,KIŞ,MARMARA
4051,2012-12-06,Erkek,Denizli,Cinsel,Aralık,KIŞ,EGE
4052,2012-12-06,Erkek,Ordu,Cinsel,Aralık,KIŞ,KARADENİZ
4053,2012-12-06,Bayan,Tekirdağ,Cinsel,Aralık,KIŞ,MARMARA
4054,2012-12-06,Erkek,Konya,Cinsel,Aralık,KIŞ,İÇ ANADOLU
4055,2012-12-06,Erkek,Elazığ,Cinsel,Aralık,KIŞ,DOĞU ANADOLU
4056,2012-12-06,Erkek,Gaziantep,Cinsel,Aralık,KIŞ,GÜNEYDOĞU
4057,2012-12-06,Erkek,Samsun,Cinsel,Aralık,KIŞ,KARADENİZ
4058,2012-12-06,Bayan,İzmir,Cinsel,Aralık,KIŞ,EGE
4059,2012-12-06,Erkek,İstanbul,Cinsel,Aralık,KIŞ,MARMARA
4060,2012-12-06,Bayan,Adana,Bakım,Aralık,KIŞ,AKDENİZ
4061,2012-12-06,Erkek,Malatya,Cinsel,Aralık,KIŞ,DOĞU ANADOLU
4062,2012-12-07,Erkek,Amasya,Cinsel,Aralık,KIŞ,KARADENİZ
4063,2012-12-07,Erkek,Gümüşhane,Bakım,Aralık,KIŞ,KARADENİZ
4064,2012-12-07,Erkek,Bursa,Cinsel,Aralık,KIŞ,MARMARA
4065,2012-12-07,Erkek,Hatay,Cinsel,Aralık,KIŞ,AKDENİZ
4066,2012-12-07,Erkek,İzmir,Cinsel,Aralık,KIŞ,EGE
4067,2012-12-07,Erkek,İstanbul,Saç,Aralık,KIŞ,MARMARA
4068,2012-12-07,Erkek,İstanbul,Cinsel,Aralık,KIŞ,MARMARA
4069,2012-12-07,Erkek,Niğde,Cinsel,Aralık,KIŞ,İÇ ANADOLU
4070,2012-12-07,Erkek,İstanbul,DİĞER,Aralık,KIŞ,MARMARA
4071,2012-12-07,Erkek,İstanbul,Zayıflama,Aralık,KIŞ,MARMARA
4072,2012-12-07,Bayan,Kayseri,Bakım,Aralık,KIŞ,İÇ ANADOLU
4073,2012-12-07,Bayan,İstanbul,Saç,Aralık,KIŞ,MARMARA
4074,2012-12-07,Erkek,Çorum,Saç,Aralık,KIŞ,KARADENİZ
4075,2012-12-07,Erkek,Aydın,Zayıflama,Aralık,KIŞ,EGE
4076,2012-12-07,Erkek,Elazığ,Cinsel,Aralık,KIŞ,DOĞU ANADOLU
4077,2012-12-07,Erkek,İstanbul,Cinsel,Aralık,KIŞ,MARMARA
4078,2012-12-07,Erkek,İstanbul,Cinsel,Aralık,KIŞ,MARMARA
4079,2012-12-07,Erkek,Antalya,Cinsel,Aralık,KIŞ,AKDENİZ
4080,2012-12-07,Erkek,Kocaeli,Cinsel,Aralık,KIŞ,MARMARA
4081,2012-12-07,Erkek,Konya,Cinsel,Aralık,KIŞ,İÇ ANADOLU
4082,2012-12-07,Bayan,İstanbul,Bakım,Aralık,KIŞ,MARMARA
4083,2012-12-08,Bayan,Mersin,Zayıflama,Aralık,KIŞ,AKDENİZ
4084,2012-12-08,Erkek,Manisa,Cinsel,Aralık,KIŞ,EGE
4085,2012-12-08,Erkek,Antalya,Cinsel,Aralık,KIŞ,AKDENİZ
4086,2012-12-08,Erkek,Tekirdağ,Cinsel,Aralık,KIŞ,MARMARA
4087,2012-12-08,Bayan,İstanbul,Zayıflama,Aralık,KIŞ,MARMARA
4088,2012-12-08,Bayan,Antalya,Zayıflama,Aralık,KIŞ,AKDENİZ
4089,2012-12-08,Erkek,Tekirdağ,Cinsel,Aralık,KIŞ,MARMARA
4090,2012-12-08,Erkek,Trabzon,Zayıflama,Aralık,KIŞ,KARADENİZ
4091,2012-12-08,Erkek,Bursa,Cinsel,Aralık,KIŞ,MARMARA
4092,2012-12-08,Erkek,Malatya,Cinsel,Aralık,KIŞ,DOĞU ANADOLU
4093,2012-12-08,Bayan,İstanbul,Bakım,Aralık,KIŞ,MARMARA
4094,2012-12-08,Erkek,Mardin,Cinsel,Aralık,KIŞ,GÜNEYDOĞU
4095,2012-12-08,Erkek,İstanbul,Sağlık,Aralık,KIŞ,MARMARA
4096,2012-12-08,Erkek,Malatya,Ağrılar,Aralık,KIŞ,DOĞU ANADOLU
4097,2012-12-08,Bayan,İstanbul,DİĞER,Aralık,KIŞ,MARMARA
4098,2012-12-08,Erkek,Erzurum,Bakım,Aralık,KIŞ,DOĞU ANADOLU
4099,2012-12-08,Erkek,Ankara,Cinsel,Aralık,KIŞ,İÇ ANADOLU
4100,2012-12-08,Erkek,Denizli,Cinsel,Aralık,KIŞ,EGE
4101,2012-12-10,Erkek,İstanbul,DİĞER,Aralık,KIŞ,MARMARA
4102,2012-12-10,Erkek,Bursa,Cinsel,Aralık,KIŞ,MARMARA
4103,2012-12-10,Erkek,Ankara,Cinsel,Aralık,KIŞ,İÇ ANADOLU
4104,2012-12-10,Erkek,Ankara,Cinsel,Aralık,KIŞ,İÇ ANADOLU
4105,2012-12-10,Erkek,Denizli,Cinsel,Aralık,KIŞ,EGE
4106,2012-12-10,Bayan,Adana,Cinsel,Aralık,KIŞ,AKDENİZ
4107,2012-12-10,Erkek,Ankara,Saç,Aralık,KIŞ,İÇ ANADOLU
4108,2012-12-10,Bayan,Muğla,Ağrılar,Aralık,KIŞ,EGE
4109,2012-12-10,Bayan,İzmir,Güzellik,Aralık,KIŞ,EGE
4110,2012-12-10,Bayan,Ankara,Ağrılar,Aralık,KIŞ,İÇ ANADOLU
4111,2012-12-10,Erkek,Van,DİĞER,Aralık,KIŞ,DOĞU ANADOLU
4112,2012-12-10,Erkek,İstanbul,Zayıflama,Aralık,KIŞ,MARMARA
4113,2012-12-10,Erkek,Kocaeli,Bakım,Aralık,KIŞ,MARMARA
4114,2012-12-10,Erkek,Balıkesir,Bakım,Aralık,KIŞ,MARMARA
4115,2012-12-10,Erkek,İstanbul,Cinsel,Aralık,KIŞ,MARMARA
4116,2012-12-10,Erkek,Bursa,Cinsel,Aralık,KIŞ,MARMARA
4117,2012-12-10,Erkek,İzmir,DİĞER,Aralık,KIŞ,EGE
4118,2012-12-10,Erkek,İstanbul,Cinsel,Aralık,KIŞ,MARMARA
4119,2012-12-10,Bayan,İstanbul,DİĞER,Aralık,KIŞ,MARMARA
4120,2012-12-10,Erkek,Malatya,DİĞER,Aralık,KIŞ,DOĞU ANADOLU
4121,2012-12-10,Erkek,Muğla,Cinsel,Aralık,KIŞ,EGE
4122,2012-12-10,Erkek,Yozgat,DİĞER,Aralık,KIŞ,İÇ ANADOLU
4123,2012-12-10,Erkek,Amasya,DİĞER,Aralık,KIŞ,KARADENİZ
4124,2012-12-10,Bayan,İstanbul,Cinsel,Aralık,KIŞ,MARMARA
4125,2012-12-10,Erkek,İzmir,DİĞER,Aralık,KIŞ,EGE
4126,2012-12-10,Erkek,Çorum,Cinsel,Aralık,KIŞ,KARADENİZ
4127,2012-12-10,Erkek,Samsun,Cinsel,Aralık,KIŞ,KARADENİZ
4128,2012-12-10,Erkek,Ankara,Cinsel,Aralık,KIŞ,İÇ ANADOLU
4129,2012-12-10,Erkek,İstanbul,Saç,Aralık,KIŞ,MARMARA
4130,2012-12-10,Erkek,Mersin,Cinsel,Aralık,KIŞ,AKDENİZ
4131,2012-12-10,Erkek,Samsun,DİĞER,Aralık,KIŞ,KARADENİZ
4132,2012-12-10,Erkek,İstanbul,Cinsel,Aralık,KIŞ,MARMARA
4133,2012-12-10,Erkek,İzmir,Cinsel,Aralık,KIŞ,EGE
4134,2012-12-10,Bayan,İstanbul,Zayıflama,Aralık,KIŞ,MARMARA
4135,2012-12-10,Erkek,İstanbul,Ağrılar,Aralık,KIŞ,MARMARA
4136,2012-12-10,Bayan,İstanbul,Saç,Aralık,KIŞ,MARMARA
4137,2012-12-10,Erkek,Tokat,Cinsel,Aralık,KIŞ,KARADENİZ
4138,2012-12-10,Erkek,İstanbul,Cinsel,Aralık,KIŞ,MARMARA
4139,2012-12-10,Erkek,Şanlıurfa,Cinsel,Aralık,KIŞ,GÜNEYDOĞU
4140,2012-12-10,Erkek,Zonguldak,Cinsel,Aralık,KIŞ,KARADENİZ
4141,2012-12-10,Erkek,İstanbul,Cinsel,Aralık,KIŞ,MARMARA
4142,2012-12-10,Erkek,Düzce,Cinsel,Aralık,KIŞ,KARADENİZ
4143,2012-12-10,Erkek,İstanbul,Cinsel,Aralık,KIŞ,MARMARA
4144,2012-12-10,Erkek,Zonguldak,Cinsel,Aralık,KIŞ,KARADENİZ
4145,2012-12-10,Erkek,Antalya,Cinsel,Aralık,KIŞ,AKDENİZ
4146,2012-12-11,Erkek,Ankara,Güzellik,Aralık,KIŞ,İÇ ANADOLU
4147,2012-12-11,Bayan,Antalya,Bakım,Aralık,KIŞ,AKDENİZ
4148,2012-12-11,Erkek,Kilis,DİĞER,Aralık,KIŞ,GÜNEYDOĞU
4149,2012-12-11,Bayan,İstanbul,Zayıflama,Aralık,KIŞ,MARMARA
4150,2012-12-11,Erkek,Muğla,Bakım,Aralık,KIŞ,EGE
4151,2012-12-11,Erkek,İstanbul,Cinsel,Aralık,KIŞ,MARMARA
4152,2012-12-11,Erkek,İzmir,Cinsel,Aralık,KIŞ,EGE
4153,2012-12-11,Erkek,Bursa,Cinsel,Aralık,KIŞ,MARMARA
4154,2012-12-11,Erkek,Kahramanmaraş,Güzellik,Aralık,KIŞ,AKDENİZ
4155,2012-12-11,Erkek,Konya,Cinsel,Aralık,KIŞ,İÇ ANADOLU
4156,2012-12-11,Erkek,Kütahya,Cinsel,Aralık,KIŞ,EGE
4157,2012-12-11,Erkek,Mersin,Cinsel,Aralık,KIŞ,AKDENİZ
4158,2012-12-11,Erkek,Aksaray,Cinsel,Aralık,KIŞ,İÇ ANADOLU
4159,2012-12-11,Erkek,Bursa,Cinsel,Aralık,KIŞ,MARMARA
4160,2012-12-11,Erkek,Ardahan,Cinsel,Aralık,KIŞ,DOĞU ANADOLU
4161,2012-12-11,Erkek,Mersin,Cinsel,Aralık,KIŞ,AKDENİZ
4162,2012-12-11,Erkek,Kırıkkale,Cinsel,Aralık,KIŞ,İÇ ANADOLU
4163,2012-12-11,Erkek,İstanbul,DİĞER,Aralık,KIŞ,MARMARA
4164,2012-12-11,Erkek,Afyon,Cinsel,Aralık,KIŞ,EGE
4165,2012-12-11,Erkek,Bursa,Cinsel,Aralık,KIŞ,MARMARA
4166,2012-12-11,Erkek,Manisa,Cinsel,Aralık,KIŞ,EGE
4167,2012-12-11,Erkek,Konya,Cinsel,Aralık,KIŞ,İÇ ANADOLU
4168,2012-12-11,Erkek,Samsun,Saç,Aralık,KIŞ,KARADENİZ
4169,2012-12-11,Erkek,Manisa,Zayıflama,Aralık,KIŞ,EGE
4170,2012-12-11,Bayan,İstanbul,Güzellik,Aralık,KIŞ,MARMARA
4171,2012-12-11,Erkek,Hatay,Saç,Aralık,KIŞ,AKDENİZ
4172,2012-12-11,Erkek,Ankara,Cinsel,Aralık,KIŞ,İÇ ANADOLU
4173,2012-12-12,Erkek,Balıkesir,Cinsel,Aralık,KIŞ,MARMARA
4174,2012-12-12,Erkek,Konya,Cinsel,Aralık,KIŞ,İÇ ANADOLU
4175,2012-12-12,Erkek,Çorum,Cinsel,Aralık,KIŞ,KARADENİZ
4176,2012-12-12,Erkek,İstanbul,Zayıflama,Aralık,KIŞ,MARMARA
4177,2012-12-12,Erkek,Ankara,Cinsel,Aralık,KIŞ,İÇ ANADOLU
4178,2012-12-12,Erkek,Adana,Cinsel,Aralık,KIŞ,AKDENİZ
4179,2012-12-12,Erkek,Antalya,Zayıflama,Aralık,KIŞ,AKDENİZ
4180,2012-12-12,Erkek,Antalya,Zayıflama,Aralık,KIŞ,AKDENİZ
4181,2012-12-12,Erkek,İstanbul,Cinsel,Aralık,KIŞ,MARMARA
4182,2012-12-12,Erkek,Antalya,Cinsel,Aralık,KIŞ,AKDENİZ
4183,2012-12-12,Erkek,Bursa,Cinsel,Aralık,KIŞ,MARMARA
4184,2012-12-12,Erkek,İstanbul,DİĞER,Aralık,KIŞ,MARMARA
4185,2012-12-12,Erkek,İstanbul,Zayıflama,Aralık,KIŞ,MARMARA
4186,2012-12-12,Erkek,Mersin,Cinsel,Aralık,KIŞ,AKDENİZ
4187,2012-12-12,Erkek,Antalya,Zayıflama,Aralık,KIŞ,AKDENİZ
4188,2012-12-12,Erkek,Antalya,Zayıflama,Aralık,KIŞ,AKDENİZ
4189,2012-12-12,Erkek,Ankara,Saç,Aralık,KIŞ,İÇ ANADOLU
4190,2012-12-12,Erkek,Antalya,Cinsel,Aralık,KIŞ,AKDENİZ
4191,2012-12-12,Erkek,Erzincan,Cinsel,Aralık,KIŞ,DOĞU ANADOLU
4192,2012-12-12,Erkek,Hatay,Güzellik,Aralık,KIŞ,AKDENİZ
4193,2012-12-12,Bayan,Eskişehir,Saç,Aralık,KIŞ,İÇ ANADOLU
4194,2012-12-13,Erkek,Muğla,Ağrılar,Aralık,KIŞ,EGE
4195,2012-12-13,Erkek,Van,Sağlık,Aralık,KIŞ,DOĞU ANADOLU
4196,2012-12-13,Erkek,Kayseri,Cinsel,Aralık,KIŞ,İÇ ANADOLU
4197,2012-12-13,Erkek,Ankara,Cinsel,Aralık,KIŞ,İÇ ANADOLU
4198,2012-12-13,Erkek,İstanbul,Cinsel,Aralık,KIŞ,MARMARA
4199,2012-12-13,Erkek,İstanbul,Cinsel,Aralık,KIŞ,MARMARA
4200,2012-12-13,Erkek,Ankara,Cinsel,Aralık,KIŞ,İÇ ANADOLU
4201,2012-12-13,Erkek,Burdur,Cinsel,Aralık,KIŞ,AKDENİZ
4202,2012-12-13,Erkek,Kırıkkale,Cinsel,Aralık,KIŞ,İÇ ANADOLU
4203,2012-12-13,Erkek,Düzce,Cinsel,Aralık,KIŞ,KARADENİZ
4204,2012-12-13,Erkek,Kastamonu,Ağrılar,Aralık,KIŞ,KARADENİZ
4205,2012-12-13,Erkek,Bolu,Cinsel,Aralık,KIŞ,KARADENİZ
4206,2012-12-13,Erkek,Manisa,Cinsel,Aralık,KIŞ,EGE
4207,2012-12-13,Erkek,Gaziantep,Zayıflama,Aralık,KIŞ,GÜNEYDOĞU
4208,2012-12-13,Erkek,Adana,Cinsel,Aralık,KIŞ,AKDENİZ
4209,2012-12-13,Erkek,Eskişehir,DİĞER,Aralık,KIŞ,İÇ ANADOLU
4210,2012-12-13,Erkek,Ankara,Cinsel,Aralık,KIŞ,İÇ ANADOLU
4211,2012-12-13,Erkek,Antalya,Cinsel,Aralık,KIŞ,AKDENİZ
4212,2012-12-13,Erkek,Kocaeli,Cinsel,Aralık,KIŞ,MARMARA
4213,2012-12-13,Erkek,Samsun,Cinsel,Aralık,KIŞ,KARADENİZ
4214,2012-12-13,Erkek,Antalya,Cinsel,Aralık,KIŞ,AKDENİZ
4215,2012-12-13,Erkek,Şanlıurfa,Cinsel,Aralık,KIŞ,GÜNEYDOĞU
4216,2012-12-13,Erkek,Niğde,Cinsel,Aralık,KIŞ,İÇ ANADOLU
4217,2012-12-13,Erkek,Konya,Cinsel,Aralık,KIŞ,İÇ ANADOLU
4218,2012-12-13,Erkek,Nevşehir,DİĞER,Aralık,KIŞ,İÇ ANADOLU
4219,2012-12-13,Erkek,İstanbul,Bakım,Aralık,KIŞ,MARMARA
4220,2012-12-13,Erkek,İstanbul,Bakım,Aralık,KIŞ,MARMARA
4221,2012-12-13,Erkek,İzmir,Cinsel,Aralık,KIŞ,EGE
4222,2012-12-13,Erkek,İstanbul,Cinsel,Aralık,KIŞ,MARMARA
4223,2012-12-13,Erkek,Ankara,Cinsel,Aralık,KIŞ,İÇ ANADOLU
4224,2012-12-13,Erkek,Muğla,Cinsel,Aralık,KIŞ,EGE
4225,2012-12-13,Bayan,İstanbul,Cinsel,Aralık,KIŞ,MARMARA
4226,2012-12-14,Erkek,Mardin,Cinsel,Aralık,KIŞ,GÜNEYDOĞU
4227,2012-12-14,Erkek,Samsun,Cinsel,Aralık,KIŞ,KARADENİZ
4228,2012-12-14,Erkek,Mersin,Cinsel,Aralık,KIŞ,AKDENİZ
4229,2012-12-14,Erkek,Kahramanmaraş,Cinsel,Aralık,KIŞ,AKDENİZ
4230,2012-12-14,Erkek,Konya,Cinsel,Aralık,KIŞ,İÇ ANADOLU
4231,2012-12-14,Erkek,İzmir,Cinsel,Aralık,KIŞ,EGE
4232,2012-12-14,Erkek,İstanbul,Cinsel,Aralık,KIŞ,MARMARA
4233,2012-12-14,Erkek,Ankara,Cinsel,Aralık,KIŞ,İÇ ANADOLU
4234,2012-12-14,Bayan,Gaziantep,Bakım,Aralık,KIŞ,GÜNEYDOĞU
4235,2012-12-14,Erkek,Van,Cinsel,Aralık,KIŞ,DOĞU ANADOLU
4236,2012-12-14,Bayan,Diyarbakır,Zayıflama,Aralık,KIŞ,GÜNEYDOĞU
4237,2012-12-14,Bayan,Ankara,Zayıflama,Aralık,KIŞ,İÇ ANADOLU
4238,2012-12-14,Bayan,Muğla,DİĞER,Aralık,KIŞ,EGE
4239,2012-12-14,Erkek,Amasya,Cinsel,Aralık,KIŞ,KARADENİZ
4240,2012-12-14,Erkek,İstanbul,Cinsel,Aralık,KIŞ,MARMARA
4241,2012-12-14,Erkek,Bursa,DİĞER,Aralık,KIŞ,MARMARA
4242,2012-12-14,Bayan,Kocaeli,Zayıflama,Aralık,KIŞ,MARMARA
4243,2012-12-14,Erkek,Çanakkale,Cinsel,Aralık,KIŞ,MARMARA
4244,2012-12-14,Bayan,Kocaeli,Bakım,Aralık,KIŞ,MARMARA
4245,2012-12-14,Erkek,Muş,DİĞER,Aralık,KIŞ,DOĞU ANADOLU
4246,2012-12-14,Erkek,Aydın,Cinsel,Aralık,KIŞ,EGE
4247,2012-12-15,Erkek,İstanbul,Bakım,Aralık,KIŞ,MARMARA
4248,2012-12-15,Erkek,İzmir,Cinsel,Aralık,KIŞ,EGE
4249,2012-12-15,Erkek,Elazığ,Cinsel,Aralık,KIŞ,DOĞU ANADOLU
4250,2012-12-15,Erkek,Bursa,Cinsel,Aralık,KIŞ,MARMARA
4251,2012-12-15,Erkek,Kayseri,Cinsel,Aralık,KIŞ,İÇ ANADOLU
4252,2012-12-15,Erkek,Hatay,Cinsel,Aralık,KIŞ,AKDENİZ
4253,2012-12-15,Erkek,Samsun,Cinsel,Aralık,KIŞ,KARADENİZ
4254,2012-12-15,Erkek,İstanbul,Saç,Aralık,KIŞ,MARMARA
4255,2012-12-15,Erkek,Şanlıurfa,Cinsel,Aralık,KIŞ,GÜNEYDOĞU
4256,2012-12-15,Erkek,İstanbul,Cinsel,Aralık,KIŞ,MARMARA
4257,2012-12-15,Bayan,Kırıkkale,Cinsel,Aralık,KIŞ,İÇ ANADOLU
4258,2012-12-15,Erkek,İstanbul,Cinsel,Aralık,KIŞ,MARMARA
4259,2012-12-15,Erkek,Ankara,Cinsel,Aralık,KIŞ,İÇ ANADOLU
4260,2012-12-15,Erkek,İzmir,Cinsel,Aralık,KIŞ,EGE
4261,2012-12-15,Erkek,İstanbul,Cinsel,Aralık,KIŞ,MARMARA
4262,2012-12-15,Erkek,Samsun,Cinsel,Aralık,KIŞ,KARADENİZ
4263,2012-12-17,Erkek,Bursa,Cinsel,Aralık,KIŞ,MARMARA
4264,2012-12-17,Erkek,Denizli,Cinsel,Aralık,KIŞ,EGE
4265,2012-12-17,Erkek,İzmir,Cinsel,Aralık,KIŞ,EGE
4266,2012-12-17,Erkek,Yozgat,Ağrılar,Aralık,KIŞ,İÇ ANADOLU
4267,2012-12-17,Erkek,Eskişehir,Cinsel,Aralık,KIŞ,İÇ ANADOLU
4268,2012-12-17,Bayan,İstanbul,Cinsel,Aralık,KIŞ,MARMARA
4269,2012-12-17,Erkek,Afyon,DİĞER,Aralık,KIŞ,EGE
4270,2012-12-17,Erkek,Ankara,Cinsel,Aralık,KIŞ,İÇ ANADOLU
4271,2012-12-17,Erkek,İstanbul,Cinsel,Aralık,KIŞ,MARMARA
4272,2012-12-17,Erkek,Şanlıurfa,DİĞER,Aralık,KIŞ,GÜNEYDOĞU
4273,2012-12-17,Bayan,İstanbul,Zayıflama,Aralık,KIŞ,MARMARA
4274,2012-12-17,Erkek,İstanbul,Cinsel,Aralık,KIŞ,MARMARA
4275,2012-12-17,Erkek,Şanlıurfa,Cinsel,Aralık,KIŞ,GÜNEYDOĞU
4276,2012-12-17,Erkek,Gaziantep,Cinsel,Aralık,KIŞ,GÜNEYDOĞU
4277,2012-12-17,Erkek,Konya,Cinsel,Aralık,KIŞ,İÇ ANADOLU
4278,2012-12-17,Erkek,İstanbul,Cinsel,Aralık,KIŞ,MARMARA
4279,2012-12-17,Bayan,Tekirdağ,Cinsel,Aralık,KIŞ,MARMARA
4280,2012-12-17,Erkek,Konya,Cinsel,Aralık,KIŞ,İÇ ANADOLU
4281,2012-12-17,Erkek,Elazığ,DİĞER,Aralık,KIŞ,DOĞU ANADOLU
4282,2012-12-17,Erkek,İstanbul,DİĞER,Aralık,KIŞ,MARMARA
4283,2012-12-17,Erkek,Kocaeli,Cinsel,Aralık,KIŞ,MARMARA
4284,2012-12-17,Erkek,Aydın,DİĞER,Aralık,KIŞ,EGE
4285,2012-12-17,Erkek,Kocaeli,Cinsel,Aralık,KIŞ,MARMARA
4286,2012-12-17,Bayan,Antalya,Cinsel,Aralık,KIŞ,AKDENİZ
4287,2012-12-17,Erkek,Aydın,Cinsel,Aralık,KIŞ,EGE
4288,2012-12-17,Bayan,Antalya,Cinsel,Aralık,KIŞ,AKDENİZ
4289,2012-12-17,Erkek,Aydın,Cinsel,Aralık,KIŞ,EGE
4290,2012-12-17,Erkek,Zonguldak,DİĞER,Aralık,KIŞ,KARADENİZ
4291,2012-12-17,Erkek,Ankara,Cinsel,Aralık,KIŞ,İÇ ANADOLU
4292,2012-12-17,Erkek,Çanakkale,Cinsel,Aralık,KIŞ,MARMARA
4293,2012-12-17,Erkek,Antalya,Cinsel,Aralık,KIŞ,AKDENİZ
4294,2012-12-17,Erkek,Bursa,Cinsel,Aralık,KIŞ,MARMARA
4295,2012-12-17,Bayan,İstanbul,DİĞER,Aralık,KIŞ,MARMARA
4296,2012-12-17,Erkek,Kocaeli,Cinsel,Aralık,KIŞ,MARMARA
4297,2012-12-17,Erkek,Kastamonu,DİĞER,Aralık,KIŞ,KARADENİZ
4298,2012-12-17,Erkek,Düzce,Cinsel,Aralık,KIŞ,KARADENİZ
4299,2012-12-17,Erkek,İzmir,DİĞER,Aralık,KIŞ,EGE
4300,2012-12-17,Bayan,İstanbul,DİĞER,Aralık,KIŞ,MARMARA
4301,2012-12-17,Erkek,Bursa,Cinsel,Aralık,KIŞ,MARMARA
4302,2012-12-18,Erkek,Muş,Cinsel,Aralık,KIŞ,DOĞU ANADOLU
4303,2012-12-18,Erkek,Edirne,DİĞER,Aralık,KIŞ,MARMARA
4304,2012-12-18,Erkek,İzmir,Cinsel,Aralık,KIŞ,EGE
4305,2012-12-18,Bayan,Bursa,DİĞER,Aralık,KIŞ,MARMARA
4306,2012-12-18,Erkek,Nevşehir,Cinsel,Aralık,KIŞ,İÇ ANADOLU
4307,2012-12-18,Erkek,Adıyaman,Cinsel,Aralık,KIŞ,GÜNEYDOĞU
4308,2012-12-18,Erkek,İstanbul,Cinsel,Aralık,KIŞ,MARMARA
4309,2012-12-18,Erkek,Ankara,Cinsel,Aralık,KIŞ,İÇ ANADOLU
4310,2012-12-18,Bayan,Karaman,DİĞER,Aralık,KIŞ,İÇ ANADOLU
4311,2012-12-18,Erkek,Trabzon,Cinsel,Aralık,KIŞ,KARADENİZ
4312,2012-12-18,Erkek,Düzce,Cinsel,Aralık,KIŞ,KARADENİZ
4313,2012-12-18,Erkek,Kayseri,Cinsel,Aralık,KIŞ,İÇ ANADOLU
4314,2012-12-18,Erkek,İstanbul,Cinsel,Aralık,KIŞ,MARMARA
4315,2012-12-18,Erkek,İstanbul,Cinsel,Aralık,KIŞ,MARMARA
4316,2012-12-18,Erkek,Aydın,Cinsel,Aralık,KIŞ,EGE
4317,2012-12-18,Erkek,İstanbul,DİĞER,Aralık,KIŞ,MARMARA
4318,2012-12-18,Bayan,Mersin,Saç,Aralık,KIŞ,AKDENİZ
4319,2012-12-18,Erkek,Mersin,Cinsel,Aralık,KIŞ,AKDENİZ
4320,2012-12-18,Erkek,Kütahya,Cinsel,Aralık,KIŞ,EGE
4321,2012-12-18,Erkek,Gaziantep,Zayıflama,Aralık,KIŞ,GÜNEYDOĞU
4322,2012-12-18,Erkek,Ankara,Cinsel,Aralık,KIŞ,İÇ ANADOLU
4323,2012-12-18,Erkek,İstanbul,Cinsel,Aralık,KIŞ,MARMARA
4324,2012-12-18,Erkek,Antalya,Cinsel,Aralık,KIŞ,AKDENİZ
4325,2012-12-18,Bayan,İstanbul,DİĞER,Aralık,KIŞ,MARMARA
4326,2012-12-18,Erkek,Şanlıurfa,Cinsel,Aralık,KIŞ,GÜNEYDOĞU
4327,2012-12-18,Erkek,İstanbul,Cinsel,Aralık,KIŞ,MARMARA
4328,2012-12-18,Erkek,Karabük,Cinsel,Aralık,KIŞ,KARADENİZ
4329,2012-12-18,Bayan,Ankara,Saç,Aralık,KIŞ,İÇ ANADOLU
4330,2012-12-18,Erkek,Bursa,Cinsel,Aralık,KIŞ,MARMARA
4331,2012-12-18,Erkek,Tokat,Cinsel,Aralık,KIŞ,KARADENİZ
4332,2012-12-19,Erkek,Amasya,Cinsel,Aralık,KIŞ,KARADENİZ
4333,2012-12-19,Erkek,İstanbul,Cinsel,Aralık,KIŞ,MARMARA
4334,2012-12-19,Erkek,Ankara,Cinsel,Aralık,KIŞ,İÇ ANADOLU
4335,2012-12-19,Erkek,Tekirdağ,Cinsel,Aralık,KIŞ,MARMARA
4336,2012-12-19,Erkek,İzmir,Zayıflama,Aralık,KIŞ,EGE
4337,2012-12-19,Erkek,Samsun,Cinsel,Aralık,KIŞ,KARADENİZ
4338,2012-12-19,Erkek,İzmir,DİĞER,Aralık,KIŞ,EGE
4339,2012-12-19,Erkek,Aydın,Cinsel,Aralık,KIŞ,EGE
4340,2012-12-19,Erkek,Bursa,Cinsel,Aralık,KIŞ,MARMARA
4341,2012-12-19,Erkek,Kayseri,Cinsel,Aralık,KIŞ,İÇ ANADOLU
4342,2012-12-19,Erkek,Ankara,Cinsel,Aralık,KIŞ,İÇ ANADOLU
4343,2012-12-19,Erkek,Ankara,Zayıflama,Aralık,KIŞ,İÇ ANADOLU
4344,2012-12-19,Bayan,Diyarbakır,Zayıflama,Aralık,KIŞ,GÜNEYDOĞU
4345,2012-12-19,Erkek,İzmir,Cinsel,Aralık,KIŞ,EGE
4346,2012-12-19,Bayan,Kırıkkale,Bakım,Aralık,KIŞ,İÇ ANADOLU
4347,2012-12-20,Erkek,Bolu,Cinsel,Aralık,KIŞ,KARADENİZ
4348,2012-12-20,Bayan,Konya,Zayıflama,Aralık,KIŞ,İÇ ANADOLU
4349,2012-12-20,Erkek,Adıyaman,DİĞER,Aralık,KIŞ,GÜNEYDOĞU
4350,2012-12-20,Erkek,İzmir,Cinsel,Aralık,KIŞ,EGE
4351,2012-12-20,Erkek,Muş,Cinsel,Aralık,KIŞ,DOĞU ANADOLU
4352,2012-12-20,Erkek,İzmir,DİĞER,Aralık,KIŞ,EGE
4353,2012-12-20,Erkek,Ankara,Cinsel,Aralık,KIŞ,İÇ ANADOLU
4354,2012-12-20,Erkek,Antalya,Cinsel,Aralık,KIŞ,AKDENİZ
4355,2012-12-20,Erkek,Tokat,DİĞER,Aralık,KIŞ,KARADENİZ
4356,2012-12-20,Erkek,İstanbul,Cinsel,Aralık,KIŞ,MARMARA
4357,2012-12-20,Erkek,Bolu,Bakım,Aralık,KIŞ,KARADENİZ
4358,2012-12-20,Erkek,Bursa,Cinsel,Aralık,KIŞ,MARMARA
4359,2012-12-20,Erkek,Adana,Cinsel,Aralık,KIŞ,AKDENİZ
4360,2012-12-20,Erkek,Ankara,Bakım,Aralık,KIŞ,İÇ ANADOLU
4361,2012-12-20,Erkek,Bursa,Bakım,Aralık,KIŞ,MARMARA
4362,2012-12-20,Erkek,Nevşehir,DİĞER,Aralık,KIŞ,İÇ ANADOLU
4363,2012-12-20,Erkek,Bursa,Cinsel,Aralık,KIŞ,MARMARA
4364,2012-12-20,Erkek,Ağrı,Cinsel,Aralık,KIŞ,DOĞU ANADOLU
4365,2012-12-20,Erkek,Bolu,Cinsel,Aralık,KIŞ,KARADENİZ
4366,2012-12-20,Erkek,Manisa,Cinsel,Aralık,KIŞ,EGE
4367,2012-12-20,Erkek,İzmir,Bakım,Aralık,KIŞ,EGE
4368,2012-12-21,Bayan,İzmir,Zayıflama,Aralık,KIŞ,EGE
4369,2012-12-21,Erkek,Şırnak,Zayıflama,Aralık,KIŞ,DOĞU ANADOLU
4370,2012-12-21,Erkek,İstanbul,Cinsel,Aralık,KIŞ,MARMARA
4371,2012-12-21,Erkek,Konya,Cinsel,Aralık,KIŞ,İÇ ANADOLU
4372,2012-12-21,Erkek,Antalya,Cinsel,Aralık,KIŞ,AKDENİZ
4373,2012-12-21,Erkek,İstanbul,Cinsel,Aralık,KIŞ,MARMARA
4374,2012-12-21,Erkek,İstanbul,DİĞER,Aralık,KIŞ,MARMARA
4375,2012-12-21,Erkek,Eskişehir,Cinsel,Aralık,KIŞ,İÇ ANADOLU
4376,2012-12-21,Erkek,İzmir,Cinsel,Aralık,KIŞ,EGE
4377,2012-12-21,Erkek,İstanbul,Saç,Aralık,KIŞ,MARMARA
4378,2012-12-21,Erkek,İstanbul,Cinsel,Aralık,KIŞ,MARMARA
4379,2012-12-21,Erkek,İstanbul,Cinsel,Aralık,KIŞ,MARMARA
4380,2012-12-21,Erkek,Kayseri,Cinsel,Aralık,KIŞ,İÇ ANADOLU
4381,2012-12-21,Erkek,Burdur,Cinsel,Aralık,KIŞ,AKDENİZ
4382,2012-12-21,Bayan,Artvin,Cinsel,Aralık,KIŞ,KARADENİZ
4383,2012-12-21,Erkek,Hatay,Cinsel,Aralık,KIŞ,AKDENİZ
4384,2012-12-21,Erkek,Adıyaman,Cinsel,Aralık,KIŞ,GÜNEYDOĞU
4385,2012-12-21,Erkek,Muğla,Cinsel,Aralık,KIŞ,EGE
4386,2012-12-21,Erkek,Adana,Bakım,Aralık,KIŞ,AKDENİZ
4387,2012-12-21,Erkek,İstanbul,Ağrılar,Aralık,KIŞ,MARMARA
4388,2012-12-22,Erkek,Antalya,Cinsel,Aralık,KIŞ,AKDENİZ
4389,2012-12-22,Erkek,İzmir,Cinsel,Aralık,KIŞ,EGE
4390,2012-12-22,Erkek,Bursa,Bakım,Aralık,KIŞ,MARMARA
4391,2012-12-22,Erkek,Balıkesir,Cinsel,Aralık,KIŞ,MARMARA
4392,2012-12-22,Erkek,Mersin,Cinsel,Aralık,KIŞ,AKDENİZ
4393,2012-12-22,Erkek,Denizli,Cinsel,Aralık,KIŞ,EGE
4394,2012-12-22,Erkek,Konya,Cinsel,Aralık,KIŞ,İÇ ANADOLU
4395,2012-12-22,Erkek,Kocaeli,Cinsel,Aralık,KIŞ,MARMARA
4396,2012-12-22,Erkek,Zonguldak,Zayıflama,Aralık,KIŞ,KARADENİZ
4397,2012-12-22,Erkek,Adana,Cinsel,Aralık,KIŞ,AKDENİZ
4398,2012-12-22,Erkek,Yozgat,Cinsel,Aralık,KIŞ,İÇ ANADOLU
4399,2012-12-22,Erkek,Bingöl,Saç,Aralık,KIŞ,DOĞU ANADOLU
4400,2012-12-22,Erkek,Malatya,Cinsel,Aralık,KIŞ,DOĞU ANADOLU
4401,2012-12-22,Erkek,Konya,Cinsel,Aralık,KIŞ,İÇ ANADOLU
4402,2012-12-22,Erkek,İzmir,Ağrılar,Aralık,KIŞ,EGE
4403,2012-12-22,Erkek,Kocaeli,Bakım,Aralık,KIŞ,MARMARA
4404,2012-12-22,Erkek,İstanbul,Cinsel,Aralık,KIŞ,MARMARA
4405,2012-12-22,Erkek,Ankara,Cinsel,Aralık,KIŞ,İÇ ANADOLU
4406,2012-12-22,Erkek,İstanbul,Saç,Aralık,KIŞ,MARMARA
4407,2012-12-22,Erkek,İstanbul,Cinsel,Aralık,KIŞ,MARMARA
4408,2012-12-24,Erkek,Kocaeli,Cinsel,Aralık,KIŞ,MARMARA
4409,2012-12-24,Erkek,Konya,Cinsel,Aralık,KIŞ,İÇ ANADOLU
4410,2012-12-24,Erkek,Burdur,Cinsel,Aralık,KIŞ,AKDENİZ
4411,2012-12-24,Erkek,Şanlıurfa,Cinsel,Aralık,KIŞ,GÜNEYDOĞU
4412,2012-12-24,Bayan,İstanbul,Cinsel,Aralık,KIŞ,MARMARA
4413,2012-12-24,Erkek,Mardin,Cinsel,Aralık,KIŞ,GÜNEYDOĞU
4414,2012-12-24,Erkek,Amasya,DİĞER,Aralık,KIŞ,KARADENİZ
4415,2012-12-24,Bayan,Gaziantep,DİĞER,Aralık,KIŞ,GÜNEYDOĞU
4416,2012-12-24,Erkek,İstanbul,Cinsel,Aralık,KIŞ,MARMARA
4417,2012-12-24,Erkek,Ordu,Cinsel,Aralık,KIŞ,KARADENİZ
4418,2012-12-24,Erkek,Hatay,Cinsel,Aralık,KIŞ,AKDENİZ
4419,2012-12-24,Erkek,Muğla,Cinsel,Aralık,KIŞ,EGE
4420,2012-12-24,Erkek,Antalya,Cinsel,Aralık,KIŞ,AKDENİZ
4421,2012-12-24,Erkek,İstanbul,Zayıflama,Aralık,KIŞ,MARMARA
4422,2012-12-24,Erkek,Gaziantep,Cinsel,Aralık,KIŞ,GÜNEYDOĞU
4423,2012-12-24,Bayan,Diyarbakır,Bakım,Aralık,KIŞ,GÜNEYDOĞU
4424,2012-12-24,Erkek,Muş,Cinsel,Aralık,KIŞ,DOĞU ANADOLU
4425,2012-12-24,Erkek,Şanlıurfa,Cinsel,Aralık,KIŞ,GÜNEYDOĞU
4426,2012-12-24,Erkek,İstanbul,DİĞER,Aralık,KIŞ,MARMARA
4427,2012-12-24,Bayan,Ankara,Saç,Aralık,KIŞ,İÇ ANADOLU
4428,2012-12-24,Erkek,Malatya,Cinsel,Aralık,KIŞ,DOĞU ANADOLU
4429,2012-12-24,Erkek,Kocaeli,Cinsel,Aralık,KIŞ,MARMARA
4430,2012-12-24,Erkek,Diyarbakır,Cinsel,Aralık,KIŞ,GÜNEYDOĞU
4431,2012-12-24,Erkek,Adana,Cinsel,Aralık,KIŞ,AKDENİZ
4432,2012-12-24,Erkek,Manisa,Cinsel,Aralık,KIŞ,EGE
4433,2012-12-24,Erkek,Konya,Cinsel,Aralık,KIŞ,İÇ ANADOLU
4434,2012-12-24,Erkek,Antalya,Cinsel,Aralık,KIŞ,AKDENİZ
4435,2012-12-24,Erkek,İstanbul,Cinsel,Aralık,KIŞ,MARMARA
4436,2012-12-24,Bayan,İstanbul,Zayıflama,Aralık,KIŞ,MARMARA
4437,2012-12-24,Erkek,Antalya,Cinsel,Aralık,KIŞ,AKDENİZ
4438,2012-12-24,Erkek,İstanbul,Ağrılar,Aralık,KIŞ,MARMARA
4439,2012-12-24,Bayan,İstanbul,Zayıflama,Aralık,KIŞ,MARMARA
4440,2012-12-24,Erkek,Ankara,Cinsel,Aralık,KIŞ,İÇ ANADOLU
4441,2012-12-24,Erkek,İzmir,Zayıflama,Aralık,KIŞ,EGE
4442,2012-12-24,Erkek,Yozgat,Cinsel,Aralık,KIŞ,İÇ ANADOLU
4443,2012-12-24,Erkek,İstanbul,Cinsel,Aralık,KIŞ,MARMARA
4444,2012-12-24,Erkek,Kayseri,Cinsel,Aralık,KIŞ,İÇ ANADOLU
4445,2012-12-24,Erkek,Manisa,Cinsel,Aralık,KIŞ,EGE
4446,2012-12-24,Erkek,İstanbul,Cinsel,Aralık,KIŞ,MARMARA
4447,2012-12-24,Erkek,Antalya,Zayıflama,Aralık,KIŞ,AKDENİZ
4448,2012-12-24,Bayan,Ankara,Bakım,Aralık,KIŞ,İÇ ANADOLU
4449,2012-12-24,Erkek,İstanbul,Cinsel,Aralık,KIŞ,MARMARA
4450,2012-12-24,Erkek,İstanbul,Cinsel,Aralık,KIŞ,MARMARA
4451,2012-12-24,Bayan,Ankara,Bakım,Aralık,KIŞ,İÇ ANADOLU
4452,2012-12-24,Erkek,Düzce,Zayıflama,Aralık,KIŞ,KARADENİZ
4453,2012-12-24,Erkek,Antalya,Cinsel,Aralık,KIŞ,AKDENİZ
4454,2012-12-24,Bayan,İstanbul,Zayıflama,Aralık,KIŞ,MARMARA
4455,2012-12-24,Erkek,Artvin,Cinsel,Aralık,KIŞ,KARADENİZ
4456,2012-12-24,Bayan,Aydın,DİĞER,Aralık,KIŞ,EGE
4457,2012-12-24,Erkek,Hatay,Cinsel,Aralık,KIŞ,AKDENİZ
4458,2012-12-24,Bayan,Konya,Cinsel,Aralık,KIŞ,İÇ ANADOLU
4459,2012-12-24,Erkek,İstanbul,Cinsel,Aralık,KIŞ,MARMARA
4460,2012-12-24,Erkek,Mersin,Bakım,Aralık,KIŞ,AKDENİZ
4461,2012-12-25,Erkek,Konya,Cinsel,Aralık,KIŞ,İÇ ANADOLU
4462,2012-12-25,Erkek,Aksaray,Cinsel,Aralık,KIŞ,İÇ ANADOLU
4463,2012-12-25,Erkek,Tekirdağ,Cinsel,Aralık,KIŞ,MARMARA
4464,2012-12-25,Erkek,Bursa,Cinsel,Aralık,KIŞ,MARMARA
4465,2012-12-25,Erkek,Ankara,Cinsel,Aralık,KIŞ,İÇ ANADOLU
4466,2012-12-25,Bayan,Şanlıurfa,Cinsel,Aralık,KIŞ,GÜNEYDOĞU
4467,2012-12-25,Erkek,Antalya,DİĞER,Aralık,KIŞ,AKDENİZ
4468,2012-12-25,Erkek,Zonguldak,Cinsel,Aralık,KIŞ,KARADENİZ
4469,2012-12-25,Bayan,Ankara,Bakım,Aralık,KIŞ,İÇ ANADOLU
4470,2012-12-25,Erkek,Antalya,Cinsel,Aralık,KIŞ,AKDENİZ
4471,2012-12-25,Erkek,Kocaeli,Saç,Aralık,KIŞ,MARMARA
4472,2012-12-25,Erkek,Aksaray,Cinsel,Aralık,KIŞ,İÇ ANADOLU
4473,2012-12-25,Erkek,İstanbul,Cinsel,Aralık,KIŞ,MARMARA
4474,2012-12-25,Erkek,Manisa,Cinsel,Aralık,KIŞ,EGE
4475,2012-12-25,Bayan,Aydın,Zayıflama,Aralık,KIŞ,EGE
4476,2012-12-25,Bayan,İstanbul,Cinsel,Aralık,KIŞ,MARMARA
4477,2012-12-25,Erkek,Antalya,Cinsel,Aralık,KIŞ,AKDENİZ
4478,2012-12-25,Bayan,İstanbul,Zayıflama,Aralık,KIŞ,MARMARA
4479,2012-12-25,Erkek,Aydın,Cinsel,Aralık,KIŞ,EGE
4480,2012-12-25,Erkek,İstanbul,Cinsel,Aralık,KIŞ,MARMARA
4481,2012-12-25,Erkek,Düzce,Cinsel,Aralık,KIŞ,KARADENİZ
4482,2012-12-25,Erkek,Aydın,Cinsel,Aralık,KIŞ,EGE
4483,2012-12-25,Erkek,Bingöl,Zayıflama,Aralık,KIŞ,DOĞU ANADOLU
4484,2012-12-25,Erkek,Adana,Bakım,Aralık,KIŞ,AKDENİZ
4485,2012-12-25,Erkek,Konya,Cinsel,Aralık,KIŞ,İÇ ANADOLU
4486,2012-12-25,Erkek,Gaziantep,DİĞER,Aralık,KIŞ,GÜNEYDOĞU
4487,2012-12-25,Erkek,Antalya,Cinsel,Aralık,KIŞ,AKDENİZ
4488,2012-12-25,Erkek,Uşak,Cinsel,Aralık,KIŞ,EGE
4489,2012-12-26,Erkek,Tokat,Cinsel,Aralık,KIŞ,KARADENİZ
4490,2012-12-26,Erkek,Samsun,Cinsel,Aralık,KIŞ,KARADENİZ
4491,2012-12-26,Erkek,Erzincan,Cinsel,Aralık,KIŞ,DOĞU ANADOLU
4492,2012-12-26,Erkek,Samsun,Cinsel,Aralık,KIŞ,KARADENİZ
4493,2012-12-26,Erkek,Şırnak,Cinsel,Aralık,KIŞ,DOĞU ANADOLU
4494,2012-12-26,Erkek,İstanbul,Cinsel,Aralık,KIŞ,MARMARA
4495,2012-12-26,Erkek,Konya,Cinsel,Aralık,KIŞ,İÇ ANADOLU
4496,2012-12-26,Erkek,Antalya,Saç,Aralık,KIŞ,AKDENİZ
4497,2012-12-26,Erkek,Zonguldak,Cinsel,Aralık,KIŞ,KARADENİZ
4498,2012-12-26,Erkek,Kocaeli,Cinsel,Aralık,KIŞ,MARMARA
4499,2012-12-26,Bayan,Antalya,Cinsel,Aralık,KIŞ,AKDENİZ
4500,2012-12-26,Bayan,Antalya,Zayıflama,Aralık,KIŞ,AKDENİZ
4501,2012-12-26,Erkek,Kütahya,Cinsel,Aralık,KIŞ,EGE
4502,2012-12-26,Erkek,Kayseri,Cinsel,Aralık,KIŞ,İÇ ANADOLU
4503,2012-12-26,Bayan,İzmir,Zayıflama,Aralık,KIŞ,EGE
4504,2012-12-26,Bayan,Kahramanmaraş,Cinsel,Aralık,KIŞ,AKDENİZ
4505,2012-12-26,Erkek,İstanbul,Ağrılar,Aralık,KIŞ,MARMARA
4506,2012-12-26,Erkek,Afyon,Cinsel,Aralık,KIŞ,EGE
4507,2012-12-26,Erkek,Ankara,Cinsel,Aralık,KIŞ,İÇ ANADOLU
4508,2012-12-26,Erkek,Aydın,Zayıflama,Aralık,KIŞ,EGE
4509,2012-12-26,Erkek,İstanbul,Cinsel,Aralık,KIŞ,MARMARA
4510,2012-12-26,Erkek,İstanbul,Cinsel,Aralık,KIŞ,MARMARA
4511,2012-12-26,Erkek,İzmir,DİĞER,Aralık,KIŞ,EGE
4512,2012-12-27,Erkek,Bursa,Saç,Aralık,KIŞ,MARMARA
4513,2012-12-27,Erkek,Trabzon,DİĞER,Aralık,KIŞ,KARADENİZ
4514,2012-12-27,Erkek,Manisa,DİĞER,Aralık,KIŞ,EGE
4515,2012-12-27,Erkek,İzmir,Cinsel,Aralık,KIŞ,EGE
4516,2012-12-27,Erkek,Adana,Cinsel,Aralık,KIŞ,AKDENİZ
4517,2012-12-27,Erkek,Bartın,DİĞER,Aralık,KIŞ,KARADENİZ
4518,2012-12-27,Erkek,Kütahya,Cinsel,Aralık,KIŞ,EGE
4519,2012-12-27,Erkek,Hatay,Cinsel,Aralık,KIŞ,AKDENİZ
4520,2012-12-27,Erkek,Aydın,Bakım,Aralık,KIŞ,EGE
4521,2012-12-27,Erkek,Malatya,Cinsel,Aralık,KIŞ,DOĞU ANADOLU
4522,2012-12-27,Erkek,Aydın,Cinsel,Aralık,KIŞ,EGE
4523,2012-12-27,Erkek,Kastamonu,Cinsel,Aralık,KIŞ,KARADENİZ
4524,2012-12-27,Erkek,Tekirdağ,Cinsel,Aralık,KIŞ,MARMARA
4525,2012-12-27,Erkek,Elazığ,Cinsel,Aralık,KIŞ,DOĞU ANADOLU
4526,2012-12-27,Erkek,Niğde,Cinsel,Aralık,KIŞ,İÇ ANADOLU
4527,2012-12-27,Bayan,İstanbul,Bakım,Aralık,KIŞ,MARMARA
4528,2012-12-27,Erkek,Balıkesir,Cinsel,Aralık,KIŞ,MARMARA
4529,2012-01-02,Erkek,İstanbul,Cinsel,Ocak,KIŞ,MARMARA
4530,2012-01-02,Bayan,İstanbul,Güzellik,Ocak,KIŞ,MARMARA
4531,2012-01-02,Erkek,Antalya,Cinsel,Ocak,KIŞ,AKDENİZ
4532,2012-01-02,Bayan,Ankara,Güzellik,Ocak,KIŞ,İÇ ANADOLU
4533,2012-01-02,Erkek,Adana,Güzellik,Ocak,KIŞ,AKDENİZ
4534,2012-01-02,Bayan,İstanbul,Zayıflama,Ocak,KIŞ,MARMARA
4535,2012-01-02,Erkek,Trabzon,Güzellik,Ocak,KIŞ,KARADENİZ
4536,2012-01-02,Erkek,İstanbul,Cinsel,Ocak,KIŞ,MARMARA
4537,2012-01-02,Erkek,Aydın,DİĞER,Ocak,KIŞ,EGE
4538,2012-01-02,Erkek,Bolu,DİĞER,Ocak,KIŞ,KARADENİZ
4539,2012-01-02,Erkek,Kırşehir,Güzellik,Ocak,KIŞ,İÇ ANADOLU
4540,2012-01-02,Erkek,Aydın,DİĞER,Ocak,KIŞ,EGE
4541,2012-01-02,Erkek,Ankara,Zayıflama,Ocak,KIŞ,İÇ ANADOLU
4542,2012-01-02,Bayan,Ankara,Zayıflama,Ocak,KIŞ,İÇ ANADOLU
4543,2012-01-02,Erkek,Mersin,Zayıflama,Ocak,KIŞ,AKDENİZ
4544,2012-01-02,Bayan,İstanbul,Bakım,Ocak,KIŞ,MARMARA
4545,2012-01-02,Bayan,Balıkesir,Zayıflama,Ocak,KIŞ,MARMARA
4546,2012-01-02,Erkek,İstanbul,Zayıflama,Ocak,KIŞ,MARMARA
4547,2012-01-02,Erkek,Bartın,Zayıflama,Ocak,KIŞ,KARADENİZ
4548,2012-01-02,Erkek,İstanbul,Cinsel,Ocak,KIŞ,MARMARA
4549,2012-01-02,Erkek,Denizli,Saç,Ocak,KIŞ,EGE
4550,2012-01-02,Erkek,İstanbul,Sağlık,Ocak,KIŞ,MARMARA
4551,2012-01-02,Erkek,Tekirdağ,Cinsel,Ocak,KIŞ,MARMARA
4552,2012-01-02,Erkek,İzmir,Zayıflama,Ocak,KIŞ,EGE
4553,2012-01-02,Erkek,İstanbul,Güzellik,Ocak,KIŞ,MARMARA
4554,2012-01-02,Erkek,İstanbul,Güzellik,Ocak,KIŞ,MARMARA
4555,2012-01-02,Erkek,Bartın,Cinsel,Ocak,KIŞ,KARADENİZ
4556,2012-01-02,Bayan,Adana,Saç,Ocak,KIŞ,AKDENİZ
4557,2012-01-02,Erkek,İzmir,Saç,Ocak,KIŞ,EGE
4558,2012-01-02,Bayan,İzmir,DİĞER,Ocak,KIŞ,EGE
4559,2012-01-03,Erkek,Giresun,DİĞER,Ocak,KIŞ,KARADENİZ
4560,2012-01-03,Erkek,Kayseri,Sağlık,Ocak,KIŞ,İÇ ANADOLU
4561,2012-01-03,Erkek,İstanbul,DİĞER,Ocak,KIŞ,MARMARA
4562,2012-01-03,Bayan,Ankara,Zayıflama,Ocak,KIŞ,İÇ ANADOLU
4563,2012-01-03,Bayan,İzmir,Zayıflama,Ocak,KIŞ,EGE
4564,2012-01-03,Erkek,İstanbul,Cinsel,Ocak,KIŞ,MARMARA
4565,2012-01-03,Erkek,Gaziantep,DİĞER,Ocak,KIŞ,GÜNEYDOĞU
4566,2012-01-03,Erkek,Kütahya,Zayıflama,Ocak,KIŞ,EGE
4567,2012-01-03,Erkek,İzmir,Cinsel,Ocak,KIŞ,EGE
4568,2012-01-03,Erkek,Zonguldak,Zayıflama,Ocak,KIŞ,KARADENİZ
4569,2012-01-03,Erkek,Antalya,Cinsel,Ocak,KIŞ,AKDENİZ
4570,2012-01-03,Erkek,Konya,Güzellik,Ocak,KIŞ,İÇ ANADOLU
4571,2012-01-03,Erkek,İstanbul,Zayıflama,Ocak,KIŞ,MARMARA
4572,2012-01-03,Erkek,Bitlis,Sağlık,Ocak,KIŞ,DOĞU ANADOLU
4573,2012-01-03,Erkek,İstanbul,DİĞER,Ocak,KIŞ,MARMARA
4574,2012-01-03,Bayan,Tokat,Zayıflama,Ocak,KIŞ,KARADENİZ
4575,2012-01-03,Erkek,Siirt,Zayıflama,Ocak,KIŞ,GÜNEYDOĞU
4576,2012-01-03,Bayan,İstanbul,Zayıflama,Ocak,KIŞ,MARMARA
4577,2012-01-03,Erkek,Ankara,Cinsel,Ocak,KIŞ,İÇ ANADOLU
4578,2012-01-03,Erkek,İstanbul,Güzellik,Ocak,KIŞ,MARMARA
4579,2012-01-03,Erkek,Isparta,Güzellik,Ocak,KIŞ,AKDENİZ
4580,2012-01-03,Bayan,İstanbul,Zayıflama,Ocak,KIŞ,MARMARA
4581,2012-01-03,Erkek,İzmir,Saç,Ocak,KIŞ,EGE
4582,2012-01-03,Erkek,İstanbul,Güzellik,Ocak,KIŞ,MARMARA
4583,2012-01-03,Erkek,İstanbul,Cinsel,Ocak,KIŞ,MARMARA
4584,2012-01-03,Erkek,Manisa,DİĞER,Ocak,KIŞ,EGE
4585,2012-01-03,Bayan,Antalya,Güzellik,Ocak,KIŞ,AKDENİZ
4586,2012-01-03,Bayan,Ankara,Zayıflama,Ocak,KIŞ,İÇ ANADOLU
4587,2012-01-03,Bayan,Yozgat,Zayıflama,Ocak,KIŞ,İÇ ANADOLU
4588,2012-01-04,Erkek,Denizli,Cinsel,Ocak,KIŞ,EGE
4589,2012-01-04,Erkek,Afyon,Cinsel,Ocak,KIŞ,EGE
4590,2012-01-04,Bayan,İstanbul,Zayıflama,Ocak,KIŞ,MARMARA
4591,2012-01-04,Erkek,Konya,Sağlık,Ocak,KIŞ,İÇ ANADOLU
4592,2012-01-04,Erkek,Eskişehir,Bakım,Ocak,KIŞ,İÇ ANADOLU
4593,2012-01-04,Erkek,Ordu,Sağlık,Ocak,KIŞ,KARADENİZ
4594,2012-01-04,Bayan,Afyon,Güzellik,Ocak,KIŞ,EGE
4595,2012-01-04,Erkek,Ankara,Cinsel,Ocak,KIŞ,İÇ ANADOLU
4596,2012-01-04,Erkek,İzmir,Zayıflama,Ocak,KIŞ,EGE
4597,2012-01-04,Erkek,İstanbul,Sağlık,Ocak,KIŞ,MARMARA
4598,2012-01-04,Bayan,İstanbul,Zayıflama,Ocak,KIŞ,MARMARA
4599,2012-01-04,Erkek,Eskişehir,Cinsel,Ocak,KIŞ,İÇ ANADOLU
4600,2012-01-04,Erkek,İstanbul,Zayıflama,Ocak,KIŞ,MARMARA
4601,2012-01-04,Erkek,İstanbul,Saç,Ocak,KIŞ,MARMARA
4602,2012-01-04,Erkek,İstanbul,Zayıflama,Ocak,KIŞ,MARMARA
4603,2012-01-04,Bayan,Antalya,Cinsel,Ocak,KIŞ,AKDENİZ
4604,2012-01-04,Bayan,Edirne,Güzellik,Ocak,KIŞ,MARMARA
4605,2012-01-04,Erkek,İstanbul,Zayıflama,Ocak,KIŞ,MARMARA
4606,2012-01-04,Erkek,İstanbul,DİĞER,Ocak,KIŞ,MARMARA
4607,2012-01-04,Erkek,Ankara,Zayıflama,Ocak,KIŞ,İÇ ANADOLU
4608,2012-01-04,Erkek,İstanbul,Ağrılar,Ocak,KIŞ,MARMARA
4609,2012-01-04,Bayan,İstanbul,DİĞER,Ocak,KIŞ,MARMARA
4610,2012-01-04,Erkek,İstanbul,Saç,Ocak,KIŞ,MARMARA
4611,2012-01-04,Erkek,İstanbul,Cinsel,Ocak,KIŞ,MARMARA
4612,2012-01-04,Erkek,İstanbul,Güzellik,Ocak,KIŞ,MARMARA
4613,2012-01-04,Erkek,Karaman,Saç,Ocak,KIŞ,İÇ ANADOLU
4614,2012-01-04,Erkek,İstanbul,DİĞER,Ocak,KIŞ,MARMARA
4615,2012-01-04,Erkek,İstanbul,Cinsel,Ocak,KIŞ,MARMARA
4616,2012-01-04,Erkek,İstanbul,Zayıflama,Ocak,KIŞ,MARMARA
4617,2012-01-04,Erkek,Ankara,Zayıflama,Ocak,KIŞ,İÇ ANADOLU
4618,2012-01-04,Bayan,Ankara,Zayıflama,Ocak,KIŞ,İÇ ANADOLU
4619,2012-01-04,Bayan,Diyarbakır,Zayıflama,Ocak,KIŞ,GÜNEYDOĞU
4620,2012-01-04,Bayan,Bartın,Zayıflama,Ocak,KIŞ,KARADENİZ
4621,2012-01-04,Erkek,İzmir,Sağlık,Ocak,KIŞ,EGE
4622,2012-01-05,Erkek,İstanbul,Cinsel,Ocak,KIŞ,MARMARA
4623,2012-01-05,Bayan,Afyon,DİĞER,Ocak,KIŞ,EGE
4624,2012-01-05,Erkek,Eskişehir,Cinsel,Ocak,KIŞ,İÇ ANADOLU
4625,2012-01-05,Erkek,Elazığ,DİĞER,Ocak,KIŞ,DOĞU ANADOLU
4626,2012-01-05,Erkek,Niğde,Zayıflama,Ocak,KIŞ,İÇ ANADOLU
4627,2012-01-05,Erkek,Denizli,Zayıflama,Ocak,KIŞ,EGE
4628,2012-01-05,Erkek,Manisa,Saç,Ocak,KIŞ,EGE
4629,2012-01-05,Bayan,Hatay,DİĞER,Ocak,KIŞ,AKDENİZ
4630,2012-01-05,Bayan,İstanbul,DİĞER,Ocak,KIŞ,MARMARA
4631,2012-01-05,Erkek,İstanbul,Cinsel,Ocak,KIŞ,MARMARA
4632,2012-01-05,Bayan,İstanbul,Ağrılar,Ocak,KIŞ,MARMARA
4633,2012-01-05,Erkek,İstanbul,DİĞER,Ocak,KIŞ,MARMARA
4634,2012-01-05,Erkek,Kahramanmaraş,Sağlık,Ocak,KIŞ,AKDENİZ
4635,2012-01-05,Erkek,İstanbul,Zayıflama,Ocak,KIŞ,MARMARA
4636,2012-01-05,Erkek,Şanlıurfa,Ağrılar,Ocak,KIŞ,GÜNEYDOĞU
4637,2012-01-05,Bayan,Samsun,Cinsel,Ocak,KIŞ,KARADENİZ
4638,2012-01-05,Bayan,İzmir,Bakım,Ocak,KIŞ,EGE
4639,2012-01-05,Erkek,Aksaray,Sağlık,Ocak,KIŞ,İÇ ANADOLU
4640,2012-01-05,Erkek,İstanbul,Zayıflama,Ocak,KIŞ,MARMARA
4641,2012-01-05,Erkek,İstanbul,Cinsel,Ocak,KIŞ,MARMARA
4642,2012-01-05,Erkek,Ankara,Güzellik,Ocak,KIŞ,İÇ ANADOLU
4643,2012-01-05,Bayan,Konya,Zayıflama,Ocak,KIŞ,İÇ ANADOLU
4644,2012-01-05,Erkek,İstanbul,Cinsel,Ocak,KIŞ,MARMARA
4645,2012-01-06,Erkek,İstanbul,Güzellik,Ocak,KIŞ,MARMARA
4646,2012-01-06,Erkek,Kocaeli,Zayıflama,Ocak,KIŞ,MARMARA
4647,2012-01-06,Bayan,İstanbul,Zayıflama,Ocak,KIŞ,MARMARA
4648,2012-01-06,Bayan,İstanbul,Cinsel,Ocak,KIŞ,MARMARA
4649,2012-01-06,Bayan,İstanbul,Zayıflama,Ocak,KIŞ,MARMARA
4650,2012-01-06,Erkek,İstanbul,Cinsel,Ocak,KIŞ,MARMARA
4651,2012-01-06,Bayan,İstanbul,DİĞER,Ocak,KIŞ,MARMARA
4652,2012-01-06,Bayan,Muş,DİĞER,Ocak,KIŞ,DOĞU ANADOLU
4653,2012-01-06,Erkek,Erzurum,Cinsel,Ocak,KIŞ,DOĞU ANADOLU
4654,2012-01-06,Bayan,Muğla,Zayıflama,Ocak,KIŞ,EGE
4655,2012-01-06,Erkek,Eskişehir,Bakım,Ocak,KIŞ,İÇ ANADOLU
4656,2012-01-06,Erkek,Ankara,Saç,Ocak,KIŞ,İÇ ANADOLU
4657,2012-01-06,Erkek,Ankara,Cinsel,Ocak,KIŞ,İÇ ANADOLU
4658,2012-01-06,Bayan,Mersin,Zayıflama,Ocak,KIŞ,AKDENİZ
4659,2012-01-06,Bayan,İstanbul,Güzellik,Ocak,KIŞ,MARMARA
4660,2012-01-06,Erkek,Sivas,Güzellik,Ocak,KIŞ,İÇ ANADOLU
4661,2012-01-06,Erkek,Adıyaman,Zayıflama,Ocak,KIŞ,GÜNEYDOĞU
4662,2012-01-06,Erkek,Aydın,Cinsel,Ocak,KIŞ,EGE
4663,2012-01-06,Erkek,İstanbul,Cinsel,Ocak,KIŞ,MARMARA
4664,2012-01-06,Erkek,Antalya,Saç,Ocak,KIŞ,AKDENİZ
4665,2012-01-06,Erkek,Tokat,DİĞER,Ocak,KIŞ,KARADENİZ
4666,2012-01-06,Erkek,Gümüşhane,DİĞER,Ocak,KIŞ,KARADENİZ
4667,2012-01-06,Erkek,İstanbul,Saç,Ocak,KIŞ,MARMARA
4668,2012-01-07,Erkek,Aydın,Zayıflama,Ocak,KIŞ,EGE
4669,2012-01-07,Bayan,Diyarbakır,Zayıflama,Ocak,KIŞ,GÜNEYDOĞU
4670,2012-01-07,Bayan,Adana,Zayıflama,Ocak,KIŞ,AKDENİZ
4671,2012-01-07,Erkek,Kocaeli,Cinsel,Ocak,KIŞ,MARMARA
4672,2012-01-07,Erkek,Muş,Saç,Ocak,KIŞ,DOĞU ANADOLU
4673,2012-01-07,Erkek,Bursa,Cinsel,Ocak,KIŞ,MARMARA
4674,2012-01-07,Erkek,İstanbul,Ağrılar,Ocak,KIŞ,MARMARA
4675,2012-01-07,Bayan,İstanbul,Ağrılar,Ocak,KIŞ,MARMARA
4676,2012-01-07,Erkek,İzmir,Güzellik,Ocak,KIŞ,EGE
4677,2012-01-07,Erkek,Kocaeli,DİĞER,Ocak,KIŞ,MARMARA
4678,2012-01-07,Erkek,Samsun,Cinsel,Ocak,KIŞ,KARADENİZ
4679,2012-01-09,Erkek,Muğla,Güzellik,Ocak,KIŞ,EGE
4680,2012-01-09,Erkek,Elazığ,Cinsel,Ocak,KIŞ,DOĞU ANADOLU
4681,2012-01-09,Erkek,İstanbul,Cinsel,Ocak,KIŞ,MARMARA
4682,2012-01-09,Erkek,Zonguldak,Cinsel,Ocak,KIŞ,KARADENİZ
4683,2012-01-09,Bayan,İstanbul,Zayıflama,Ocak,KIŞ,MARMARA
4684,2012-01-09,Bayan,Samsun,Zayıflama,Ocak,KIŞ,KARADENİZ
4685,2012-01-09,Erkek,İstanbul,Bakım,Ocak,KIŞ,MARMARA
4686,2012-01-09,Erkek,Yozgat,Sağlık,Ocak,KIŞ,İÇ ANADOLU
4687,2012-01-09,Erkek,İstanbul,Cinsel,Ocak,KIŞ,MARMARA
4688,2012-01-09,Erkek,Muş,Güzellik,Ocak,KIŞ,DOĞU ANADOLU
4689,2012-01-09,Erkek,Muğla,Sağlık,Ocak,KIŞ,EGE
4690,2012-01-09,Erkek,Samsun,Cinsel,Ocak,KIŞ,KARADENİZ
4691,2012-01-09,Bayan,Samsun,Cinsel,Ocak,KIŞ,KARADENİZ
4692,2012-01-09,Erkek,İstanbul,Zayıflama,Ocak,KIŞ,MARMARA
4693,2012-01-09,Erkek,İstanbul,Zayıflama,Ocak,KIŞ,MARMARA
4694,2012-01-09,Bayan,Konya,Zayıflama,Ocak,KIŞ,İÇ ANADOLU
4695,2012-01-09,Erkek,İstanbul,Bakım,Ocak,KIŞ,MARMARA
4696,2012-01-09,Bayan,İzmir,Zayıflama,Ocak,KIŞ,EGE
4697,2012-01-09,Bayan,Çanakkale,Zayıflama,Ocak,KIŞ,MARMARA
4698,2012-01-09,Erkek,Malatya,Zayıflama,Ocak,KIŞ,DOĞU ANADOLU
4699,2012-01-09,Bayan,İstanbul,Zayıflama,Ocak,KIŞ,MARMARA
4700,2012-01-09,Bayan,İstanbul,Zayıflama,Ocak,KIŞ,MARMARA
4701,2012-01-09,Bayan,İstanbul,Zayıflama,Ocak,KIŞ,MARMARA
4702,2012-01-09,Bayan,Hatay,Güzellik,Ocak,KIŞ,AKDENİZ
4703,2012-01-09,Erkek,İzmir,Sağlık,Ocak,KIŞ,EGE
4704,2012-01-09,Erkek,İstanbul,Güzellik,Ocak,KIŞ,MARMARA
4705,2012-01-09,Bayan,Erzurum,Güzellik,Ocak,KIŞ,DOĞU ANADOLU
4706,2012-01-09,Erkek,Kocaeli,Cinsel,Ocak,KIŞ,MARMARA
4707,2012-01-09,Bayan,İstanbul,DİĞER,Ocak,KIŞ,MARMARA
4708,2012-01-09,Bayan,İstanbul,Zayıflama,Ocak,KIŞ,MARMARA
4709,2012-01-09,Erkek,Tekirdağ,Güzellik,Ocak,KIŞ,MARMARA
4710,2012-01-09,Bayan,Antalya,Güzellik,Ocak,KIŞ,AKDENİZ
4711,2012-01-09,Erkek,Kocaeli,Cinsel,Ocak,KIŞ,MARMARA
4712,2012-01-09,Bayan,Bursa,Bakım,Ocak,KIŞ,MARMARA
4713,2012-01-09,Erkek,Mersin,Cinsel,Ocak,KIŞ,AKDENİZ
4714,2012-01-09,Erkek,İstanbul,Zayıflama,Ocak,KIŞ,MARMARA
4715,2012-01-09,Erkek,İstanbul,Cinsel,Ocak,KIŞ,MARMARA
4716,2012-01-09,Erkek,Ankara,DİĞER,Ocak,KIŞ,İÇ ANADOLU
4717,2012-01-10,Erkek,Denizli,Cinsel,Ocak,KIŞ,EGE
4718,2012-01-10,Erkek,Uşak,Saç,Ocak,KIŞ,EGE
4719,2012-01-10,Erkek,İstanbul,Sağlık,Ocak,KIŞ,MARMARA
4720,2012-01-10,Bayan,İstanbul,Zayıflama,Ocak,KIŞ,MARMARA
4721,2012-01-10,Erkek,Gaziantep,Sağlık,Ocak,KIŞ,GÜNEYDOĞU
4722,2012-01-10,Erkek,İstanbul,Sağlık,Ocak,KIŞ,MARMARA
4723,2012-01-10,Erkek,Amasya,Zayıflama,Ocak,KIŞ,KARADENİZ
4724,2012-01-10,Bayan,Samsun,DİĞER,Ocak,KIŞ,KARADENİZ
4725,2012-01-10,Bayan,Malatya,Zayıflama,Ocak,KIŞ,DOĞU ANADOLU
4726,2012-01-10,Bayan,Adana,Zayıflama,Ocak,KIŞ,AKDENİZ
4727,2012-01-10,Erkek,İstanbul,Cinsel,Ocak,KIŞ,MARMARA
4728,2012-01-10,Erkek,İstanbul,DİĞER,Ocak,KIŞ,MARMARA
4729,2012-01-10,Erkek,İstanbul,Saç,Ocak,KIŞ,MARMARA
4730,2012-01-10,Erkek,İstanbul,Bakım,Ocak,KIŞ,MARMARA
4731,2012-01-10,Erkek,İstanbul,Cinsel,Ocak,KIŞ,MARMARA
4732,2012-01-10,Erkek,İstanbul,Cinsel,Ocak,KIŞ,MARMARA
4733,2012-01-10,Bayan,Kahramanmaraş,DİĞER,Ocak,KIŞ,AKDENİZ
4734,2012-01-10,Bayan,Sivas,DİĞER,Ocak,KIŞ,İÇ ANADOLU
4735,2012-01-10,Erkek,İzmir,Zayıflama,Ocak,KIŞ,EGE
4736,2012-01-10,Bayan,Trabzon,Güzellik,Ocak,KIŞ,KARADENİZ
4737,2012-01-10,Erkek,İstanbul,Saç,Ocak,KIŞ,MARMARA
4738,2012-01-10,Erkek,Kocaeli,Zayıflama,Ocak,KIŞ,MARMARA
4739,2012-01-10,Erkek,Zonguldak,Zayıflama,Ocak,KIŞ,KARADENİZ
4740,2012-01-10,Bayan,İstanbul,Cinsel,Ocak,KIŞ,MARMARA
4741,2012-01-10,Erkek,Kayseri,Zayıflama,Ocak,KIŞ,İÇ ANADOLU
4742,2012-01-10,Erkek,Antalya,Saç,Ocak,KIŞ,AKDENİZ
4743,2012-01-10,Erkek,Isparta,Sağlık,Ocak,KIŞ,AKDENİZ
4744,2012-01-10,Erkek,Yozgat,Zayıflama,Ocak,KIŞ,İÇ ANADOLU
4745,2012-01-11,Erkek,İstanbul,Zayıflama,Ocak,KIŞ,MARMARA
4746,2012-01-11,Erkek,İzmir,Zayıflama,Ocak,KIŞ,EGE
4747,2012-01-11,Bayan,Adıyaman,Zayıflama,Ocak,KIŞ,GÜNEYDOĞU
4748,2012-01-11,Erkek,Ankara,DİĞER,Ocak,KIŞ,İÇ ANADOLU
4749,2012-01-11,Bayan,Mardin,Cinsel,Ocak,KIŞ,GÜNEYDOĞU
4750,2012-01-11,Erkek,Antalya,Cinsel,Ocak,KIŞ,AKDENİZ
4751,2012-01-11,Erkek,İstanbul,Cinsel,Ocak,KIŞ,MARMARA
4752,2012-01-11,Erkek,Ağrı,Cinsel,Ocak,KIŞ,DOĞU ANADOLU
4753,2012-01-11,Erkek,Ankara,Bakım,Ocak,KIŞ,İÇ ANADOLU
4754,2012-01-11,Erkek,Trabzon,Saç,Ocak,KIŞ,KARADENİZ
4755,2012-01-11,Erkek,Kırıkkale,Zayıflama,Ocak,KIŞ,İÇ ANADOLU
4756,2012-01-11,Erkek,Ankara,Güzellik,Ocak,KIŞ,İÇ ANADOLU
4757,2012-01-11,Bayan,İstanbul,Zayıflama,Ocak,KIŞ,MARMARA
4758,2012-01-11,Erkek,İstanbul,Saç,Ocak,KIŞ,MARMARA
4759,2012-01-11,Erkek,Manisa,Zayıflama,Ocak,KIŞ,EGE
4760,2012-01-11,Bayan,İstanbul,Zayıflama,Ocak,KIŞ,MARMARA
4761,2012-01-11,Erkek,Ankara,Zayıflama,Ocak,KIŞ,İÇ ANADOLU
4762,2012-01-11,Bayan,İstanbul,Güzellik,Ocak,KIŞ,MARMARA
4763,2012-01-11,Bayan,Edirne,Cinsel,Ocak,KIŞ,MARMARA
4764,2012-01-11,Bayan,İstanbul,DİĞER,Ocak,KIŞ,MARMARA
4765,2012-01-11,Erkek,İzmir,Zayıflama,Ocak,KIŞ,EGE
4766,2012-01-11,Erkek,İstanbul,Saç,Ocak,KIŞ,MARMARA
4767,2012-01-11,Erkek,Tekirdağ,Cinsel,Ocak,KIŞ,MARMARA
4768,2012-01-12,Bayan,İstanbul,Zayıflama,Ocak,KIŞ,MARMARA
4769,2012-01-12,Erkek,Muş,DİĞER,Ocak,KIŞ,DOĞU ANADOLU
4770,2012-01-12,Erkek,Ankara,Zayıflama,Ocak,KIŞ,İÇ ANADOLU
4771,2012-01-12,Erkek,Mersin,Zayıflama,Ocak,KIŞ,AKDENİZ
4772,2012-01-12,Erkek,Tekirdağ,DİĞER,Ocak,KIŞ,MARMARA
4773,2012-01-12,Erkek,Mardin,DİĞER,Ocak,KIŞ,GÜNEYDOĞU
4774,2012-01-12,Erkek,İzmir,Zayıflama,Ocak,KIŞ,EGE
4775,2012-01-12,Bayan,Ankara,Zayıflama,Ocak,KIŞ,İÇ ANADOLU
4776,2012-01-12,Bayan,Adana,Zayıflama,Ocak,KIŞ,AKDENİZ
4777,2012-01-12,Erkek,İzmir,Sağlık,Ocak,KIŞ,EGE
4778,2012-01-12,Erkek,İstanbul,Cinsel,Ocak,KIŞ,MARMARA
4779,2012-01-12,Erkek,Tekirdağ,Zayıflama,Ocak,KIŞ,MARMARA
4780,2012-01-12,Erkek,İstanbul,Zayıflama,Ocak,KIŞ,MARMARA
4781,2012-01-12,Erkek,İstanbul,Cinsel,Ocak,KIŞ,MARMARA
4782,2012-01-12,Bayan,İstanbul,Zayıflama,Ocak,KIŞ,MARMARA
4783,2012-01-12,Bayan,Ankara,Güzellik,Ocak,KIŞ,İÇ ANADOLU
4784,2012-01-12,Erkek,Kahramanmaraş,Güzellik,Ocak,KIŞ,AKDENİZ
4785,2012-01-12,Erkek,Erzincan,Cinsel,Ocak,KIŞ,DOĞU ANADOLU
4786,2012-01-12,Erkek,İstanbul,DİĞER,Ocak,KIŞ,MARMARA
4787,2012-01-13,Erkek,Manisa,Zayıflama,Ocak,KIŞ,EGE
4788,2012-01-13,Bayan,Ankara,Zayıflama,Ocak,KIŞ,İÇ ANADOLU
4789,2012-01-13,Bayan,Samsun,Zayıflama,Ocak,KIŞ,KARADENİZ
4790,2012-01-13,Bayan,Tekirdağ,Zayıflama,Ocak,KIŞ,MARMARA
4791,2012-01-13,Erkek,Manisa,Zayıflama,Ocak,KIŞ,EGE
4792,2012-01-13,Erkek,İstanbul,DİĞER,Ocak,KIŞ,MARMARA
4793,2012-01-13,Bayan,İstanbul,Zayıflama,Ocak,KIŞ,MARMARA
4794,2012-01-13,Erkek,İzmir,Zayıflama,Ocak,KIŞ,EGE
4795,2012-01-13,Erkek,İstanbul,Zayıflama,Ocak,KIŞ,MARMARA
4796,2012-01-13,Erkek,Denizli,Zayıflama,Ocak,KIŞ,EGE
4797,2012-01-13,Erkek,Iğdır,Cinsel,Ocak,KIŞ,DOĞU ANADOLU
4798,2012-01-13,Bayan,Ankara,Zayıflama,Ocak,KIŞ,İÇ ANADOLU
4799,2012-01-13,Bayan,İstanbul,Zayıflama,Ocak,KIŞ,MARMARA
4800,2012-01-13,Erkek,İstanbul,Cinsel,Ocak,KIŞ,MARMARA
4801,2012-01-13,Bayan,Samsun,Bakım,Ocak,KIŞ,KARADENİZ
4802,2012-01-13,Bayan,Çanakkale,Zayıflama,Ocak,KIŞ,MARMARA
4803,2012-01-13,Bayan,Ankara,Bakım,Ocak,KIŞ,İÇ ANADOLU
4804,2012-01-13,Erkek,İstanbul,Zayıflama,Ocak,KIŞ,MARMARA
4805,2012-01-13,Bayan,Kütahya,Güzellik,Ocak,KIŞ,EGE
4806,2012-01-13,Bayan,Kars,Zayıflama,Ocak,KIŞ,DOĞU ANADOLU
4807,2012-01-13,Erkek,İstanbul,Zayıflama,Ocak,KIŞ,MARMARA
4808,2012-01-13,Bayan,Bursa,Bakım,Ocak,KIŞ,MARMARA
4809,2012-01-13,Erkek,Ankara,Cinsel,Ocak,KIŞ,İÇ ANADOLU
4810,2012-01-14,Erkek,İzmir,Zayıflama,Ocak,KIŞ,EGE
4811,2012-01-14,Erkek,Çanakkale,Zayıflama,Ocak,KIŞ,MARMARA
4812,2012-01-14,Bayan,Iğdır,Zayıflama,Ocak,KIŞ,DOĞU ANADOLU
4813,2012-01-14,Erkek,Balıkesir,Bakım,Ocak,KIŞ,MARMARA
4814,2012-01-14,Erkek,İzmir,Zayıflama,Ocak,KIŞ,EGE
4815,2012-01-14,Erkek,Adana,Bakım,Ocak,KIŞ,AKDENİZ
4816,2012-01-14,Bayan,İstanbul,Zayıflama,Ocak,KIŞ,MARMARA
4817,2012-01-14,Erkek,İstanbul,Zayıflama,Ocak,KIŞ,MARMARA
4818,2012-01-14,Erkek,Ankara,Bakım,Ocak,KIŞ,İÇ ANADOLU
4819,2012-01-14,Erkek,Zonguldak,Bakım,Ocak,KIŞ,KARADENİZ
4820,2012-01-14,Erkek,Kırşehir,Zayıflama,Ocak,KIŞ,İÇ ANADOLU
4821,2012-01-14,Bayan,İstanbul,Zayıflama,Ocak,KIŞ,MARMARA
4822,2012-01-16,Bayan,İstanbul,Zayıflama,Ocak,KIŞ,MARMARA
4823,2012-01-16,Erkek,İstanbul,Sağlık,Ocak,KIŞ,MARMARA
4824,2012-01-16,Erkek,Aydın,DİĞER,Ocak,KIŞ,EGE
4825,2012-01-16,Bayan,Denizli,Zayıflama,Ocak,KIŞ,EGE
4826,2012-01-16,Erkek,İstanbul,Bakım,Ocak,KIŞ,MARMARA
4827,2012-01-16,Erkek,Mersin,Zayıflama,Ocak,KIŞ,AKDENİZ
4828,2012-01-16,Erkek,Siirt,Zayıflama,Ocak,KIŞ,GÜNEYDOĞU
4829,2012-01-16,Bayan,Van,Zayıflama,Ocak,KIŞ,DOĞU ANADOLU
4830,2012-01-16,Erkek,Adana,Sağlık,Ocak,KIŞ,AKDENİZ
4831,2012-01-16,Bayan,Kayseri,Zayıflama,Ocak,KIŞ,İÇ ANADOLU
4832,2012-01-16,Bayan,Elazığ,Zayıflama,Ocak,KIŞ,DOĞU ANADOLU
4833,2012-01-16,Bayan,Konya,Zayıflama,Ocak,KIŞ,İÇ ANADOLU
4834,2012-01-16,Erkek,Bursa,Cinsel,Ocak,KIŞ,MARMARA
4835,2012-01-16,Erkek,Kocaeli,Bakım,Ocak,KIŞ,MARMARA
4836,2012-01-16,Erkek,Düzce,Cinsel,Ocak,KIŞ,KARADENİZ
4837,2012-01-16,Bayan,Sivas,Zayıflama,Ocak,KIŞ,İÇ ANADOLU
4838,2012-01-16,Bayan,Zonguldak,Zayıflama,Ocak,KIŞ,KARADENİZ
4839,2012-01-16,Erkek,İstanbul,Zayıflama,Ocak,KIŞ,MARMARA
4840,2012-01-16,Bayan,İstanbul,Zayıflama,Ocak,KIŞ,MARMARA
4841,2012-01-16,Erkek,Balıkesir,Saç,Ocak,KIŞ,MARMARA
4842,2012-01-16,Erkek,Kayseri,Zayıflama,Ocak,KIŞ,İÇ ANADOLU
4843,2012-01-16,Erkek,Tekirdağ,Zayıflama,Ocak,KIŞ,MARMARA
4844,2012-01-16,Bayan,Ankara,Zayıflama,Ocak,KIŞ,İÇ ANADOLU
4845,2012-01-16,Erkek,Bolu,Bakım,Ocak,KIŞ,KARADENİZ
4846,2012-01-16,Bayan,Niğde,Güzellik,Ocak,KIŞ,İÇ ANADOLU
4847,2012-01-16,Bayan,Bitlis,Zayıflama,Ocak,KIŞ,DOĞU ANADOLU
4848,2012-01-16,Erkek,İstanbul,DİĞER,Ocak,KIŞ,MARMARA
4849,2012-01-16,Erkek,İstanbul,Zayıflama,Ocak,KIŞ,MARMARA
4850,2012-01-16,Erkek,İstanbul,Cinsel,Ocak,KIŞ,MARMARA
4851,2012-01-16,Erkek,Gaziantep,Cinsel,Ocak,KIŞ,GÜNEYDOĞU
4852,2012-01-16,Bayan,Balıkesir,Zayıflama,Ocak,KIŞ,MARMARA
4853,2012-01-16,Erkek,Balıkesir,Zayıflama,Ocak,KIŞ,MARMARA
4854,2012-01-16,Bayan,İstanbul,Sağlık,Ocak,KIŞ,MARMARA
4855,2012-01-16,Erkek,Iğdır,Zayıflama,Ocak,KIŞ,DOĞU ANADOLU
4856,2012-01-16,Erkek,Mersin,Zayıflama,Ocak,KIŞ,AKDENİZ
4857,2012-01-16,Erkek,İstanbul,Bakım,Ocak,KIŞ,MARMARA
4858,2012-01-16,Bayan,Antalya,Zayıflama,Ocak,KIŞ,AKDENİZ
4859,2012-01-16,Erkek,İstanbul,Cinsel,Ocak,KIŞ,MARMARA
4860,2012-01-16,Erkek,İstanbul,DİĞER,Ocak,KIŞ,MARMARA
4861,2012-01-16,Erkek,İstanbul,Zayıflama,Ocak,KIŞ,MARMARA
4862,2012-01-16,Erkek,İstanbul,Zayıflama,Ocak,KIŞ,MARMARA
4863,2012-01-16,Erkek,Manisa,Cinsel,Ocak,KIŞ,EGE
4864,2012-01-16,Bayan,İstanbul,Zayıflama,Ocak,KIŞ,MARMARA
4865,2012-01-16,Erkek,İzmir,Cinsel,Ocak,KIŞ,EGE
4866,2012-01-16,Bayan,Antalya,Güzellik,Ocak,KIŞ,AKDENİZ
4867,2012-01-16,Erkek,İstanbul,Bakım,Ocak,KIŞ,MARMARA
4868,2012-01-17,Bayan,İstanbul,Zayıflama,Ocak,KIŞ,MARMARA
4869,2012-01-17,Erkek,Şanlıurfa,DİĞER,Ocak,KIŞ,GÜNEYDOĞU
4870,2012-01-17,Erkek,Kocaeli,Cinsel,Ocak,KIŞ,MARMARA
4871,2012-01-17,Bayan,Tekirdağ,Zayıflama,Ocak,KIŞ,MARMARA
4872,2012-01-17,Erkek,İzmir,DİĞER,Ocak,KIŞ,EGE
4873,2012-01-17,Erkek,İstanbul,Cinsel,Ocak,KIŞ,MARMARA
4874,2012-01-17,Erkek,Ankara,Cinsel,Ocak,KIŞ,İÇ ANADOLU
4875,2012-01-17,Erkek,Kahramanmaraş,Zayıflama,Ocak,KIŞ,AKDENİZ
4876,2012-01-17,Bayan,Trabzon,Zayıflama,Ocak,KIŞ,KARADENİZ
4877,2012-01-17,Bayan,Diyarbakır,Zayıflama,Ocak,KIŞ,GÜNEYDOĞU
4878,2012-01-17,Erkek,İstanbul,Cinsel,Ocak,KIŞ,MARMARA
4879,2012-01-17,Erkek,Bursa,Cinsel,Ocak,KIŞ,MARMARA
4880,2012-01-17,Erkek,İstanbul,Güzellik,Ocak,KIŞ,MARMARA
4881,2012-01-17,Bayan,Kütahya,Bakım,Ocak,KIŞ,EGE
4882,2012-01-17,Erkek,Balıkesir,Bakım,Ocak,KIŞ,MARMARA
4883,2012-01-17,Erkek,İstanbul,Saç,Ocak,KIŞ,MARMARA
4884,2012-01-17,Erkek,Konya,Cinsel,Ocak,KIŞ,İÇ ANADOLU
4885,2012-01-17,Erkek,İzmir,Sağlık,Ocak,KIŞ,EGE
4886,2012-01-17,Erkek,İstanbul,Zayıflama,Ocak,KIŞ,MARMARA
4887,2012-01-17,Erkek,Kocaeli,Cinsel,Ocak,KIŞ,MARMARA
4888,2012-01-17,Erkek,Bingöl,Sağlık,Ocak,KIŞ,DOĞU ANADOLU
4889,2012-01-17,Erkek,Bolu,Cinsel,Ocak,KIŞ,KARADENİZ
4890,2012-01-17,Erkek,Ankara,Zayıflama,Ocak,KIŞ,İÇ ANADOLU
4891,2012-01-17,Erkek,Bursa,Zayıflama,Ocak,KIŞ,MARMARA
4892,2012-01-17,Bayan,Isparta,Zayıflama,Ocak,KIŞ,AKDENİZ
4893,2012-01-17,Erkek,Siirt,Cinsel,Ocak,KIŞ,GÜNEYDOĞU
4894,2012-01-17,Erkek,İstanbul,Zayıflama,Ocak,KIŞ,MARMARA
4895,2012-01-17,Erkek,İstanbul,Sağlık,Ocak,KIŞ,MARMARA
4896,2012-01-17,Bayan,İstanbul,Sağlık,Ocak,KIŞ,MARMARA
4897,2012-01-17,Bayan,Antalya,Zayıflama,Ocak,KIŞ,AKDENİZ
4898,2012-01-17,Erkek,Samsun,Bakım,Ocak,KIŞ,KARADENİZ
4899,2012-01-17,Bayan,Antalya,Zayıflama,Ocak,KIŞ,AKDENİZ
4900,2012-01-17,Erkek,İstanbul,Zayıflama,Ocak,KIŞ,MARMARA
4901,2012-01-17,Bayan,İstanbul,DİĞER,Ocak,KIŞ,MARMARA
4902,2012-01-17,Bayan,İstanbul,Zayıflama,Ocak,KIŞ,MARMARA
4903,2012-01-18,Bayan,Ankara,Saç,Ocak,KIŞ,İÇ ANADOLU
4904,2012-01-18,Erkek,Rize,Zayıflama,Ocak,KIŞ,KARADENİZ
4905,2012-01-18,Bayan,Tekirdağ,DİĞER,Ocak,KIŞ,MARMARA
4906,2012-01-18,Erkek,Antalya,Ağrılar,Ocak,KIŞ,AKDENİZ
4907,2012-01-18,Erkek,İstanbul,Cinsel,Ocak,KIŞ,MARMARA
4908,2012-01-18,Erkek,İstanbul,DİĞER,Ocak,KIŞ,MARMARA
4909,2012-01-18,Erkek,İstanbul,Ağrılar,Ocak,KIŞ,MARMARA
4910,2012-01-18,Erkek,Mersin,Zayıflama,Ocak,KIŞ,AKDENİZ
4911,2012-01-18,Erkek,İzmir,DİĞER,Ocak,KIŞ,EGE
4912,2012-01-18,Erkek,Çanakkale,Cinsel,Ocak,KIŞ,MARMARA
4913,2012-01-18,Erkek,Mersin,Zayıflama,Ocak,KIŞ,AKDENİZ
4914,2012-01-18,Bayan,İstanbul,Cinsel,Ocak,KIŞ,MARMARA
4915,2012-01-18,Erkek,İstanbul,Zayıflama,Ocak,KIŞ,MARMARA
4916,2012-01-18,Erkek,Ankara,DİĞER,Ocak,KIŞ,İÇ ANADOLU
4917,2012-01-18,Bayan,Hatay,Zayıflama,Ocak,KIŞ,AKDENİZ
4918,2012-01-18,Bayan,İstanbul,Zayıflama,Ocak,KIŞ,MARMARA
4919,2012-01-18,Bayan,Bolu,Zayıflama,Ocak,KIŞ,KARADENİZ
4920,2012-01-18,Bayan,İstanbul,Zayıflama,Ocak,KIŞ,MARMARA
4921,2012-01-18,Erkek,Mersin,Cinsel,Ocak,KIŞ,AKDENİZ
4922,2012-01-18,Erkek,Bursa,DİĞER,Ocak,KIŞ,MARMARA
4923,2012-01-19,Erkek,Eskişehir,Cinsel,Ocak,KIŞ,İÇ ANADOLU
4924,2012-01-19,Erkek,İstanbul,Cinsel,Ocak,KIŞ,MARMARA
4925,2012-01-19,Erkek,Sinop,Cinsel,Ocak,KIŞ,KARADENİZ
4926,2012-01-19,Erkek,Muğla,Bakım,Ocak,KIŞ,EGE
4927,2012-01-19,Bayan,Ankara,Güzellik,Ocak,KIŞ,İÇ ANADOLU
4928,2012-01-19,Erkek,Eskişehir,Saç,Ocak,KIŞ,İÇ ANADOLU
4929,2012-01-19,Erkek,Denizli,Güzellik,Ocak,KIŞ,EGE
4930,2012-01-19,Bayan,Eskişehir,Zayıflama,Ocak,KIŞ,İÇ ANADOLU
4931,2012-01-19,Bayan,Ankara,Zayıflama,Ocak,KIŞ,İÇ ANADOLU
4932,2012-01-19,Bayan,İzmir,Bakım,Ocak,KIŞ,EGE
4933,2012-01-19,Bayan,Muş,Zayıflama,Ocak,KIŞ,DOĞU ANADOLU
4934,2012-01-19,Erkek,Konya,Zayıflama,Ocak,KIŞ,İÇ ANADOLU
4935,2012-01-19,Erkek,Adana,DİĞER,Ocak,KIŞ,AKDENİZ
4936,2012-01-19,Erkek,Adana,Güzellik,Ocak,KIŞ,AKDENİZ
4937,2012-01-19,Erkek,Ankara,Bakım,Ocak,KIŞ,İÇ ANADOLU
4938,2012-01-19,Erkek,Denizli,Cinsel,Ocak,KIŞ,EGE
4939,2012-01-19,Bayan,İzmir,Güzellik,Ocak,KIŞ,EGE
4940,2012-01-19,Erkek,İstanbul,Sağlık,Ocak,KIŞ,MARMARA
4941,2012-01-19,Erkek,Manisa,DİĞER,Ocak,KIŞ,EGE
4942,2012-01-19,Erkek,İstanbul,DİĞER,Ocak,KIŞ,MARMARA
4943,2012-01-19,Erkek,Isparta,DİĞER,Ocak,KIŞ,AKDENİZ
4944,2012-01-20,Erkek,İzmir,DİĞER,Ocak,KIŞ,EGE
4945,2012-01-20,Erkek,Mardin,Saç,Ocak,KIŞ,GÜNEYDOĞU
4946,2012-01-20,Erkek,Antalya,Saç,Ocak,KIŞ,AKDENİZ
4947,2012-01-20,Bayan,Adana,Saç,Ocak,KIŞ,AKDENİZ
4948,2012-01-20,Erkek,İstanbul,DİĞER,Ocak,KIŞ,MARMARA
4949,2012-01-20,Bayan,İzmir,DİĞER,Ocak,KIŞ,EGE
4950,2012-01-20,Bayan,Adana,DİĞER,Ocak,KIŞ,AKDENİZ
4951,2012-01-20,Erkek,Kahramanmaraş,DİĞER,Ocak,KIŞ,AKDENİZ
4952,2012-01-20,Bayan,Konya,Cinsel,Ocak,KIŞ,İÇ ANADOLU
4953,2012-01-20,Bayan,Ağrı,Güzellik,Ocak,KIŞ,DOĞU ANADOLU
4954,2012-01-20,Erkek,İstanbul,Bakım,Ocak,KIŞ,MARMARA
4955,2012-01-20,Erkek,Kastamonu,Ağrılar,Ocak,KIŞ,KARADENİZ
4956,2012-01-20,Erkek,Muğla,Cinsel,Ocak,KIŞ,EGE
4957,2012-01-20,Erkek,İstanbul,Sağlık,Ocak,KIŞ,MARMARA
4958,2012-01-20,Erkek,Erzincan,Saç,Ocak,KIŞ,DOĞU ANADOLU
4959,2012-01-20,Bayan,Muğla,Zayıflama,Ocak,KIŞ,EGE
4960,2012-01-20,Bayan,Van,Bakım,Ocak,KIŞ,DOĞU ANADOLU
4961,2012-01-20,Erkek,Bursa,Zayıflama,Ocak,KIŞ,MARMARA
4962,2012-01-20,Erkek,Amasya,Zayıflama,Ocak,KIŞ,KARADENİZ
4963,2012-01-21,Erkek,Kocaeli,Cinsel,Ocak,KIŞ,MARMARA
4964,2012-01-21,Erkek,Samsun,Zayıflama,Ocak,KIŞ,KARADENİZ
4965,2012-01-21,Erkek,Ankara,DİĞER,Ocak,KIŞ,İÇ ANADOLU
4966,2012-01-21,Erkek,İstanbul,DİĞER,Ocak,KIŞ,MARMARA
4967,2012-01-21,Erkek,İzmir,Zayıflama,Ocak,KIŞ,EGE
4968,2012-01-21,Erkek,İstanbul,Cinsel,Ocak,KIŞ,MARMARA
4969,2012-01-21,Erkek,Bursa,Zayıflama,Ocak,KIŞ,MARMARA
4970,2012-01-21,Erkek,Konya,Zayıflama,Ocak,KIŞ,İÇ ANADOLU
4971,2012-01-21,Erkek,Eskişehir,Zayıflama,Ocak,KIŞ,İÇ ANADOLU
4972,2012-01-21,Bayan,Adana,Zayıflama,Ocak,KIŞ,AKDENİZ
4973,2012-01-21,Erkek,İstanbul,Ağrılar,Ocak,KIŞ,MARMARA
4974,2012-01-21,Erkek,İstanbul,Cinsel,Ocak,KIŞ,MARMARA
4975,2012-01-21,Erkek,İstanbul,Cinsel,Ocak,KIŞ,MARMARA
4976,2012-01-21,Erkek,İstanbul,DİĞER,Ocak,KIŞ,MARMARA
4977,2012-01-21,Bayan,İstanbul,Bakım,Ocak,KIŞ,MARMARA
4978,2012-01-23,Erkek,Mersin,Cinsel,Ocak,KIŞ,AKDENİZ
4979,2012-01-23,Erkek,Konya,DİĞER,Ocak,KIŞ,İÇ ANADOLU
4980,2012-01-23,Erkek,Ankara,Cinsel,Ocak,KIŞ,İÇ ANADOLU
4981,2012-01-23,Erkek,Aydın,Cinsel,Ocak,KIŞ,EGE
4982,2012-01-23,Erkek,Şanlıurfa,Zayıflama,Ocak,KIŞ,GÜNEYDOĞU
4983,2012-01-23,Erkek,Antalya,Cinsel,Ocak,KIŞ,AKDENİZ
4984,2012-01-23,Erkek,Hatay,DİĞER,Ocak,KIŞ,AKDENİZ
4985,2012-01-23,Erkek,Konya,Cinsel,Ocak,KIŞ,İÇ ANADOLU
4986,2012-01-23,Erkek,Karaman,DİĞER,Ocak,KIŞ,İÇ ANADOLU
4987,2012-01-23,Bayan,Diyarbakır,Sağlık,Ocak,KIŞ,GÜNEYDOĞU
4988,2012-01-23,Bayan,Ankara,Zayıflama,Ocak,KIŞ,İÇ ANADOLU
4989,2012-01-23,Erkek,İzmir,Zayıflama,Ocak,KIŞ,EGE
4990,2012-01-23,Erkek,Antalya,Saç,Ocak,KIŞ,AKDENİZ
4991,2012-01-23,Erkek,İstanbul,Zayıflama,Ocak,KIŞ,MARMARA
4992,2012-01-23,Erkek,İstanbul,Cinsel,Ocak,KIŞ,MARMARA
4993,2012-01-23,Bayan,İstanbul,Zayıflama,Ocak,KIŞ,MARMARA
4994,2012-01-23,Erkek,İstanbul,DİĞER,Ocak,KIŞ,MARMARA
4995,2012-01-23,Erkek,İstanbul,Zayıflama,Ocak,KIŞ,MARMARA
4996,2012-01-23,Erkek,Ankara,Cinsel,Ocak,KIŞ,İÇ ANADOLU
4997,2012-01-23,Erkek,Konya,Cinsel,Ocak,KIŞ,İÇ ANADOLU
4998,2012-01-23,Bayan,İstanbul,Ağrılar,Ocak,KIŞ,MARMARA
4999,2012-01-23,Erkek,İstanbul,Cinsel,Ocak,KIŞ,MARMARA
5000,2012-01-23,Erkek,İzmir,Zayıflama,Ocak,KIŞ,EGE
5001,2012-01-23,Erkek,İstanbul,Sağlık,Ocak,KIŞ,MARMARA
5002,2012-01-23,Erkek,İstanbul,Zayıflama,Ocak,KIŞ,MARMARA
5003,2012-01-23,Erkek,Ankara,Zayıflama,Ocak,KIŞ,İÇ ANADOLU
5004,2012-01-23,Erkek,İstanbul,Cinsel,Ocak,KIŞ,MARMARA
5005,2012-01-23,Erkek,İstanbul,Cinsel,Ocak,KIŞ,MARMARA
5006,2012-01-23,Bayan,İzmir,Zayıflama,Ocak,KIŞ,EGE
5007,2012-01-23,Erkek,İzmir,Zayıflama,Ocak,KIŞ,EGE
5008,2012-01-23,Bayan,Ankara,DİĞER,Ocak,KIŞ,İÇ ANADOLU
5009,2012-01-24,Erkek,Adıyaman,Cinsel,Ocak,KIŞ,GÜNEYDOĞU
5010,2012-01-24,Erkek,Kars,Saç,Ocak,KIŞ,DOĞU ANADOLU
5011,2012-01-24,Bayan,Denizli,Bakım,Ocak,KIŞ,EGE
5012,2012-01-24,Bayan,İstanbul,Zayıflama,Ocak,KIŞ,MARMARA
5013,2012-01-24,Bayan,İstanbul,Zayıflama,Ocak,KIŞ,MARMARA
5014,2012-01-24,Erkek,Hatay,Saç,Ocak,KIŞ,AKDENİZ
5015,2012-01-24,Erkek,Ankara,Saç,Ocak,KIŞ,İÇ ANADOLU
5016,2012-01-24,Erkek,Manisa,Zayıflama,Ocak,KIŞ,EGE
5017,2012-01-24,Bayan,Muğla,Güzellik,Ocak,KIŞ,EGE
5018,2012-01-24,Bayan,Ordu,Zayıflama,Ocak,KIŞ,KARADENİZ
5019,2012-01-24,Bayan,İzmir,Bakım,Ocak,KIŞ,EGE
5020,2012-01-24,Erkek,İstanbul,Zayıflama,Ocak,KIŞ,MARMARA
5021,2012-01-24,Erkek,Elazığ,Cinsel,Ocak,KIŞ,DOĞU ANADOLU
5022,2012-01-24,Erkek,Zonguldak,DİĞER,Ocak,KIŞ,KARADENİZ
5023,2012-01-24,Bayan,Kırıkkale,Zayıflama,Ocak,KIŞ,İÇ ANADOLU
5024,2012-01-24,Bayan,İstanbul,Zayıflama,Ocak,KIŞ,MARMARA
5025,2012-01-24,Bayan,İzmir,Zayıflama,Ocak,KIŞ,EGE
5026,2012-01-24,Bayan,İstanbul,Zayıflama,Ocak,KIŞ,MARMARA
5027,2012-01-24,Bayan,Artvin,Bakım,Ocak,KIŞ,KARADENİZ
5028,2012-01-24,Erkek,İstanbul,Zayıflama,Ocak,KIŞ,MARMARA
5029,2012-01-25,Erkek,Ankara,Cinsel,Ocak,KIŞ,İÇ ANADOLU
5030,2012-01-25,Bayan,İstanbul,Bakım,Ocak,KIŞ,MARMARA
5031,2012-01-25,Bayan,İzmir,Zayıflama,Ocak,KIŞ,EGE
5032,2012-01-25,Erkek,İstanbul,Cinsel,Ocak,KIŞ,MARMARA
5033,2012-01-25,Erkek,İzmir,Zayıflama,Ocak,KIŞ,EGE
5034,2012-01-25,Erkek,Mardin,Cinsel,Ocak,KIŞ,GÜNEYDOĞU
5035,2012-01-25,Erkek,Uşak,Cinsel,Ocak,KIŞ,EGE
5036,2012-01-25,Erkek,Van,DİĞER,Ocak,KIŞ,DOĞU ANADOLU
5037,2012-01-25,Erkek,İstanbul,Cinsel,Ocak,KIŞ,MARMARA
5038,2012-01-25,Erkek,Erzincan,Cinsel,Ocak,KIŞ,DOĞU ANADOLU
5039,2012-01-25,Erkek,Hatay,Cinsel,Ocak,KIŞ,AKDENİZ
5040,2012-01-25,Bayan,Hatay,Zayıflama,Ocak,KIŞ,AKDENİZ
5041,2012-01-25,Bayan,İçel,Bakım,Ocak,KIŞ,AKDENİZ
5042,2012-01-25,Bayan,İzmir,Zayıflama,Ocak,KIŞ,EGE
5043,2012-01-25,Erkek,Zonguldak,Sağlık,Ocak,KIŞ,KARADENİZ
5044,2012-01-25,Bayan,Afyon,Zayıflama,Ocak,KIŞ,EGE
5045,2012-01-25,Erkek,Mersin,Güzellik,Ocak,KIŞ,AKDENİZ
5046,2012-01-25,Bayan,İstanbul,Zayıflama,Ocak,KIŞ,MARMARA
5047,2012-01-25,Bayan,İstanbul,Zayıflama,Ocak,KIŞ,MARMARA
5048,2012-01-25,Bayan,Adana,Bakım,Ocak,KIŞ,AKDENİZ
5049,2012-01-25,Erkek,Malatya,Ağrılar,Ocak,KIŞ,DOĞU ANADOLU
5050,2012-01-25,Erkek,İstanbul,DİĞER,Ocak,KIŞ,MARMARA
5051,2012-01-26,Erkek,Kocaeli,Cinsel,Ocak,KIŞ,MARMARA
5052,2012-01-26,Bayan,İzmir,Zayıflama,Ocak,KIŞ,EGE
5053,2012-01-26,Erkek,Düzce,Bakım,Ocak,KIŞ,KARADENİZ
5054,2012-01-26,Erkek,Mersin,Sağlık,Ocak,KIŞ,AKDENİZ
5055,2012-01-26,Erkek,Van,Cinsel,Ocak,KIŞ,DOĞU ANADOLU
5056,2012-01-26,Erkek,İstanbul,Cinsel,Ocak,KIŞ,MARMARA
5057,2012-01-26,Erkek,Van,Saç,Ocak,KIŞ,DOĞU ANADOLU
5058,2012-01-26,Erkek,Ankara,Zayıflama,Ocak,KIŞ,İÇ ANADOLU
5059,2012-01-26,Bayan,İstanbul,DİĞER,Ocak,KIŞ,MARMARA
5060,2012-01-26,Erkek,Amasya,Cinsel,Ocak,KIŞ,KARADENİZ
5061,2012-01-26,Bayan,Muş,DİĞER,Ocak,KIŞ,DOĞU ANADOLU
5062,2012-01-26,Bayan,İzmir,Güzellik,Ocak,KIŞ,EGE
5063,2012-01-26,Erkek,Hatay,Cinsel,Ocak,KIŞ,AKDENİZ
5064,2012-01-26,Bayan,İstanbul,Zayıflama,Ocak,KIŞ,MARMARA
5065,2012-01-26,Erkek,İzmir,Zayıflama,Ocak,KIŞ,EGE
5066,2013-05-16,Bayan,Aydın,Bakım,Mayıs,İLKBAHAR,EGE
5067,2013-05-16,Bayan,Kayseri,Bakım,Mayıs,İLKBAHAR,İÇ ANADOLU
5068,2013-05-16,Bayan,İstanbul,Bakım,Mayıs,İLKBAHAR,MARMARA
5069,2013-05-16,Bayan,İstanbul,Bakım,Mayıs,İLKBAHAR,MARMARA
5070,2013-05-16,Erkek,Konya,Cinsel,Mayıs,İLKBAHAR,İÇ ANADOLU
5071,2013-05-16,Erkek,Van,Cinsel,Mayıs,İLKBAHAR,DOĞU ANADOLU
5072,2013-05-16,Erkek,Bursa,Cinsel,Mayıs,İLKBAHAR,MARMARA
5073,2013-05-16,Erkek,İstanbul,Cinsel,Mayıs,İLKBAHAR,MARMARA
5074,2013-05-16,Erkek,İstanbul,Cinsel,Mayıs,İLKBAHAR,MARMARA
5075,2013-05-16,Erkek,Diyarbakır,Cinsel,Mayıs,İLKBAHAR,GÜNEYDOĞU
5076,2013-05-16,Erkek,İstanbul,Cinsel,Mayıs,İLKBAHAR,MARMARA
5077,2013-05-17,Erkek,Aydın,Bakım,Mayıs,İLKBAHAR,EGE
5078,2013-05-17,Erkek,Ankara,Bakım,Mayıs,İLKBAHAR,İÇ ANADOLU
5079,2013-05-17,Erkek,İstanbul,Bakım,Mayıs,İLKBAHAR,MARMARA
5080,2013-05-17,Erkek,Konya,DİĞER,Mayıs,İLKBAHAR,İÇ ANADOLU
5081,2013-05-17,Erkek,İstanbul,Bakım,Mayıs,İLKBAHAR,MARMARA
5082,2013-05-17,Erkek,Ankara,Cinsel,Mayıs,İLKBAHAR,İÇ ANADOLU
5083,2013-05-17,Erkek,İstanbul,Cinsel,Mayıs,İLKBAHAR,MARMARA
5084,2013-05-17,Erkek,Denizli,Cinsel,Mayıs,İLKBAHAR,EGE
5085,2013-05-17,Erkek,Bursa,Bakım,Mayıs,İLKBAHAR,MARMARA
5086,2013-05-17,Erkek,Balıkesir,Cinsel,Mayıs,İLKBAHAR,MARMARA
5087,2013-05-17,Erkek,İstanbul,Cinsel,Mayıs,İLKBAHAR,MARMARA
5088,2013-05-17,Erkek,Kahramanmaraş,Cinsel,Mayıs,İLKBAHAR,AKDENİZ
5089,2013-05-17,Bayan,Antalya,Zayıflama,Mayıs,İLKBAHAR,AKDENİZ
5090,2013-05-17,Erkek,Aydın,Bakım,Mayıs,İLKBAHAR,EGE
5091,2013-05-17,Erkek,İstanbul,Bakım,Mayıs,İLKBAHAR,MARMARA
5092,2013-05-18,Erkek,İstanbul,Bakım,Mayıs,İLKBAHAR,MARMARA
5093,2013-05-18,Erkek,Şanlıurfa,Cinsel,Mayıs,İLKBAHAR,GÜNEYDOĞU
5094,2013-05-18,Erkek,Aydın,Bakım,Mayıs,İLKBAHAR,EGE
5095,2013-05-20,Erkek,İstanbul,Cinsel,Mayıs,İLKBAHAR,MARMARA
5096,2013-05-20,Erkek,Adana,Cinsel,Mayıs,İLKBAHAR,AKDENİZ
5097,2013-05-20,Bayan,Aydın,Zayıflama,Mayıs,İLKBAHAR,EGE
5098,2013-05-20,Erkek,İstanbul,Cinsel,Mayıs,İLKBAHAR,MARMARA
5099,2013-05-20,Erkek,İstanbul,Bakım,Mayıs,İLKBAHAR,MARMARA
5100,2013-05-20,Bayan,Uşak,DİĞER,Mayıs,İLKBAHAR,EGE
5101,2013-05-20,Bayan,İzmir,Bakım,Mayıs,İLKBAHAR,EGE
5102,2013-05-20,Erkek,Tokat,Bakım,Mayıs,İLKBAHAR,KARADENİZ
5103,2013-05-20,Erkek,Bursa,Bakım,Mayıs,İLKBAHAR,MARMARA
5104,2013-05-20,Erkek,Ankara,Cinsel,Mayıs,İLKBAHAR,İÇ ANADOLU
5105,2013-05-21,Erkek,Ankara,Bakım,Mayıs,İLKBAHAR,İÇ ANADOLU
5106,2013-05-21,Erkek,İstanbul,Bakım,Mayıs,İLKBAHAR,MARMARA
5107,2013-05-21,Erkek,İstanbul,Bakım,Mayıs,İLKBAHAR,MARMARA
5108,2013-05-21,Erkek,İstanbul,Bakım,Mayıs,İLKBAHAR,MARMARA
5109,2013-05-22,Erkek,İstanbul,Bakım,Mayıs,İLKBAHAR,MARMARA
5110,2013-05-22,Erkek,İzmir,Bakım,Mayıs,İLKBAHAR,EGE
5111,2013-05-22,Erkek,İstanbul,Bakım,Mayıs,İLKBAHAR,MARMARA
5112,2013-05-22,Bayan,Denizli,Zayıflama,Mayıs,İLKBAHAR,EGE
5113,2013-05-22,Erkek,Erzincan,Bakım,Mayıs,İLKBAHAR,DOĞU ANADOLU
5114,2013-05-23,Bayan,Bursa,Cinsel,Mayıs,İLKBAHAR,MARMARA
5115,2013-05-23,Erkek,İstanbul,Bakım,Mayıs,İLKBAHAR,MARMARA
5116,2013-05-23,Erkek,Antalya,Bakım,Mayıs,İLKBAHAR,AKDENİZ
5117,2013-05-23,Bayan,Çanakkale,Bakım,Mayıs,İLKBAHAR,MARMARA
5118,2013-05-23,Erkek,Kayseri,Cinsel,Mayıs,İLKBAHAR,İÇ ANADOLU
5119,2013-05-23,Erkek,Van,Cinsel,Mayıs,İLKBAHAR,DOĞU ANADOLU
5120,2013-05-23,Erkek,Hatay,Bakım,Mayıs,İLKBAHAR,AKDENİZ
5121,2013-05-23,Erkek,Diyarbakır,Cinsel,Mayıs,İLKBAHAR,GÜNEYDOĞU
5122,2013-05-23,Erkek,İstanbul,Bakım,Mayıs,İLKBAHAR,MARMARA
5123,2013-05-23,Erkek,İstanbul,Cinsel,Mayıs,İLKBAHAR,MARMARA
5124,2013-05-23,Erkek,İstanbul,Bakım,Mayıs,İLKBAHAR,MARMARA
5125,2013-05-23,Erkek,Antalya,Cinsel,Mayıs,İLKBAHAR,AKDENİZ
5126,2013-05-23,Erkek,İstanbul,Cinsel,Mayıs,İLKBAHAR,MARMARA
5127,2013-05-23,Erkek,Antalya,Bakım,Mayıs,İLKBAHAR,AKDENİZ
5128,2013-05-24,Erkek,Balıkesir,Bakım,Mayıs,İLKBAHAR,MARMARA
5129,2013-05-24,Erkek,Gaziantep,Cinsel,Mayıs,İLKBAHAR,GÜNEYDOĞU
5130,2013-05-24,Erkek,Ankara,Cinsel,Mayıs,İLKBAHAR,İÇ ANADOLU
5131,2013-05-24,Bayan,Muğla,Zayıflama,Mayıs,İLKBAHAR,EGE
5132,2013-05-24,Erkek,Adana,Bakım,Mayıs,İLKBAHAR,AKDENİZ
5133,2013-05-24,Bayan,İzmir,Zayıflama,Mayıs,İLKBAHAR,EGE
5134,2013-05-24,Erkek,Gaziantep,Zayıflama,Mayıs,İLKBAHAR,GÜNEYDOĞU
5135,2013-05-24,Erkek,İstanbul,Bakım,Mayıs,İLKBAHAR,MARMARA
5136,2013-05-24,Erkek,Denizli,Cinsel,Mayıs,İLKBAHAR,EGE
5137,2013-05-24,Erkek,İstanbul,Cinsel,Mayıs,İLKBAHAR,MARMARA
5138,2013-05-24,Erkek,Rize,Cinsel,Mayıs,İLKBAHAR,KARADENİZ
5139,2013-05-24,Bayan,İzmir,Bakım,Mayıs,İLKBAHAR,EGE
5140,2013-05-24,Erkek,Ankara,Cinsel,Mayıs,İLKBAHAR,İÇ ANADOLU
5141,2013-05-24,Erkek,Ankara,Cinsel,Mayıs,İLKBAHAR,İÇ ANADOLU
5142,2013-05-25,Erkek,Bursa,Bakım,Mayıs,İLKBAHAR,MARMARA
5143,2013-05-25,Erkek,İstanbul,Bakım,Mayıs,İLKBAHAR,MARMARA
5144,2013-05-25,Bayan,Bingöl,Bakım,Mayıs,İLKBAHAR,DOĞU ANADOLU
5145,2013-05-25,Erkek,İstanbul,Cinsel,Mayıs,İLKBAHAR,MARMARA
5146,2013-05-27,Erkek,Denizli,Bakım,Mayıs,İLKBAHAR,EGE
5147,2013-05-27,Bayan,Adana,Bakım,Mayıs,İLKBAHAR,AKDENİZ
5148,2013-05-27,Bayan,İstanbul,Bakım,Mayıs,İLKBAHAR,MARMARA
5149,2013-05-27,Erkek,Hakkari,Zayıflama,Mayıs,İLKBAHAR,DOĞU ANADOLU
5150,2013-05-27,Bayan,İstanbul,Zayıflama,Mayıs,İLKBAHAR,MARMARA
5151,2013-05-27,Erkek,Zonguldak,Zayıflama,Mayıs,İLKBAHAR,KARADENİZ
5152,2013-05-27,Erkek,Antalya,Zayıflama,Mayıs,İLKBAHAR,AKDENİZ
5153,2013-05-27,Bayan,Kırşehir,Bakım,Mayıs,İLKBAHAR,İÇ ANADOLU
5154,2013-05-27,Erkek,Bursa,Bakım,Mayıs,İLKBAHAR,MARMARA
5155,2013-05-27,Erkek,Sinop,Cinsel,Mayıs,İLKBAHAR,KARADENİZ
5156,2013-05-27,Bayan,Ankara,Cinsel,Mayıs,İLKBAHAR,İÇ ANADOLU
5157,2013-05-27,Bayan,Ankara,Bakım,Mayıs,İLKBAHAR,İÇ ANADOLU
5158,2013-05-27,Erkek,İstanbul,Cinsel,Mayıs,İLKBAHAR,MARMARA
5159,2013-05-28,Erkek,Zonguldak,Cinsel,Mayıs,İLKBAHAR,KARADENİZ
5160,2013-05-28,Erkek,Denizli,Cinsel,Mayıs,İLKBAHAR,EGE
5161,2013-05-28,Erkek,Ankara,Bakım,Mayıs,İLKBAHAR,İÇ ANADOLU
5162,2013-05-28,Erkek,Karaman,Bakım,Mayıs,İLKBAHAR,İÇ ANADOLU
5163,2013-05-28,Bayan,Isparta,Zayıflama,Mayıs,İLKBAHAR,AKDENİZ
5164,2013-05-28,Erkek,Düzce,Cinsel,Mayıs,İLKBAHAR,KARADENİZ
5165,2013-05-28,Erkek,Bursa,Cinsel,Mayıs,İLKBAHAR,MARMARA
5166,2013-05-28,Erkek,İstanbul,Bakım,Mayıs,İLKBAHAR,MARMARA
5167,2013-05-28,Erkek,İzmir,Cinsel,Mayıs,İLKBAHAR,EGE
5168,2013-05-28,Erkek,Adana,Cinsel,Mayıs,İLKBAHAR,AKDENİZ
5169,2013-05-28,Erkek,Muğla,Cinsel,Mayıs,İLKBAHAR,EGE
5170,2013-05-28,Erkek,Trabzon,Cinsel,Mayıs,İLKBAHAR,KARADENİZ
5171,2013-05-28,Erkek,Yalova,Cinsel,Mayıs,İLKBAHAR,MARMARA
5172,2013-05-29,Erkek,İstanbul,Cinsel,Mayıs,İLKBAHAR,MARMARA
5173,2013-05-29,Bayan,Ankara,Bakım,Mayıs,İLKBAHAR,İÇ ANADOLU
5174,2013-05-29,Erkek,Kocaeli,Bakım,Mayıs,İLKBAHAR,MARMARA
5175,2013-05-29,Erkek,Adana,Zayıflama,Mayıs,İLKBAHAR,AKDENİZ
5176,2013-05-29,Erkek,Konya,Cinsel,Mayıs,İLKBAHAR,İÇ ANADOLU
5177,2013-05-29,Erkek,İstanbul,Cinsel,Mayıs,İLKBAHAR,MARMARA
5178,2013-05-29,Bayan,Bursa,Zayıflama,Mayıs,İLKBAHAR,MARMARA
5179,2013-05-29,Bayan,İzmir,Zayıflama,Mayıs,İLKBAHAR,EGE
5180,2013-05-29,Bayan,İzmir,Zayıflama,Mayıs,İLKBAHAR,EGE
5181,2013-05-29,Bayan,İstanbul,Bakım,Mayıs,İLKBAHAR,MARMARA
5182,2013-05-29,Erkek,Hatay,Cinsel,Mayıs,İLKBAHAR,AKDENİZ
5183,2013-05-29,Erkek,Antalya,Cinsel,Mayıs,İLKBAHAR,AKDENİZ
5184,2013-05-30,Erkek,Van,Cinsel,Mayıs,İLKBAHAR,DOĞU ANADOLU
5185,2013-05-30,Bayan,İstanbul,Cinsel,Mayıs,İLKBAHAR,MARMARA
5186,2013-05-30,Erkek,Zonguldak,Cinsel,Mayıs,İLKBAHAR,KARADENİZ
5187,2013-05-31,Bayan,İstanbul,Bakım,Mayıs,İLKBAHAR,MARMARA
5188,2013-05-31,Erkek,Tokat,Cinsel,Mayıs,İLKBAHAR,KARADENİZ
5189,2013-05-31,Erkek,Kocaeli,Bakım,Mayıs,İLKBAHAR,MARMARA
5190,2013-05-31,Erkek,Muş,Bakım,Mayıs,İLKBAHAR,DOĞU ANADOLU
5191,2013-05-31,Erkek,İstanbul,Cinsel,Mayıs,İLKBAHAR,MARMARA
5192,2013-05-31,Erkek,Zonguldak,Bakım,Mayıs,İLKBAHAR,KARADENİZ
5193,2013-05-31,Erkek,Van,Cinsel,Mayıs,İLKBAHAR,DOĞU ANADOLU
5194,2013-05-31,Erkek,Tekirdağ,Bakım,Mayıs,İLKBAHAR,MARMARA
5195,2013-05-31,Bayan,Antalya,Zayıflama,Mayıs,İLKBAHAR,AKDENİZ
5196,2013-05-31,Bayan,Karaman,Bakım,Mayıs,İLKBAHAR,İÇ ANADOLU
5197,2013-05-31,Erkek,Çanakkale,Cinsel,Mayıs,İLKBAHAR,MARMARA
5198,2013-05-31,Erkek,Bolu,Bakım,Mayıs,İLKBAHAR,KARADENİZ
5199,2013-05-31,Bayan,İstanbul,Bakım,Mayıs,İLKBAHAR,MARMARA
5200,2013-05-31,Bayan,İstanbul,Cinsel,Mayıs,İLKBAHAR,MARMARA
5201,2013-06-01,Erkek,İstanbul,Güzellik,Haziran,YAZ,MARMARA
5202,2013-06-01,Erkek,İzmir,Güzellik,Haziran,YAZ,EGE
5203,2013-06-01,Erkek,İstanbul,Güzellik,Haziran,YAZ,MARMARA
5204,2013-06-01,Erkek,Antalya,Güzellik,Haziran,YAZ,AKDENİZ
5205,2013-06-01,Erkek,Muş,Güzellik,Haziran,YAZ,DOĞU ANADOLU
5206,2013-06-01,Erkek,Tunceli,Güzellik,Haziran,YAZ,DOĞU ANADOLU
5207,2013-06-01,Bayan,İstanbul,Güzellik,Haziran,YAZ,MARMARA
5208,2013-06-01,Erkek,Aydın,Güzellik,Haziran,YAZ,EGE
5209,2013-06-01,Erkek,Erzurum,Güzellik,Haziran,YAZ,DOĞU ANADOLU
5210,2013-06-01,Bayan,Ardahan,Bakım,Haziran,YAZ,DOĞU ANADOLU
5211,2013-06-01,Bayan,Konya,Bakım,Haziran,YAZ,İÇ ANADOLU
5212,2013-06-01,Bayan,Uşak,Güzellik,Haziran,YAZ,EGE
5213,2013-06-03,Bayan,Eskişehir,Bakım,Haziran,YAZ,İÇ ANADOLU
5214,2013-06-03,Erkek,Van,Güzellik,Haziran,YAZ,DOĞU ANADOLU
5215,2013-06-03,Erkek,Eskişehir,Cinsel,Haziran,YAZ,İÇ ANADOLU
5216,2013-06-03,Erkek,Kahramanmaraş,Cinsel,Haziran,YAZ,AKDENİZ
5217,2013-06-03,Erkek,Elazığ,Bakım,Haziran,YAZ,DOĞU ANADOLU
5218,2013-06-03,Erkek,Hatay,Güzellik,Haziran,YAZ,AKDENİZ
5219,2013-06-03,Erkek,Gaziantep,Güzellik,Haziran,YAZ,GÜNEYDOĞU
5220,2013-06-03,Erkek,İstanbul,Bakım,Haziran,YAZ,MARMARA
5221,2013-06-03,Erkek,İstanbul,Bakım,Haziran,YAZ,MARMARA
5222,2013-06-03,Bayan,İstanbul,Bakım,Haziran,YAZ,MARMARA
5223,2013-06-03,Erkek,İstanbul,Cinsel,Haziran,YAZ,MARMARA
5224,2013-06-03,Erkek,İstanbul,Güzellik,Haziran,YAZ,MARMARA
5225,2013-06-03,Erkek,Konya,Güzellik,Haziran,YAZ,İÇ ANADOLU
5226,2013-06-03,Bayan,İstanbul,Cinsel,Haziran,YAZ,MARMARA
5227,2013-06-03,Erkek,İstanbul,Güzellik,Haziran,YAZ,MARMARA
5228,2013-06-04,Erkek,Hatay,Bakım,Haziran,YAZ,AKDENİZ
5229,2013-06-04,Bayan,İstanbul,Bakım,Haziran,YAZ,MARMARA
5230,2013-06-04,Erkek,Samsun,Bakım,Haziran,YAZ,KARADENİZ
5231,2013-06-04,Erkek,İzmir,Bakım,Haziran,YAZ,EGE
5232,2013-06-04,Erkek,Konya,Cinsel,Haziran,YAZ,İÇ ANADOLU
5233,2013-06-05,Erkek,Bolu,Güzellik,Haziran,YAZ,KARADENİZ
5234,2013-06-05,Erkek,Ankara,Güzellik,Haziran,YAZ,İÇ ANADOLU
5235,2013-06-05,Bayan,İstanbul,Güzellik,Haziran,YAZ,MARMARA
5236,2013-06-05,Erkek,İstanbul,Güzellik,Haziran,YAZ,MARMARA
5237,2013-06-05,Erkek,İstanbul,Güzellik,Haziran,YAZ,MARMARA
5238,2013-06-05,Bayan,İstanbul,Bakım,Haziran,YAZ,MARMARA
5239,2013-06-05,Bayan,Muş,Güzellik,Haziran,YAZ,DOĞU ANADOLU
5240,2013-06-05,Erkek,İstanbul,Güzellik,Haziran,YAZ,MARMARA
5241,2013-06-05,Erkek,Malatya,Cinsel,Haziran,YAZ,DOĞU ANADOLU
5242,2013-06-05,Erkek,İstanbul,Cinsel,Haziran,YAZ,MARMARA
5243,2013-06-05,Erkek,Erzurum,Güzellik,Haziran,YAZ,DOĞU ANADOLU
5244,2013-06-05,Bayan,Muğla,Güzellik,Haziran,YAZ,EGE
5245,2013-06-05,Erkek,Amasya,Güzellik,Haziran,YAZ,KARADENİZ
5246,2013-06-06,Erkek,Kars,Cinsel,Haziran,YAZ,DOĞU ANADOLU
5247,2013-06-06,Erkek,Bursa,Cinsel,Haziran,YAZ,MARMARA
5248,2013-06-06,Erkek,İstanbul,Güzellik,Haziran,YAZ,MARMARA
5249,2013-06-06,Erkek,İstanbul,Cinsel,Haziran,YAZ,MARMARA
5250,2013-06-06,Erkek,Antalya,Güzellik,Haziran,YAZ,AKDENİZ
5251,2013-06-06,Erkek,Konya,Cinsel,Haziran,YAZ,İÇ ANADOLU
5252,2013-06-06,Erkek,Antalya,Cinsel,Haziran,YAZ,AKDENİZ
5253,2013-06-06,Erkek,Adana,Bakım,Haziran,YAZ,AKDENİZ
5254,2013-06-06,Erkek,İstanbul,Cinsel,Haziran,YAZ,MARMARA
5255,2013-06-06,Erkek,Eskişehir,Cinsel,Haziran,YAZ,İÇ ANADOLU
5256,2013-06-06,Erkek,Bursa,Cinsel,Haziran,YAZ,MARMARA
5257,2013-06-07,Erkek,Antalya,DİĞER,Haziran,YAZ,AKDENİZ
5258,2013-06-07,Erkek,Aydın,Bakım,Haziran,YAZ,EGE
5259,2013-06-07,Erkek,Diyarbakır,Güzellik,Haziran,YAZ,GÜNEYDOĞU
5260,2013-06-07,Erkek,İstanbul,Güzellik,Haziran,YAZ,MARMARA
5261,2013-06-07,Erkek,Ankara,Ağrılar,Haziran,YAZ,İÇ ANADOLU
5262,2013-06-07,Bayan,İstanbul,Güzellik,Haziran,YAZ,MARMARA
5263,2013-06-07,Erkek,Ankara,Güzellik,Haziran,YAZ,İÇ ANADOLU
5264,2013-06-07,Bayan,İstanbul,Bakım,Haziran,YAZ,MARMARA
5265,2013-06-07,Erkek,Adıyaman,Güzellik,Haziran,YAZ,GÜNEYDOĞU
5266,2013-06-08,Erkek,İstanbul,Bakım,Haziran,YAZ,MARMARA
5267,2013-06-10,Erkek,Uşak,DİĞER,Haziran,YAZ,EGE
5268,2013-06-10,Erkek,İstanbul,DİĞER,Haziran,YAZ,MARMARA
5269,2013-06-10,Erkek,İzmir,Bakım,Haziran,YAZ,EGE
5270,2013-06-10,Erkek,Çanakkale,Cinsel,Haziran,YAZ,MARMARA
5271,2013-06-10,Erkek,İzmir,Bakım,Haziran,YAZ,EGE
5272,2013-06-10,Erkek,Konya,Bakım,Haziran,YAZ,İÇ ANADOLU
5273,2013-06-10,Erkek,Antalya,Cinsel,Haziran,YAZ,AKDENİZ
5274,2013-06-10,Erkek,Tekirdağ,Cinsel,Haziran,YAZ,MARMARA
5275,2013-06-10,Erkek,Kütahya,Cinsel,Haziran,YAZ,EGE
5276,2013-06-10,Erkek,Şanlıurfa,Cinsel,Haziran,YAZ,GÜNEYDOĞU
5277,2013-06-10,Erkek,İstanbul,Cinsel,Haziran,YAZ,MARMARA
5278,2013-06-10,Erkek,İstanbul,Cinsel,Haziran,YAZ,MARMARA
5279,2013-06-10,Erkek,İstanbul,Güzellik,Haziran,YAZ,MARMARA
5280,2013-09-11,Erkek,Isparta,Cinsel,Eylül,SONBAHAR,AKDENİZ
5281,2013-06-11,Bayan,İstanbul,Güzellik,Haziran,YAZ,MARMARA
5282,2013-06-11,Erkek,Ankara,Bakım,Haziran,YAZ,İÇ ANADOLU
5283,2013-06-11,Erkek,Uşak,Bakım,Haziran,YAZ,EGE
5284,2013-06-11,Bayan,Konya,Bakım,Haziran,YAZ,İÇ ANADOLU
5285,2013-06-11,Bayan,Trabzon,Bakım,Haziran,YAZ,KARADENİZ
5286,2013-06-11,Erkek,Tekirdağ,Cinsel,Haziran,YAZ,MARMARA
5287,2013-06-11,Erkek,Kocaeli,Cinsel,Haziran,YAZ,MARMARA
5288,2013-06-11,Erkek,Ankara,Bakım,Haziran,YAZ,İÇ ANADOLU
5289,2013-06-11,Erkek,Kırıkkale,Bakım,Haziran,YAZ,İÇ ANADOLU
5290,2013-06-11,Erkek,İstanbul,Bakım,Haziran,YAZ,MARMARA
5291,2013-06-11,Erkek,Van,Cinsel,Haziran,YAZ,DOĞU ANADOLU
5292,2013-06-11,Erkek,Sivas,Cinsel,Haziran,YAZ,İÇ ANADOLU
5293,2013-06-12,Erkek,İstanbul,Bakım,Haziran,YAZ,MARMARA
5294,2013-06-12,Erkek,Gaziantep,Cinsel,Haziran,YAZ,GÜNEYDOĞU
5295,2013-06-12,Erkek,İstanbul,Cinsel,Haziran,YAZ,MARMARA
5296,2013-06-12,Erkek,İstanbul,Cinsel,Haziran,YAZ,MARMARA
5297,2013-06-12,Erkek,Bursa,Cinsel,Haziran,YAZ,MARMARA
5298,2013-06-12,Bayan,İstanbul,Bakım,Haziran,YAZ,MARMARA
5299,2012-08-28,Erkek,İstanbul,Cinsel,Ağustos,YAZ,MARMARA
5300,2012-08-29,Bayan,İstanbul,Zayıflama,Ağustos,YAZ,MARMARA
5301,2012-08-29,Erkek,Kocaeli,DİĞER,Ağustos,YAZ,MARMARA
5302,2012-08-29,Erkek,Tekirdağ,Cinsel,Ağustos,YAZ,MARMARA
5303,2012-08-29,Bayan,Mersin,DİĞER,Ağustos,YAZ,AKDENİZ
5304,2012-08-29,Erkek,Çanakkale,Zayıflama,Ağustos,YAZ,MARMARA
5305,2012-08-29,Erkek,İstanbul,DİĞER,Ağustos,YAZ,MARMARA
5306,2012-08-29,Bayan,Antalya,Bakım,Ağustos,YAZ,AKDENİZ
5307,2012-08-29,Bayan,İstanbul,Zayıflama,Ağustos,YAZ,MARMARA
5308,2012-08-29,Erkek,Bursa,Sağlık,Ağustos,YAZ,MARMARA
5309,2012-08-29,Erkek,Tekirdağ,Bakım,Ağustos,YAZ,MARMARA
5310,2012-08-29,Erkek,Çanakkale,Bakım,Ağustos,YAZ,MARMARA
5311,2012-08-29,Bayan,İstanbul,Zayıflama,Ağustos,YAZ,MARMARA
5312,2012-08-29,Bayan,Mersin,Zayıflama,Ağustos,YAZ,AKDENİZ
5313,2012-08-29,Erkek,Karabük,Cinsel,Ağustos,YAZ,KARADENİZ
5314,2012-08-29,Erkek,Denizli,DİĞER,Ağustos,YAZ,EGE
5315,2012-08-29,Erkek,İstanbul,Zayıflama,Ağustos,YAZ,MARMARA
5316,2012-08-29,Erkek,İstanbul,Cinsel,Ağustos,YAZ,MARMARA
5317,2012-08-31,Erkek,Ordu,Cinsel,Ağustos,YAZ,KARADENİZ
5318,2012-08-31,Erkek,Kocaeli,Zayıflama,Ağustos,YAZ,MARMARA
5319,2012-08-31,Erkek,Bursa,Bakım,Ağustos,YAZ,MARMARA
5320,2012-08-31,Erkek,Ankara,Zayıflama,Ağustos,YAZ,İÇ ANADOLU
5321,2012-08-31,Bayan,Mersin,Bakım,Ağustos,YAZ,AKDENİZ
5322,2012-08-31,Bayan,Çanakkale,Bakım,Ağustos,YAZ,MARMARA
5323,2012-08-31,Erkek,İzmir,DİĞER,Ağustos,YAZ,EGE
5324,2012-08-31,Erkek,Aydın,Cinsel,Ağustos,YAZ,EGE
5325,2012-08-31,Erkek,İstanbul,Cinsel,Ağustos,YAZ,MARMARA
5326,2012-08-31,Erkek,İstanbul,DİĞER,Ağustos,YAZ,MARMARA
5327,2012-08-31,Erkek,Ankara,DİĞER,Ağustos,YAZ,İÇ ANADOLU
5328,2012-08-31,Erkek,İstanbul,Zayıflama,Ağustos,YAZ,MARMARA
5329,2012-08-31,Bayan,İstanbul,Bakım,Ağustos,YAZ,MARMARA
5330,2012-08-31,Erkek,İstanbul,Cinsel,Ağustos,YAZ,MARMARA
5331,2012-08-31,Erkek,İstanbul,Zayıflama,Ağustos,YAZ,MARMARA
5332,2012-08-31,Erkek,İstanbul,Cinsel,Ağustos,YAZ,MARMARA
5333,2012-08-31,Bayan,Adana,DİĞER,Ağustos,YAZ,AKDENİZ
5334,2012-08-31,Erkek,Malatya,Güzellik,Ağustos,YAZ,DOĞU ANADOLU
5335,2012-08-31,Bayan,İstanbul,Zayıflama,Ağustos,YAZ,MARMARA
5336,2012-09-01,Bayan,Kırşehir,Zayıflama,Eylül,SONBAHAR,İÇ ANADOLU
5337,2012-09-03,Bayan,Muğla,Bakım,Eylül,SONBAHAR,EGE
5338,2012-09-03,Bayan,Gaziantep,Zayıflama,Eylül,SONBAHAR,GÜNEYDOĞU
5339,2012-09-03,Erkek,İzmir,Zayıflama,Eylül,SONBAHAR,EGE
5340,2012-09-03,Bayan,Ordu,Cinsel,Eylül,SONBAHAR,KARADENİZ
5341,2012-09-03,Erkek,Aydın,Cinsel,Eylül,SONBAHAR,EGE
5342,2012-09-03,Erkek,Kocaeli,Zayıflama,Eylül,SONBAHAR,MARMARA
5343,2012-09-03,Erkek,Isparta,Bakım,Eylül,SONBAHAR,AKDENİZ
5344,2012-09-03,Erkek,Ordu,Cinsel,Eylül,SONBAHAR,KARADENİZ
5345,2012-09-03,Erkek,Diyarbakır,Zayıflama,Eylül,SONBAHAR,GÜNEYDOĞU
5346,2012-09-03,Bayan,Çorum,DİĞER,Eylül,SONBAHAR,KARADENİZ
5347,2012-09-03,Bayan,Adana,DİĞER,Eylül,SONBAHAR,AKDENİZ
5348,2012-09-03,Erkek,İstanbul,Bakım,Eylül,SONBAHAR,MARMARA
5349,2012-09-03,Bayan,İzmir,Bakım,Eylül,SONBAHAR,EGE
5350,2012-09-03,Erkek,Isparta,Bakım,Eylül,SONBAHAR,AKDENİZ
5351,2012-09-03,Bayan,Denizli,Zayıflama,Eylül,SONBAHAR,EGE
5352,2012-09-03,Erkek,Trabzon,Zayıflama,Eylül,SONBAHAR,KARADENİZ
5353,2012-09-03,Erkek,Konya,Cinsel,Eylül,SONBAHAR,İÇ ANADOLU
5354,2012-09-03,Erkek,Niğde,DİĞER,Eylül,SONBAHAR,İÇ ANADOLU
5355,2012-09-03,Bayan,Muğla,Ağrılar,Eylül,SONBAHAR,EGE
5356,2012-09-03,Erkek,Eskişehir,Bakım,Eylül,SONBAHAR,İÇ ANADOLU
5357,2012-09-03,Erkek,İstanbul,Cinsel,Eylül,SONBAHAR,MARMARA
5358,2012-09-03,Bayan,Adana,Zayıflama,Eylül,SONBAHAR,AKDENİZ
5359,2012-09-03,Erkek,İstanbul,DİĞER,Eylül,SONBAHAR,MARMARA
5360,2012-09-03,Erkek,Samsun,Cinsel,Eylül,SONBAHAR,KARADENİZ
5361,2012-09-03,Bayan,Antalya,Zayıflama,Eylül,SONBAHAR,AKDENİZ
5362,2012-09-03,Erkek,Kocaeli,Bakım,Eylül,SONBAHAR,MARMARA
5363,2012-09-03,Bayan,İstanbul,Zayıflama,Eylül,SONBAHAR,MARMARA
5364,2012-09-03,Bayan,Tekirdağ,Bakım,Eylül,SONBAHAR,MARMARA
5365,2012-09-03,Erkek,İstanbul,Zayıflama,Eylül,SONBAHAR,MARMARA
5366,2012-09-03,Erkek,Ankara,Zayıflama,Eylül,SONBAHAR,İÇ ANADOLU
5367,2012-09-03,Bayan,Ankara,Bakım,Eylül,SONBAHAR,İÇ ANADOLU
5368,2012-09-03,Erkek,İstanbul,Zayıflama,Eylül,SONBAHAR,MARMARA
5369,2012-09-03,Bayan,Batman,Saç,Eylül,SONBAHAR,GÜNEYDOĞU
5370,2012-09-03,Erkek,Yozgat,Cinsel,Eylül,SONBAHAR,İÇ ANADOLU
5371,2012-09-04,Erkek,Kahramanmaraş,Bakım,Eylül,SONBAHAR,AKDENİZ
5372,2012-09-04,Bayan,Ankara,Zayıflama,Eylül,SONBAHAR,İÇ ANADOLU
5373,2012-09-04,Erkek,İzmir,Cinsel,Eylül,SONBAHAR,EGE
5374,2012-09-04,Erkek,Afyon,DİĞER,Eylül,SONBAHAR,EGE
5375,2012-09-04,Erkek,İstanbul,Cinsel,Eylül,SONBAHAR,MARMARA
5376,2012-09-04,Erkek,Sinop,Bakım,Eylül,SONBAHAR,KARADENİZ
5377,2012-09-04,Erkek,İstanbul,Cinsel,Eylül,SONBAHAR,MARMARA
5378,2012-09-04,Bayan,İstanbul,Bakım,Eylül,SONBAHAR,MARMARA
5379,2012-09-04,Bayan,Ankara,Zayıflama,Eylül,SONBAHAR,İÇ ANADOLU
5380,2012-09-04,Erkek,İzmir,Cinsel,Eylül,SONBAHAR,EGE
5381,2012-09-04,Erkek,İzmir,Bakım,Eylül,SONBAHAR,EGE
5382,2012-09-04,Bayan,Ankara,Cinsel,Eylül,SONBAHAR,İÇ ANADOLU
5383,2012-09-04,Erkek,İstanbul,Bakım,Eylül,SONBAHAR,MARMARA
5384,2012-09-04,Bayan,İzmir,DİĞER,Eylül,SONBAHAR,EGE
5385,2012-09-04,Erkek,Gaziantep,Cinsel,Eylül,SONBAHAR,GÜNEYDOĞU
5386,2012-09-04,Bayan,İstanbul,Zayıflama,Eylül,SONBAHAR,MARMARA
5387,2012-09-04,Bayan,İstanbul,DİĞER,Eylül,SONBAHAR,MARMARA
5388,2012-09-05,Erkek,Balıkesir,Bakım,Eylül,SONBAHAR,MARMARA
5389,2012-09-05,Erkek,Samsun,Cinsel,Eylül,SONBAHAR,KARADENİZ
5390,2012-09-05,Erkek,Şanlıurfa,Ağrılar,Eylül,SONBAHAR,GÜNEYDOĞU
5391,2012-09-05,Erkek,İstanbul,Bakım,Eylül,SONBAHAR,MARMARA
5392,2012-09-05,Erkek,Adana,Zayıflama,Eylül,SONBAHAR,AKDENİZ
5393,2012-09-05,Erkek,İstanbul,Bakım,Eylül,SONBAHAR,MARMARA
5394,2012-09-05,Erkek,İzmir,Ağrılar,Eylül,SONBAHAR,EGE
5395,2012-09-05,Erkek,Kayseri,Bakım,Eylül,SONBAHAR,İÇ ANADOLU
5396,2012-09-05,Bayan,İçel,Zayıflama,Eylül,SONBAHAR,AKDENİZ
5397,2012-09-05,Erkek,Hatay,Saç,Eylül,SONBAHAR,AKDENİZ
5398,2012-09-05,Bayan,İzmir,Zayıflama,Eylül,SONBAHAR,EGE
5399,2012-09-05,Bayan,Isparta,Zayıflama,Eylül,SONBAHAR,AKDENİZ
5400,2012-09-05,Bayan,İstanbul,Ağrılar,Eylül,SONBAHAR,MARMARA
5401,2012-09-06,Bayan,Ankara,Ağrılar,Eylül,SONBAHAR,İÇ ANADOLU
5402,2012-09-06,Bayan,Balıkesir,Bakım,Eylül,SONBAHAR,MARMARA
5403,2012-09-06,Erkek,Balıkesir,Cinsel,Eylül,SONBAHAR,MARMARA
5404,2012-09-06,Erkek,İzmir,Bakım,Eylül,SONBAHAR,EGE
5405,2012-09-06,Erkek,İstanbul,Bakım,Eylül,SONBAHAR,MARMARA
5406,2012-09-06,Erkek,Sivas,Cinsel,Eylül,SONBAHAR,İÇ ANADOLU
5407,2012-09-06,Erkek,Zonguldak,Zayıflama,Eylül,SONBAHAR,KARADENİZ
5408,2012-09-06,Erkek,Ankara,Güzellik,Eylül,SONBAHAR,İÇ ANADOLU
5409,2012-09-06,Bayan,İstanbul,Cinsel,Eylül,SONBAHAR,MARMARA
5410,2012-09-06,Bayan,Antalya,Bakım,Eylül,SONBAHAR,AKDENİZ
5411,2012-09-06,Erkek,İzmir,DİĞER,Eylül,SONBAHAR,EGE
5412,2012-09-06,Bayan,İstanbul,Zayıflama,Eylül,SONBAHAR,MARMARA
5413,2012-09-06,Erkek,Tokat,Zayıflama,Eylül,SONBAHAR,KARADENİZ
5414,2012-09-06,Bayan,Karaman,Zayıflama,Eylül,SONBAHAR,İÇ ANADOLU
5415,2012-09-06,Bayan,Kahramanmaraş,Cinsel,Eylül,SONBAHAR,AKDENİZ
5416,2012-09-06,Erkek,Manisa,Cinsel,Eylül,SONBAHAR,EGE
5417,2012-09-07,Erkek,Van,Cinsel,Eylül,SONBAHAR,DOĞU ANADOLU
5418,2012-09-07,Erkek,Trabzon,Zayıflama,Eylül,SONBAHAR,KARADENİZ
5419,2012-09-07,Erkek,Ankara,Bakım,Eylül,SONBAHAR,İÇ ANADOLU
5420,2012-09-07,Erkek,Ankara,Cinsel,Eylül,SONBAHAR,İÇ ANADOLU
5421,2012-09-07,Erkek,Bingöl,Bakım,Eylül,SONBAHAR,DOĞU ANADOLU
5422,2012-09-07,Erkek,İstanbul,Cinsel,Eylül,SONBAHAR,MARMARA
5423,2012-09-07,Bayan,İstanbul,Ağrılar,Eylül,SONBAHAR,MARMARA
5424,2012-09-07,Erkek,İstanbul,Cinsel,Eylül,SONBAHAR,MARMARA
5425,2012-09-07,Bayan,İstanbul,Cinsel,Eylül,SONBAHAR,MARMARA
5426,2012-09-07,Erkek,Ankara,Bakım,Eylül,SONBAHAR,İÇ ANADOLU
5427,2012-09-07,Bayan,Isparta,Bakım,Eylül,SONBAHAR,AKDENİZ
5428,2012-09-07,Erkek,Manisa,Zayıflama,Eylül,SONBAHAR,EGE
5429,2012-09-07,Erkek,Denizli,Ağrılar,Eylül,SONBAHAR,EGE
5430,2012-09-07,Erkek,İzmir,Zayıflama,Eylül,SONBAHAR,EGE
5431,2012-09-08,Bayan,Ankara,Bakım,Eylül,SONBAHAR,İÇ ANADOLU
5432,2012-09-08,Erkek,Bartın,Zayıflama,Eylül,SONBAHAR,KARADENİZ
5433,2012-09-08,Erkek,Adana,Cinsel,Eylül,SONBAHAR,AKDENİZ
5434,2012-09-08,Erkek,Erzurum,Cinsel,Eylül,SONBAHAR,DOĞU ANADOLU
5435,2012-09-08,Erkek,Antalya,Zayıflama,Eylül,SONBAHAR,AKDENİZ
5436,2012-09-08,Erkek,İstanbul,Cinsel,Eylül,SONBAHAR,MARMARA
5437,2012-09-08,Erkek,Nevşehir,Cinsel,Eylül,SONBAHAR,İÇ ANADOLU
5438,2012-09-08,Erkek,Gaziantep,Cinsel,Eylül,SONBAHAR,GÜNEYDOĞU
5439,2012-09-10,Erkek,Batman,Ağrılar,Eylül,SONBAHAR,GÜNEYDOĞU
5440,2012-09-10,Erkek,Ankara,Cinsel,Eylül,SONBAHAR,İÇ ANADOLU
5441,2012-09-10,Bayan,Antalya,Zayıflama,Eylül,SONBAHAR,AKDENİZ
5442,2012-09-10,Erkek,Bursa,Cinsel,Eylül,SONBAHAR,MARMARA
5443,2012-09-10,Erkek,Mersin,Zayıflama,Eylül,SONBAHAR,AKDENİZ
5444,2012-09-10,Bayan,İstanbul,Zayıflama,Eylül,SONBAHAR,MARMARA
5445,2012-09-11,Erkek,Muğla,Ağrılar,Eylül,SONBAHAR,EGE
5446,2012-09-11,Erkek,İzmir,Bakım,Eylül,SONBAHAR,EGE
5447,2012-09-11,Erkek,Konya,Cinsel,Eylül,SONBAHAR,İÇ ANADOLU
5448,2012-09-11,Erkek,Şırnak,Ağrılar,Eylül,SONBAHAR,DOĞU ANADOLU
5449,2012-09-11,Erkek,İstanbul,Cinsel,Eylül,SONBAHAR,MARMARA
5450,2012-09-11,Erkek,Ankara,Ağrılar,Eylül,SONBAHAR,İÇ ANADOLU
5451,2012-09-11,Bayan,Bursa,Cinsel,Eylül,SONBAHAR,MARMARA
5452,2012-09-12,Erkek,Van,Bakım,Eylül,SONBAHAR,DOĞU ANADOLU
5453,2012-09-12,Erkek,Mardin,Zayıflama,Eylül,SONBAHAR,GÜNEYDOĞU
5454,2012-09-12,Bayan,İstanbul,Ağrılar,Eylül,SONBAHAR,MARMARA
5455,2012-09-12,Erkek,Ankara,Ağrılar,Eylül,SONBAHAR,İÇ ANADOLU
5456,2012-09-12,Bayan,Erzincan,Bakım,Eylül,SONBAHAR,DOĞU ANADOLU
5457,2012-09-13,Bayan,Gaziantep,Zayıflama,Eylül,SONBAHAR,GÜNEYDOĞU
5458,2012-09-13,Bayan,Manisa,Cinsel,Eylül,SONBAHAR,EGE
5459,2012-09-13,Erkek,İstanbul,Cinsel,Eylül,SONBAHAR,MARMARA
5460,2012-09-13,Erkek,Şanlıurfa,Cinsel,Eylül,SONBAHAR,GÜNEYDOĞU
5461,2012-09-13,Erkek,Şanlıurfa,Cinsel,Eylül,SONBAHAR,GÜNEYDOĞU
5462,2012-09-13,Bayan,Adana,Sağlık,Eylül,SONBAHAR,AKDENİZ
5463,2012-09-14,Erkek,Gaziantep,Ağrılar,Eylül,SONBAHAR,GÜNEYDOĞU
5464,2012-09-14,Bayan,Elazığ,Cinsel,Eylül,SONBAHAR,DOĞU ANADOLU
5465,2012-09-14,Erkek,Balıkesir,Bakım,Eylül,SONBAHAR,MARMARA
5466,2012-09-14,Erkek,Balıkesir,DİĞER,Eylül,SONBAHAR,MARMARA
5467,2012-09-14,Erkek,Edirne,Cinsel,Eylül,SONBAHAR,MARMARA
5468,2012-09-14,Erkek,İstanbul,Cinsel,Eylül,SONBAHAR,MARMARA
5469,2012-09-14,Erkek,Kastamonu,Cinsel,Eylül,SONBAHAR,KARADENİZ
5470,2012-09-14,Erkek,Tekirdağ,Ağrılar,Eylül,SONBAHAR,MARMARA
5471,2012-09-15,Erkek,İstanbul,Bakım,Eylül,SONBAHAR,MARMARA
5472,2012-09-15,Erkek,Elazığ,Cinsel,Eylül,SONBAHAR,DOĞU ANADOLU
5473,2012-09-15,Bayan,İstanbul,Zayıflama,Eylül,SONBAHAR,MARMARA
5474,2012-09-15,Erkek,Muğla,Zayıflama,Eylül,SONBAHAR,EGE
5475,2012-09-15,Erkek,Bolu,Cinsel,Eylül,SONBAHAR,KARADENİZ
5476,2012-09-15,Bayan,Mersin,Zayıflama,Eylül,SONBAHAR,AKDENİZ
5477,2012-09-17,Erkek,Ankara,Cinsel,Eylül,SONBAHAR,İÇ ANADOLU
5478,2012-09-17,Erkek,Karaman,Cinsel,Eylül,SONBAHAR,İÇ ANADOLU
5479,2012-09-17,Bayan,İzmir,Bakım,Eylül,SONBAHAR,EGE
5480,2012-09-17,Erkek,İstanbul,DİĞER,Eylül,SONBAHAR,MARMARA
5481,2012-09-17,Erkek,İstanbul,Cinsel,Eylül,SONBAHAR,MARMARA
5482,2012-09-17,Bayan,Ankara,Ağrılar,Eylül,SONBAHAR,İÇ ANADOLU
5483,2012-09-17,Erkek,Ankara,Bakım,Eylül,SONBAHAR,İÇ ANADOLU
5484,2012-09-17,Erkek,Kayseri,Zayıflama,Eylül,SONBAHAR,İÇ ANADOLU
5485,2012-09-17,Bayan,Adana,Cinsel,Eylül,SONBAHAR,AKDENİZ
5486,2012-09-17,Erkek,Muğla,DİĞER,Eylül,SONBAHAR,EGE
5487,2012-09-17,Bayan,İstanbul,Bakım,Eylül,SONBAHAR,MARMARA
5488,2012-09-17,Bayan,İzmir,Zayıflama,Eylül,SONBAHAR,EGE
5489,2012-09-17,Erkek,İstanbul,Zayıflama,Eylül,SONBAHAR,MARMARA
5490,2012-09-17,Erkek,Adana,Zayıflama,Eylül,SONBAHAR,AKDENİZ
5491,2012-09-17,Erkek,Gaziantep,Bakım,Eylül,SONBAHAR,GÜNEYDOĞU
5492,2012-09-17,Erkek,Ankara,Cinsel,Eylül,SONBAHAR,İÇ ANADOLU
5493,2012-09-17,Erkek,İstanbul,Zayıflama,Eylül,SONBAHAR,MARMARA
5494,2012-09-17,Bayan,Aydın,Zayıflama,Eylül,SONBAHAR,EGE
5495,2012-09-17,Erkek,Gaziantep,Cinsel,Eylül,SONBAHAR,GÜNEYDOĞU
5496,2012-09-17,Erkek,İstanbul,Bakım,Eylül,SONBAHAR,MARMARA
5497,2012-09-17,Erkek,Antalya,Bakım,Eylül,SONBAHAR,AKDENİZ
5498,2012-09-18,Bayan,İstanbul,Zayıflama,Eylül,SONBAHAR,MARMARA
5499,2012-09-18,Erkek,Ankara,Sağlık,Eylül,SONBAHAR,İÇ ANADOLU
5500,2012-09-18,Bayan,İstanbul,Sağlık,Eylül,SONBAHAR,MARMARA
5501,2012-09-18,Bayan,Şırnak,Zayıflama,Eylül,SONBAHAR,DOĞU ANADOLU
5502,2012-09-18,Erkek,İstanbul,Cinsel,Eylül,SONBAHAR,MARMARA
5503,2012-09-18,Erkek,İstanbul,Bakım,Eylül,SONBAHAR,MARMARA
5504,2012-09-18,Erkek,Tekirdağ,Bakım,Eylül,SONBAHAR,MARMARA
5505,2012-09-18,Erkek,Zonguldak,Bakım,Eylül,SONBAHAR,KARADENİZ
5506,2012-09-18,Bayan,İstanbul,Zayıflama,Eylül,SONBAHAR,MARMARA
5507,2012-09-18,Erkek,Diyarbakır,Cinsel,Eylül,SONBAHAR,GÜNEYDOĞU
5508,2012-09-18,Erkek,Kocaeli,Cinsel,Eylül,SONBAHAR,MARMARA
5509,2012-09-18,Erkek,Kocaeli,Zayıflama,Eylül,SONBAHAR,MARMARA
5510,2012-09-18,Erkek,Erzurum,Cinsel,Eylül,SONBAHAR,DOĞU ANADOLU
5511,2012-09-18,Bayan,Tunceli,Bakım,Eylül,SONBAHAR,DOĞU ANADOLU
5512,2012-09-18,Erkek,Gaziantep,Zayıflama,Eylül,SONBAHAR,GÜNEYDOĞU
5513,2012-09-18,Erkek,Antalya,Saç,Eylül,SONBAHAR,AKDENİZ
5514,2012-09-18,Bayan,Kayseri,Zayıflama,Eylül,SONBAHAR,İÇ ANADOLU
5515,2012-09-18,Bayan,Kırıkkale,Zayıflama,Eylül,SONBAHAR,İÇ ANADOLU
5516,2012-09-18,Erkek,Muğla,Zayıflama,Eylül,SONBAHAR,EGE
5517,2012-09-19,Bayan,Denizli,Zayıflama,Eylül,SONBAHAR,EGE
5518,2012-09-19,Bayan,Muş,Bakım,Eylül,SONBAHAR,DOĞU ANADOLU
5519,2012-09-19,Erkek,Hatay,Bakım,Eylül,SONBAHAR,AKDENİZ
5520,2012-09-19,Erkek,Antalya,Güzellik,Eylül,SONBAHAR,AKDENİZ
5521,2012-09-19,Erkek,Zonguldak,Cinsel,Eylül,SONBAHAR,KARADENİZ
5522,2012-09-19,Bayan,Adana,Güzellik,Eylül,SONBAHAR,AKDENİZ
5523,2012-09-19,Erkek,Bingöl,Cinsel,Eylül,SONBAHAR,DOĞU ANADOLU
5524,2012-09-19,Bayan,Batman,Zayıflama,Eylül,SONBAHAR,GÜNEYDOĞU
5525,2012-09-19,Erkek,Antalya,Bakım,Eylül,SONBAHAR,AKDENİZ
5526,2012-09-19,Erkek,İstanbul,Cinsel,Eylül,SONBAHAR,MARMARA
5527,2012-09-19,Erkek,Erzurum,Zayıflama,Eylül,SONBAHAR,DOĞU ANADOLU
5528,2012-09-19,Bayan,Ankara,Zayıflama,Eylül,SONBAHAR,İÇ ANADOLU
5529,2012-09-19,Erkek,İstanbul,Cinsel,Eylül,SONBAHAR,MARMARA
5530,2012-09-19,Erkek,İzmir,Bakım,Eylül,SONBAHAR,EGE
5531,2012-09-19,Bayan,Bursa,Zayıflama,Eylül,SONBAHAR,MARMARA
5532,2012-09-20,Bayan,İstanbul,Zayıflama,Eylül,SONBAHAR,MARMARA
5533,2012-09-20,Erkek,İzmir,Bakım,Eylül,SONBAHAR,EGE
5534,2012-09-20,Bayan,Edirne,Zayıflama,Eylül,SONBAHAR,MARMARA
5535,2012-09-20,Bayan,Manisa,DİĞER,Eylül,SONBAHAR,EGE
5536,2012-09-20,Erkek,İstanbul,Ağrılar,Eylül,SONBAHAR,MARMARA
5537,2012-09-20,Bayan,İstanbul,Ağrılar,Eylül,SONBAHAR,MARMARA
5538,2012-09-20,Erkek,Konya,Cinsel,Eylül,SONBAHAR,İÇ ANADOLU
5539,2012-09-20,Erkek,İstanbul,Cinsel,Eylül,SONBAHAR,MARMARA
5540,2012-09-20,Erkek,İstanbul,Cinsel,Eylül,SONBAHAR,MARMARA
5541,2012-09-20,Erkek,Adana,DİĞER,Eylül,SONBAHAR,AKDENİZ
5542,2012-09-20,Bayan,Manisa,Cinsel,Eylül,SONBAHAR,EGE
5543,2012-09-20,Erkek,Ağrı,Cinsel,Eylül,SONBAHAR,DOĞU ANADOLU
5544,2012-09-20,Erkek,Ankara,Bakım,Eylül,SONBAHAR,İÇ ANADOLU
5545,2012-09-20,Erkek,Ordu,Cinsel,Eylül,SONBAHAR,KARADENİZ
5546,2012-09-20,Bayan,İstanbul,Bakım,Eylül,SONBAHAR,MARMARA
5547,2012-09-20,Erkek,Gaziantep,Bakım,Eylül,SONBAHAR,GÜNEYDOĞU
5548,2012-09-21,Bayan,İstanbul,Ağrılar,Eylül,SONBAHAR,MARMARA
5549,2012-09-21,Erkek,Kocaeli,Cinsel,Eylül,SONBAHAR,MARMARA
5550,2012-09-21,Bayan,Muş,Zayıflama,Eylül,SONBAHAR,DOĞU ANADOLU
5551,2012-09-21,Erkek,İzmir,Bakım,Eylül,SONBAHAR,EGE
5552,2012-09-21,Bayan,Ankara,Zayıflama,Eylül,SONBAHAR,İÇ ANADOLU
5553,2012-09-21,Bayan,İstanbul,Bakım,Eylül,SONBAHAR,MARMARA
5554,2012-09-21,Erkek,Kocaeli,Cinsel,Eylül,SONBAHAR,MARMARA
5555,2012-09-21,Erkek,Trabzon,Bakım,Eylül,SONBAHAR,KARADENİZ
5556,2012-09-21,Bayan,Şanlıurfa,Zayıflama,Eylül,SONBAHAR,GÜNEYDOĞU
5557,2012-09-21,Erkek,Mersin,Bakım,Eylül,SONBAHAR,AKDENİZ
5558,2012-09-21,Erkek,İstanbul,Cinsel,Eylül,SONBAHAR,MARMARA
5559,2012-09-21,Bayan,Denizli,Zayıflama,Eylül,SONBAHAR,EGE
5560,2012-09-24,Erkek,Kocaeli,Bakım,Eylül,SONBAHAR,MARMARA
5561,2012-09-24,Erkek,Bursa,Saç,Eylül,SONBAHAR,MARMARA
5562,2012-09-24,Erkek,Zonguldak,DİĞER,Eylül,SONBAHAR,KARADENİZ
5563,2012-09-24,Erkek,Çanakkale,Ağrılar,Eylül,SONBAHAR,MARMARA
5564,2012-09-24,Erkek,Antalya,DİĞER,Eylül,SONBAHAR,AKDENİZ
5565,2012-09-24,Bayan,Antalya,Ağrılar,Eylül,SONBAHAR,AKDENİZ
5566,2012-09-24,Erkek,İzmir,Ağrılar,Eylül,SONBAHAR,EGE
5567,2012-09-24,Erkek,Balıkesir,Cinsel,Eylül,SONBAHAR,MARMARA
5568,2012-09-24,Bayan,Kocaeli,DİĞER,Eylül,SONBAHAR,MARMARA
5569,2012-09-24,Erkek,İstanbul,Ağrılar,Eylül,SONBAHAR,MARMARA
5570,2012-09-24,Erkek,İstanbul,Bakım,Eylül,SONBAHAR,MARMARA
5571,2012-09-24,Erkek,İstanbul,Saç,Eylül,SONBAHAR,MARMARA
5572,2012-09-24,Bayan,Samsun,Zayıflama,Eylül,SONBAHAR,KARADENİZ
5573,2012-09-24,Erkek,Malatya,Bakım,Eylül,SONBAHAR,DOĞU ANADOLU
5574,2012-09-24,Bayan,Ankara,Bakım,Eylül,SONBAHAR,İÇ ANADOLU
5575,2012-09-24,Bayan,İstanbul,DİĞER,Eylül,SONBAHAR,MARMARA
5576,2012-09-24,Bayan,İstanbul,Zayıflama,Eylül,SONBAHAR,MARMARA
5577,2012-09-24,Bayan,İstanbul,DİĞER,Eylül,SONBAHAR,MARMARA
5578,2012-09-24,Erkek,Düzce,Cinsel,Eylül,SONBAHAR,KARADENİZ
5579,2012-09-24,Erkek,İzmir,Cinsel,Eylül,SONBAHAR,EGE
5580,2012-09-24,Bayan,İzmir,Ağrılar,Eylül,SONBAHAR,EGE
5581,2012-09-24,Bayan,İstanbul,Bakım,Eylül,SONBAHAR,MARMARA
5582,2012-09-24,Erkek,Muğla,DİĞER,Eylül,SONBAHAR,EGE
5583,2012-09-24,Erkek,Mersin,Zayıflama,Eylül,SONBAHAR,AKDENİZ
5584,2012-09-24,Erkek,Uşak,Cinsel,Eylül,SONBAHAR,EGE
5585,2012-09-24,Bayan,İstanbul,Cinsel,Eylül,SONBAHAR,MARMARA
5586,2012-09-24,Erkek,Eskişehir,Sağlık,Eylül,SONBAHAR,İÇ ANADOLU
5587,2012-09-24,Bayan,Samsun,DİĞER,Eylül,SONBAHAR,KARADENİZ
5588,2012-09-24,Bayan,Antalya,Bakım,Eylül,SONBAHAR,AKDENİZ
5589,2012-09-24,Erkek,İstanbul,Zayıflama,Eylül,SONBAHAR,MARMARA
5590,2012-09-24,Erkek,İstanbul,Cinsel,Eylül,SONBAHAR,MARMARA
5591,2012-09-24,Erkek,Manisa,Zayıflama,Eylül,SONBAHAR,EGE
5592,2012-09-24,Bayan,Erzurum,Cinsel,Eylül,SONBAHAR,DOĞU ANADOLU
5593,2012-09-24,Erkek,İstanbul,Ağrılar,Eylül,SONBAHAR,MARMARA
5594,2012-09-24,Bayan,İstanbul,Güzellik,Eylül,SONBAHAR,MARMARA
5595,2012-09-24,Erkek,Ankara,Cinsel,Eylül,SONBAHAR,İÇ ANADOLU
5596,2012-09-24,Bayan,Çanakkale,Cinsel,Eylül,SONBAHAR,MARMARA
5597,2012-09-24,Erkek,Ağrı,Bakım,Eylül,SONBAHAR,DOĞU ANADOLU
5598,2012-09-24,Erkek,Aydın,Cinsel,Eylül,SONBAHAR,EGE
5599,2012-09-25,Erkek,Zonguldak,DİĞER,Eylül,SONBAHAR,KARADENİZ
5600,2012-09-25,Erkek,Diyarbakır,Cinsel,Eylül,SONBAHAR,GÜNEYDOĞU
5601,2012-09-25,Erkek,Diyarbakır,Cinsel,Eylül,SONBAHAR,GÜNEYDOĞU
5602,2012-09-25,Erkek,Kocaeli,Cinsel,Eylül,SONBAHAR,MARMARA
5603,2012-09-25,Bayan,Ordu,Zayıflama,Eylül,SONBAHAR,KARADENİZ
5604,2012-09-25,Erkek,Düzce,Cinsel,Eylül,SONBAHAR,KARADENİZ
5605,2012-09-25,Erkek,Kütahya,Cinsel,Eylül,SONBAHAR,EGE
5606,2012-09-25,Erkek,Sivas,Zayıflama,Eylül,SONBAHAR,İÇ ANADOLU
5607,2012-09-25,Bayan,İstanbul,Zayıflama,Eylül,SONBAHAR,MARMARA
5608,2012-09-25,Erkek,İstanbul,DİĞER,Eylül,SONBAHAR,MARMARA
5609,2012-09-25,Bayan,Kayseri,Bakım,Eylül,SONBAHAR,İÇ ANADOLU
5610,2012-09-25,Erkek,Mersin,Bakım,Eylül,SONBAHAR,AKDENİZ
5611,2012-09-25,Erkek,Mersin,Bakım,Eylül,SONBAHAR,AKDENİZ
5612,2012-09-25,Erkek,Mersin,Bakım,Eylül,SONBAHAR,AKDENİZ
5613,2012-09-25,Bayan,Kilis,Zayıflama,Eylül,SONBAHAR,GÜNEYDOĞU
5614,2012-09-26,Bayan,İzmir,Cinsel,Eylül,SONBAHAR,EGE
5615,2012-09-26,Erkek,Konya,Saç,Eylül,SONBAHAR,İÇ ANADOLU
5616,2012-09-26,Erkek,İzmir,Cinsel,Eylül,SONBAHAR,EGE
5617,2012-09-26,Erkek,İstanbul,Sağlık,Eylül,SONBAHAR,MARMARA
5618,2012-09-26,Erkek,İstanbul,Cinsel,Eylül,SONBAHAR,MARMARA
5619,2012-09-26,Erkek,İstanbul,Cinsel,Eylül,SONBAHAR,MARMARA
5620,2012-09-26,Bayan,Bursa,Güzellik,Eylül,SONBAHAR,MARMARA
5621,2012-09-26,Erkek,İstanbul,Zayıflama,Eylül,SONBAHAR,MARMARA
5622,2012-09-26,Erkek,İstanbul,Ağrılar,Eylül,SONBAHAR,MARMARA
5623,2012-09-26,Bayan,Konya,Bakım,Eylül,SONBAHAR,İÇ ANADOLU
5624,2012-09-26,Erkek,Gaziantep,Bakım,Eylül,SONBAHAR,GÜNEYDOĞU
5625,2012-09-26,Erkek,İstanbul,Cinsel,Eylül,SONBAHAR,MARMARA
5626,2012-09-26,Erkek,İstanbul,Bakım,Eylül,SONBAHAR,MARMARA
5627,2012-09-26,Erkek,Manisa,Cinsel,Eylül,SONBAHAR,EGE
5628,2012-09-26,Erkek,Giresun,Zayıflama,Eylül,SONBAHAR,KARADENİZ
5629,2012-09-26,Erkek,Antalya,Cinsel,Eylül,SONBAHAR,AKDENİZ
5630,2012-09-26,Erkek,Gaziantep,Zayıflama,Eylül,SONBAHAR,GÜNEYDOĞU
5631,2012-09-26,Erkek,Ankara,Bakım,Eylül,SONBAHAR,İÇ ANADOLU
5632,2012-09-26,Erkek,Amasya,Cinsel,Eylül,SONBAHAR,KARADENİZ
5633,2012-09-26,Bayan,Bartın,Bakım,Eylül,SONBAHAR,KARADENİZ
5634,2012-09-26,Erkek,Şanlıurfa,Cinsel,Eylül,SONBAHAR,GÜNEYDOĞU
5635,2012-09-26,Bayan,Sivas,Zayıflama,Eylül,SONBAHAR,İÇ ANADOLU
5636,2012-09-26,Bayan,Konya,Zayıflama,Eylül,SONBAHAR,İÇ ANADOLU
5637,2012-09-26,Erkek,Zonguldak,Bakım,Eylül,SONBAHAR,KARADENİZ
5638,2012-09-26,Erkek,Kırıkkale,Zayıflama,Eylül,SONBAHAR,İÇ ANADOLU
5639,2012-09-26,Bayan,İzmir,Zayıflama,Eylül,SONBAHAR,EGE
5640,2012-09-26,Erkek,İstanbul,DİĞER,Eylül,SONBAHAR,MARMARA
5641,2012-09-26,Erkek,İstanbul,Zayıflama,Eylül,SONBAHAR,MARMARA
5642,2012-09-26,Erkek,Burdur,Cinsel,Eylül,SONBAHAR,AKDENİZ
5643,2012-09-26,Erkek,Çanakkale,Zayıflama,Eylül,SONBAHAR,MARMARA
5644,2012-09-26,Erkek,Ankara,Zayıflama,Eylül,SONBAHAR,İÇ ANADOLU
5645,2012-09-26,Erkek,Ankara,Zayıflama,Eylül,SONBAHAR,İÇ ANADOLU
5646,2012-09-26,Erkek,Antalya,Cinsel,Eylül,SONBAHAR,AKDENİZ
5647,2012-09-28,Erkek,Uşak,Ağrılar,Eylül,SONBAHAR,EGE
5648,2012-09-28,Erkek,Balıkesir,Ağrılar,Eylül,SONBAHAR,MARMARA
5649,2012-09-28,Bayan,Bursa,DİĞER,Eylül,SONBAHAR,MARMARA
5650,2012-09-28,Bayan,Ankara,Bakım,Eylül,SONBAHAR,İÇ ANADOLU
5651,2012-09-28,Erkek,Eskişehir,DİĞER,Eylül,SONBAHAR,İÇ ANADOLU
5652,2012-09-28,Bayan,Diyarbakır,Cinsel,Eylül,SONBAHAR,GÜNEYDOĞU
5653,2012-09-28,Erkek,İzmir,Cinsel,Eylül,SONBAHAR,EGE
5654,2012-09-28,Bayan,Kırşehir,Ağrılar,Eylül,SONBAHAR,İÇ ANADOLU
5655,2012-09-28,Erkek,Ankara,Zayıflama,Eylül,SONBAHAR,İÇ ANADOLU
5656,2012-09-28,Erkek,İstanbul,Cinsel,Eylül,SONBAHAR,MARMARA
5657,2012-09-28,Erkek,İstanbul,Cinsel,Eylül,SONBAHAR,MARMARA
5658,2012-09-28,Erkek,Kütahya,Bakım,Eylül,SONBAHAR,EGE
5659,2012-09-28,Erkek,Antalya,Ağrılar,Eylül,SONBAHAR,AKDENİZ
5660,2012-09-28,Erkek,İzmir,Bakım,Eylül,SONBAHAR,EGE
5661,2012-09-29,Erkek,Rize,Saç,Eylül,SONBAHAR,KARADENİZ
5662,2012-09-29,Bayan,Kocaeli,Cinsel,Eylül,SONBAHAR,MARMARA
5663,2012-09-29,Bayan,Iğdır,Ağrılar,Eylül,SONBAHAR,DOĞU ANADOLU
5664,2012-09-29,Bayan,Bayburt,DİĞER,Eylül,SONBAHAR,KARADENİZ
5665,2012-09-29,Erkek,İstanbul,Bakım,Eylül,SONBAHAR,MARMARA
5666,2012-09-29,Erkek,Elazığ,Zayıflama,Eylül,SONBAHAR,DOĞU ANADOLU
5667,2012-09-29,Erkek,Şırnak,Bakım,Eylül,SONBAHAR,DOĞU ANADOLU
5668,2012-09-29,Bayan,Uşak,Bakım,Eylül,SONBAHAR,EGE
5669,2012-09-29,Erkek,Kırıkkale,DİĞER,Eylül,SONBAHAR,İÇ ANADOLU
5670,2012-09-29,Bayan,İstanbul,Ağrılar,Eylül,SONBAHAR,MARMARA
5671,2012-09-29,Erkek,Mersin,Cinsel,Eylül,SONBAHAR,AKDENİZ
5672,2012-10-01,Bayan,Mardin,Bakım,Ekim,SONBAHAR,GÜNEYDOĞU
5673,2012-10-01,Erkek,Ankara,Sağlık,Ekim,SONBAHAR,İÇ ANADOLU
5674,2012-10-01,Erkek,İstanbul,Cinsel,Ekim,SONBAHAR,MARMARA
5675,2012-10-01,Erkek,İstanbul,Cinsel,Ekim,SONBAHAR,MARMARA
5676,2012-10-01,Erkek,Adana,DİĞER,Ekim,SONBAHAR,AKDENİZ
5677,2012-10-01,Erkek,Ordu,Cinsel,Ekim,SONBAHAR,KARADENİZ
5678,2012-10-01,Erkek,Gaziantep,Ağrılar,Ekim,SONBAHAR,GÜNEYDOĞU
5679,2012-10-01,Erkek,Balıkesir,Cinsel,Ekim,SONBAHAR,MARMARA
5680,2012-10-01,Bayan,Diyarbakır,Cinsel,Ekim,SONBAHAR,GÜNEYDOĞU
5681,2012-10-01,Erkek,İstanbul,DİĞER,Ekim,SONBAHAR,MARMARA
5682,2012-10-01,Erkek,Erzurum,DİĞER,Ekim,SONBAHAR,DOĞU ANADOLU
5683,2012-10-01,Erkek,Balıkesir,Zayıflama,Ekim,SONBAHAR,MARMARA
5684,2012-10-01,Erkek,Çanakkale,Bakım,Ekim,SONBAHAR,MARMARA
5685,2012-10-01,Erkek,İstanbul,Ağrılar,Ekim,SONBAHAR,MARMARA
5686,2012-10-01,Erkek,Diyarbakır,Zayıflama,Ekim,SONBAHAR,GÜNEYDOĞU
5687,2012-10-01,Erkek,Mersin,Ağrılar,Ekim,SONBAHAR,AKDENİZ
5688,2012-10-01,Bayan,İstanbul,Zayıflama,Ekim,SONBAHAR,MARMARA
5689,2012-10-01,Erkek,Ankara,Cinsel,Ekim,SONBAHAR,İÇ ANADOLU
5690,2012-10-01,Erkek,Ankara,Güzellik,Ekim,SONBAHAR,İÇ ANADOLU
5691,2012-10-01,Erkek,İstanbul,Cinsel,Ekim,SONBAHAR,MARMARA
5692,2012-10-01,Erkek,İstanbul,Cinsel,Ekim,SONBAHAR,MARMARA
5693,2012-10-01,Erkek,Samsun,Cinsel,Ekim,SONBAHAR,KARADENİZ
5694,2012-10-02,Erkek,Tekirdağ,Saç,Ekim,SONBAHAR,MARMARA
5695,2012-10-02,Bayan,İzmir,Cinsel,Ekim,SONBAHAR,EGE
5696,2012-10-02,Bayan,Bursa,Saç,Ekim,SONBAHAR,MARMARA
5697,2012-10-02,Erkek,Denizli,Ağrılar,Ekim,SONBAHAR,EGE
5698,2012-10-02,Erkek,Antalya,Cinsel,Ekim,SONBAHAR,AKDENİZ
5699,2012-10-02,Erkek,Şanlıurfa,Cinsel,Ekim,SONBAHAR,GÜNEYDOĞU
5700,2012-10-02,Erkek,İstanbul,Cinsel,Ekim,SONBAHAR,MARMARA
5701,2012-10-02,Erkek,Adana,DİĞER,Ekim,SONBAHAR,AKDENİZ
5702,2012-10-03,Bayan,Erzincan,Zayıflama,Ekim,SONBAHAR,DOĞU ANADOLU
5703,2012-10-03,Erkek,İstanbul,Cinsel,Ekim,SONBAHAR,MARMARA
5704,2012-10-03,Erkek,Diyarbakır,Cinsel,Ekim,SONBAHAR,GÜNEYDOĞU
5705,2012-10-03,Erkek,Muğla,Zayıflama,Ekim,SONBAHAR,EGE
5706,2012-10-03,Erkek,Giresun,Cinsel,Ekim,SONBAHAR,KARADENİZ
5707,2012-10-03,Erkek,İstanbul,Ağrılar,Ekim,SONBAHAR,MARMARA
5708,2012-10-03,Bayan,Antalya,Zayıflama,Ekim,SONBAHAR,AKDENİZ
5709,2012-10-03,Bayan,Ankara,Cinsel,Ekim,SONBAHAR,İÇ ANADOLU
5710,2012-10-03,Erkek,Şanlıurfa,Cinsel,Ekim,SONBAHAR,GÜNEYDOĞU
5711,2012-10-03,Bayan,İstanbul,Zayıflama,Ekim,SONBAHAR,MARMARA
5712,2012-10-03,Bayan,Aksaray,Saç,Ekim,SONBAHAR,İÇ ANADOLU
5713,2012-10-03,Bayan,Manisa,Zayıflama,Ekim,SONBAHAR,EGE
5714,2012-10-03,Bayan,Muğla,Zayıflama,Ekim,SONBAHAR,EGE
5715,2012-10-03,Erkek,Muş,Zayıflama,Ekim,SONBAHAR,DOĞU ANADOLU
5716,2012-10-03,Bayan,İzmir,Bakım,Ekim,SONBAHAR,EGE
5717,2012-10-04,Erkek,Niğde,Zayıflama,Ekim,SONBAHAR,İÇ ANADOLU
5718,2012-10-04,Erkek,Aksaray,Bakım,Ekim,SONBAHAR,İÇ ANADOLU
5719,2012-10-04,Erkek,İstanbul,Bakım,Ekim,SONBAHAR,MARMARA
5720,2012-10-04,Erkek,Çanakkale,Bakım,Ekim,SONBAHAR,MARMARA
5721,2012-10-04,Bayan,Çanakkale,Bakım,Ekim,SONBAHAR,MARMARA
5722,2012-10-04,Erkek,Trabzon,Bakım,Ekim,SONBAHAR,KARADENİZ
5723,2012-10-04,Bayan,İzmir,Bakım,Ekim,SONBAHAR,EGE
5724,2012-10-04,Erkek,İstanbul,Bakım,Ekim,SONBAHAR,MARMARA
5725,2012-10-04,Erkek,İstanbul,Cinsel,Ekim,SONBAHAR,MARMARA
5726,2012-10-04,Erkek,Siirt,Ağrılar,Ekim,SONBAHAR,GÜNEYDOĞU
5727,2012-10-04,Erkek,Kocaeli,Ağrılar,Ekim,SONBAHAR,MARMARA
5728,2012-10-04,Bayan,Antalya,Zayıflama,Ekim,SONBAHAR,AKDENİZ
5729,2012-10-04,Erkek,Muğla,Zayıflama,Ekim,SONBAHAR,EGE
5730,2012-10-04,Bayan,Kocaeli,DİĞER,Ekim,SONBAHAR,MARMARA
5731,2012-10-04,Bayan,İzmir,Bakım,Ekim,SONBAHAR,EGE
5732,2012-10-04,Erkek,İstanbul,Cinsel,Ekim,SONBAHAR,MARMARA
5733,2012-10-04,Bayan,İstanbul,Zayıflama,Ekim,SONBAHAR,MARMARA
5734,2012-10-04,Erkek,İstanbul,Zayıflama,Ekim,SONBAHAR,MARMARA
5735,2012-10-04,Erkek,Antalya,Cinsel,Ekim,SONBAHAR,AKDENİZ
5736,2012-10-04,Erkek,Tokat,Cinsel,Ekim,SONBAHAR,KARADENİZ
5737,2012-10-04,Erkek,İstanbul,Cinsel,Ekim,SONBAHAR,MARMARA
5738,2012-10-04,Erkek,İstanbul,Ağrılar,Ekim,SONBAHAR,MARMARA
5739,2012-10-04,Erkek,İstanbul,Cinsel,Ekim,SONBAHAR,MARMARA
5740,2012-10-04,Erkek,Ankara,Bakım,Ekim,SONBAHAR,İÇ ANADOLU
5741,2012-10-04,Erkek,Ankara,Bakım,Ekim,SONBAHAR,İÇ ANADOLU
5742,2012-10-04,Erkek,İstanbul,Bakım,Ekim,SONBAHAR,MARMARA
5743,2012-10-04,Erkek,İstanbul,Zayıflama,Ekim,SONBAHAR,MARMARA
5744,2012-10-04,Bayan,İstanbul,Cinsel,Ekim,SONBAHAR,MARMARA
5745,2012-10-04,Erkek,İzmir,Zayıflama,Ekim,SONBAHAR,EGE
5746,2012-10-04,Erkek,Kayseri,Bakım,Ekim,SONBAHAR,İÇ ANADOLU
5747,2012-10-04,Erkek,İstanbul,Ağrılar,Ekim,SONBAHAR,MARMARA
5748,2012-10-04,Bayan,İstanbul,Sağlık,Ekim,SONBAHAR,MARMARA
5749,2012-10-05,Bayan,Diyarbakır,Zayıflama,Ekim,SONBAHAR,GÜNEYDOĞU
5750,2012-10-05,Erkek,Balıkesir,Bakım,Ekim,SONBAHAR,MARMARA
5751,2012-10-05,Erkek,Muğla,Cinsel,Ekim,SONBAHAR,EGE
5752,2012-10-05,Erkek,Antalya,Saç,Ekim,SONBAHAR,AKDENİZ
5753,2012-10-05,Erkek,Bursa,DİĞER,Ekim,SONBAHAR,MARMARA
5754,2012-10-05,Erkek,Hatay,Cinsel,Ekim,SONBAHAR,AKDENİZ
5755,2012-10-05,Erkek,İzmir,Bakım,Ekim,SONBAHAR,EGE
5756,2012-10-05,Bayan,Ankara,Zayıflama,Ekim,SONBAHAR,İÇ ANADOLU
5757,2012-10-05,Erkek,Mersin,Zayıflama,Ekim,SONBAHAR,AKDENİZ
5758,2012-10-05,Erkek,Balıkesir,Cinsel,Ekim,SONBAHAR,MARMARA
5759,2012-10-05,Erkek,İstanbul,Cinsel,Ekim,SONBAHAR,MARMARA
5760,2012-10-05,Bayan,İstanbul,DİĞER,Ekim,SONBAHAR,MARMARA
5761,2012-10-05,Bayan,Isparta,Cinsel,Ekim,SONBAHAR,AKDENİZ
5762,2012-10-05,Erkek,İstanbul,Cinsel,Ekim,SONBAHAR,MARMARA
5763,2012-10-05,Erkek,Çanakkale,Cinsel,Ekim,SONBAHAR,MARMARA
5764,2012-10-05,Erkek,Ankara,Cinsel,Ekim,SONBAHAR,İÇ ANADOLU
5765,2012-10-05,Bayan,Kocaeli,Güzellik,Ekim,SONBAHAR,MARMARA
5766,2012-10-06,Erkek,Tokat,Cinsel,Ekim,SONBAHAR,KARADENİZ
5767,2012-10-06,Erkek,Denizli,Ağrılar,Ekim,SONBAHAR,EGE
5768,2012-10-06,Erkek,İstanbul,Bakım,Ekim,SONBAHAR,MARMARA
5769,2012-10-06,Bayan,Bolu,DİĞER,Ekim,SONBAHAR,KARADENİZ
5770,2012-10-06,Erkek,İstanbul,Zayıflama,Ekim,SONBAHAR,MARMARA
5771,2012-10-06,Erkek,Bitlis,Cinsel,Ekim,SONBAHAR,DOĞU ANADOLU
5772,2012-10-06,Erkek,Bartın,Cinsel,Ekim,SONBAHAR,KARADENİZ
5773,2012-10-06,Bayan,Eskişehir,Zayıflama,Ekim,SONBAHAR,İÇ ANADOLU
5774,2012-10-08,Erkek,İstanbul,Cinsel,Ekim,SONBAHAR,MARMARA
5775,2012-10-08,Erkek,Diyarbakır,Cinsel,Ekim,SONBAHAR,GÜNEYDOĞU
5776,2012-10-08,Bayan,Bursa,Bakım,Ekim,SONBAHAR,MARMARA
5777,2012-10-08,Erkek,Muş,Cinsel,Ekim,SONBAHAR,DOĞU ANADOLU
5778,2012-10-08,Erkek,Mersin,Cinsel,Ekim,SONBAHAR,AKDENİZ
5779,2012-10-08,Bayan,Gaziantep,DİĞER,Ekim,SONBAHAR,GÜNEYDOĞU
5780,2012-10-08,Erkek,Aksaray,Bakım,Ekim,SONBAHAR,İÇ ANADOLU
5781,2012-10-08,Erkek,İstanbul,DİĞER,Ekim,SONBAHAR,MARMARA
5782,2012-10-08,Bayan,Bursa,Ağrılar,Ekim,SONBAHAR,MARMARA
5783,2012-10-08,Bayan,Bitlis,Bakım,Ekim,SONBAHAR,DOĞU ANADOLU
5784,2012-10-08,Bayan,Balıkesir,Ağrılar,Ekim,SONBAHAR,MARMARA
5785,2012-10-08,Erkek,Ankara,Zayıflama,Ekim,SONBAHAR,İÇ ANADOLU
5786,2012-10-08,Bayan,Ankara,Zayıflama,Ekim,SONBAHAR,İÇ ANADOLU
5787,2012-10-08,Erkek,Bursa,Zayıflama,Ekim,SONBAHAR,MARMARA
5788,2012-10-08,Erkek,Antalya,Cinsel,Ekim,SONBAHAR,AKDENİZ
5789,2012-10-08,Bayan,Eskişehir,Cinsel,Ekim,SONBAHAR,İÇ ANADOLU
5790,2012-10-08,Erkek,İstanbul,Zayıflama,Ekim,SONBAHAR,MARMARA
5791,2012-10-08,Bayan,Antalya,Zayıflama,Ekim,SONBAHAR,AKDENİZ
5792,2012-10-08,Erkek,Erzurum,DİĞER,Ekim,SONBAHAR,DOĞU ANADOLU
5793,2012-10-08,Erkek,Manisa,Bakım,Ekim,SONBAHAR,EGE
5794,2012-10-08,Bayan,İstanbul,DİĞER,Ekim,SONBAHAR,MARMARA
5795,2012-10-08,Bayan,Kahramanmaraş,Ağrılar,Ekim,SONBAHAR,AKDENİZ
5796,2012-10-08,Bayan,Adana,Zayıflama,Ekim,SONBAHAR,AKDENİZ
5797,2012-10-08,Bayan,İzmir,Zayıflama,Ekim,SONBAHAR,EGE
5798,2012-10-08,Erkek,Bursa,Cinsel,Ekim,SONBAHAR,MARMARA
5799,2012-10-08,Bayan,İstanbul,Zayıflama,Ekim,SONBAHAR,MARMARA
5800,2012-10-09,Erkek,Ankara,DİĞER,Ekim,SONBAHAR,İÇ ANADOLU
5801,2012-10-09,Erkek,İzmir,Ağrılar,Ekim,SONBAHAR,EGE
5802,2012-10-09,Erkek,Konya,Cinsel,Ekim,SONBAHAR,İÇ ANADOLU
5803,2012-10-09,Bayan,İzmir,Ağrılar,Ekim,SONBAHAR,EGE
5804,2012-10-09,Bayan,Kahramanmaraş,Zayıflama,Ekim,SONBAHAR,AKDENİZ
5805,2012-10-09,Bayan,Mersin,DİĞER,Ekim,SONBAHAR,AKDENİZ
5806,2012-10-09,Bayan,İstanbul,DİĞER,Ekim,SONBAHAR,MARMARA
5807,2012-10-09,Erkek,İstanbul,Zayıflama,Ekim,SONBAHAR,MARMARA
5808,2012-10-09,Erkek,Aydın,DİĞER,Ekim,SONBAHAR,EGE
5809,2012-10-09,Bayan,İstanbul,Zayıflama,Ekim,SONBAHAR,MARMARA
5810,2012-10-09,Erkek,Malatya,Cinsel,Ekim,SONBAHAR,DOĞU ANADOLU
5811,2012-10-09,Erkek,Gaziantep,DİĞER,Ekim,SONBAHAR,GÜNEYDOĞU
5812,2012-10-09,Erkek,Konya,Saç,Ekim,SONBAHAR,İÇ ANADOLU
5813,2012-10-09,Erkek,İzmir,Bakım,Ekim,SONBAHAR,EGE
5814,2012-10-09,Bayan,İstanbul,Ağrılar,Ekim,SONBAHAR,MARMARA
5815,2012-10-09,Erkek,Bursa,Zayıflama,Ekim,SONBAHAR,MARMARA
5816,2012-10-09,Bayan,Konya,Zayıflama,Ekim,SONBAHAR,İÇ ANADOLU
5817,2012-10-10,Bayan,Giresun,Cinsel,Ekim,SONBAHAR,KARADENİZ
5818,2012-10-10,Bayan,Kocaeli,Cinsel,Ekim,SONBAHAR,MARMARA
5819,2013-11-14,Bayan,Mersin,Zayıflama,Kasım,SONBAHAR,AKDENİZ
5820,2013-11-14,Bayan,Gaziantep,Zayıflama,Kasım,SONBAHAR,GÜNEYDOĞU
5821,2013-11-14,Erkek,Mersin,DİĞER,Kasım,SONBAHAR,AKDENİZ
5822,2013-11-14,Erkek,İstanbul,Zayıflama,Kasım,SONBAHAR,MARMARA
5823,2013-11-14,Erkek,İzmir,Bakım,Kasım,SONBAHAR,EGE
5824,2013-11-14,Erkek,İstanbul,Cinsel,Kasım,SONBAHAR,MARMARA
5825,2013-11-15,Erkek,İstanbul,Cinsel,Kasım,SONBAHAR,MARMARA
5826,2013-11-15,Erkek,Ankara,Cinsel,Kasım,SONBAHAR,İÇ ANADOLU
5827,2013-11-15,Bayan,Kayseri,DİĞER,Kasım,SONBAHAR,İÇ ANADOLU
5828,2013-11-15,Erkek,Sivas,DİĞER,Kasım,SONBAHAR,İÇ ANADOLU
5829,2013-11-15,Bayan,Gaziantep,Zayıflama,Kasım,SONBAHAR,GÜNEYDOĞU
5830,2013-11-15,Erkek,Kahramanmaraş,Zayıflama,Kasım,SONBAHAR,AKDENİZ
5831,2013-11-15,Erkek,Tekirdağ,Bakım,Kasım,SONBAHAR,MARMARA
5832,2013-11-15,Bayan,İstanbul,Zayıflama,Kasım,SONBAHAR,MARMARA
5833,2013-11-15,Bayan,Zonguldak,Zayıflama,Kasım,SONBAHAR,KARADENİZ
5834,2013-11-15,Bayan,Muş,Zayıflama,Kasım,SONBAHAR,DOĞU ANADOLU
5835,2013-11-15,Erkek,Sinop,Zayıflama,Kasım,SONBAHAR,KARADENİZ
5836,2013-11-15,Bayan,Manisa,Zayıflama,Kasım,SONBAHAR,EGE
5837,2013-11-15,Erkek,İstanbul,Zayıflama,Kasım,SONBAHAR,MARMARA
5838,2013-11-15,Bayan,İstanbul,Zayıflama,Kasım,SONBAHAR,MARMARA
5839,2013-11-15,Erkek,Konya,Zayıflama,Kasım,SONBAHAR,İÇ ANADOLU
5840,2013-11-16,Bayan,Burdur,Bakım,Kasım,SONBAHAR,AKDENİZ
5841,2013-11-16,Erkek,Eskişehir,Zayıflama,Kasım,SONBAHAR,İÇ ANADOLU
5842,2013-11-16,Bayan,Ankara,Zayıflama,Kasım,SONBAHAR,İÇ ANADOLU
5843,2013-11-16,Bayan,Afyon,Zayıflama,Kasım,SONBAHAR,EGE
5844,2013-11-16,Erkek,Kocaeli,Bakım,Kasım,SONBAHAR,MARMARA
5845,2013-11-16,Bayan,Mardin,Zayıflama,Kasım,SONBAHAR,GÜNEYDOĞU
5846,2013-11-16,Bayan,Manisa,Zayıflama,Kasım,SONBAHAR,EGE
5847,2013-11-16,Erkek,İstanbul,Zayıflama,Kasım,SONBAHAR,MARMARA
5848,2013-11-18,Erkek,İstanbul,Zayıflama,Kasım,SONBAHAR,MARMARA
5849,2013-11-18,Bayan,İstanbul,Zayıflama,Kasım,SONBAHAR,MARMARA
5850,2013-11-18,Erkek,İstanbul,DİĞER,Kasım,SONBAHAR,MARMARA
5851,2013-11-18,Erkek,İstanbul,Ağrılar,Kasım,SONBAHAR,MARMARA
5852,2013-11-18,Bayan,Samsun,Ağrılar,Kasım,SONBAHAR,KARADENİZ
5853,2013-11-18,Erkek,Diyarbakır,DİĞER,Kasım,SONBAHAR,GÜNEYDOĞU
5854,2013-11-18,Erkek,İzmir,Ağrılar,Kasım,SONBAHAR,EGE
5855,2013-11-18,Erkek,Karaman,DİĞER,Kasım,SONBAHAR,İÇ ANADOLU
5856,2013-11-18,Erkek,İstanbul,Zayıflama,Kasım,SONBAHAR,MARMARA
5857,2013-11-18,Erkek,İstanbul,Cinsel,Kasım,SONBAHAR,MARMARA
5858,2013-11-18,Erkek,Antalya,Zayıflama,Kasım,SONBAHAR,AKDENİZ
5859,2013-11-18,Erkek,İstanbul,Zayıflama,Kasım,SONBAHAR,MARMARA
5860,2013-11-18,Erkek,Bingöl,Zayıflama,Kasım,SONBAHAR,DOĞU ANADOLU
5861,2013-11-18,Erkek,Ankara,Zayıflama,Kasım,SONBAHAR,İÇ ANADOLU
5862,2013-11-18,Erkek,Muğla,Zayıflama,Kasım,SONBAHAR,EGE
5863,2013-11-18,Bayan,İstanbul,Zayıflama,Kasım,SONBAHAR,MARMARA
5864,2013-11-18,Bayan,İstanbul,Zayıflama,Kasım,SONBAHAR,MARMARA
5865,2013-11-18,Erkek,Kütahya,Ağrılar,Kasım,SONBAHAR,EGE
5866,2013-11-19,Erkek,Balıkesir,Bakım,Kasım,SONBAHAR,MARMARA
5867,2013-11-19,Erkek,Gaziantep,Zayıflama,Kasım,SONBAHAR,GÜNEYDOĞU
5868,2013-11-19,Erkek,Manisa,Cinsel,Kasım,SONBAHAR,EGE
5869,2013-11-19,Erkek,İstanbul,Zayıflama,Kasım,SONBAHAR,MARMARA
5870,2013-11-19,Erkek,Ankara,Bakım,Kasım,SONBAHAR,İÇ ANADOLU
5871,2013-11-19,Erkek,İstanbul,Ağrılar,Kasım,SONBAHAR,MARMARA
5872,2013-11-19,Erkek,Muğla,Güzellik,Kasım,SONBAHAR,EGE
5873,2013-11-19,Erkek,Eskişehir,DİĞER,Kasım,SONBAHAR,İÇ ANADOLU
5874,2013-11-19,Bayan,İstanbul,Zayıflama,Kasım,SONBAHAR,MARMARA
5875,2013-11-19,Erkek,Bursa,Ağrılar,Kasım,SONBAHAR,MARMARA
5876,2013-11-19,Erkek,Eskişehir,Zayıflama,Kasım,SONBAHAR,İÇ ANADOLU
5877,2013-11-19,Erkek,Muş,Bakım,Kasım,SONBAHAR,DOĞU ANADOLU
5878,2013-11-19,Bayan,Çanakkale,Zayıflama,Kasım,SONBAHAR,MARMARA
5879,2013-11-19,Bayan,Eskişehir,Zayıflama,Kasım,SONBAHAR,İÇ ANADOLU
5880,2013-11-19,Erkek,İstanbul,Sağlık,Kasım,SONBAHAR,MARMARA
5881,2013-11-20,Erkek,Elazığ,Cinsel,Kasım,SONBAHAR,DOĞU ANADOLU
5882,2013-11-20,Erkek,Mersin,Cinsel,Kasım,SONBAHAR,AKDENİZ
5883,2013-11-20,Erkek,Bursa,Cinsel,Kasım,SONBAHAR,MARMARA
5884,2013-11-20,Bayan,Adana,Güzellik,Kasım,SONBAHAR,AKDENİZ
5885,2013-11-20,Bayan,İstanbul,Zayıflama,Kasım,SONBAHAR,MARMARA
5886,2013-11-20,Erkek,Kahramanmaraş,DİĞER,Kasım,SONBAHAR,AKDENİZ
5887,2013-11-20,Erkek,Ankara,Zayıflama,Kasım,SONBAHAR,İÇ ANADOLU
5888,2013-11-20,Erkek,İstanbul,Zayıflama,Kasım,SONBAHAR,MARMARA
5889,2013-11-20,Bayan,İstanbul,Ağrılar,Kasım,SONBAHAR,MARMARA
5890,2013-11-20,Erkek,Kocaeli,Zayıflama,Kasım,SONBAHAR,MARMARA
5891,2013-11-20,Bayan,İstanbul,Zayıflama,Kasım,SONBAHAR,MARMARA
5892,2013-11-20,Bayan,Mersin,Zayıflama,Kasım,SONBAHAR,AKDENİZ
5893,2013-11-20,Erkek,İstanbul,Zayıflama,Kasım,SONBAHAR,MARMARA
5894,2013-11-20,Bayan,İstanbul,Zayıflama,Kasım,SONBAHAR,MARMARA
5895,2013-11-20,Erkek,İstanbul,Zayıflama,Kasım,SONBAHAR,MARMARA
5896,2013-11-20,Bayan,Ankara,Zayıflama,Kasım,SONBAHAR,İÇ ANADOLU
5897,2013-11-20,Bayan,İzmir,Zayıflama,Kasım,SONBAHAR,EGE
5898,2013-11-21,Erkek,Kırıkkale,Cinsel,Kasım,SONBAHAR,İÇ ANADOLU
5899,2013-11-21,Erkek,Muğla,Ağrılar,Kasım,SONBAHAR,EGE
5900,2013-11-21,Bayan,Ankara,Zayıflama,Kasım,SONBAHAR,İÇ ANADOLU
5901,2013-11-21,Erkek,İstanbul,DİĞER,Kasım,SONBAHAR,MARMARA
5902,2013-11-21,Bayan,İstanbul,Zayıflama,Kasım,SONBAHAR,MARMARA
5903,2013-11-21,Erkek,Ankara,Zayıflama,Kasım,SONBAHAR,İÇ ANADOLU
5904,2013-11-21,Erkek,Muş,Zayıflama,Kasım,SONBAHAR,DOĞU ANADOLU
5905,2013-11-21,Bayan,Muş,Zayıflama,Kasım,SONBAHAR,DOĞU ANADOLU
5906,2013-11-21,Bayan,Ankara,Zayıflama,Kasım,SONBAHAR,İÇ ANADOLU
5907,2013-11-21,Bayan,Ağrı,Ağrılar,Kasım,SONBAHAR,DOĞU ANADOLU
5908,2013-11-21,Erkek,Ankara,Zayıflama,Kasım,SONBAHAR,İÇ ANADOLU
5909,2013-11-21,Bayan,Bursa,Zayıflama,Kasım,SONBAHAR,MARMARA
5910,2013-11-21,Bayan,Antalya,Zayıflama,Kasım,SONBAHAR,AKDENİZ
5911,2013-11-22,Erkek,Kocaeli,Cinsel,Kasım,SONBAHAR,MARMARA
5912,2013-11-22,Erkek,Manisa,Cinsel,Kasım,SONBAHAR,EGE
5913,2013-11-22,Erkek,İstanbul,Bakım,Kasım,SONBAHAR,MARMARA
5914,2013-11-22,Bayan,İstanbul,Zayıflama,Kasım,SONBAHAR,MARMARA
5915,2013-11-22,Bayan,İstanbul,Zayıflama,Kasım,SONBAHAR,MARMARA
5916,2013-11-22,Erkek,İstanbul,Zayıflama,Kasım,SONBAHAR,MARMARA
5917,2013-11-22,Bayan,İstanbul,Ağrılar,Kasım,SONBAHAR,MARMARA
5918,2013-11-22,Erkek,İzmir,Zayıflama,Kasım,SONBAHAR,EGE
5919,2013-11-22,Bayan,Adana,Zayıflama,Kasım,SONBAHAR,AKDENİZ
5920,2013-11-22,Erkek,İstanbul,Bakım,Kasım,SONBAHAR,MARMARA
5921,2013-11-22,Erkek,Mersin,Zayıflama,Kasım,SONBAHAR,AKDENİZ
5922,2013-11-22,Bayan,Muş,Ağrılar,Kasım,SONBAHAR,DOĞU ANADOLU
5923,2013-11-22,Erkek,İzmir,Zayıflama,Kasım,SONBAHAR,EGE
5924,2013-11-23,Erkek,İstanbul,Cinsel,Kasım,SONBAHAR,MARMARA
5925,2013-11-23,Erkek,Erzurum,Zayıflama,Kasım,SONBAHAR,DOĞU ANADOLU
5926,2013-11-23,Bayan,Van,Saç,Kasım,SONBAHAR,DOĞU ANADOLU
5927,2013-11-23,Erkek,İstanbul,Zayıflama,Kasım,SONBAHAR,MARMARA
5928,2013-11-23,Erkek,Muğla,Zayıflama,Kasım,SONBAHAR,EGE
5929,2013-11-23,Bayan,Mersin,Zayıflama,Kasım,SONBAHAR,AKDENİZ
5930,2013-11-23,Bayan,Ankara,Zayıflama,Kasım,SONBAHAR,İÇ ANADOLU
5931,2013-11-23,Bayan,İstanbul,Zayıflama,Kasım,SONBAHAR,MARMARA
5932,2013-11-23,Bayan,İstanbul,Zayıflama,Kasım,SONBAHAR,MARMARA
5933,2013-11-23,Bayan,İzmir,Zayıflama,Kasım,SONBAHAR,EGE
5934,2013-11-23,Bayan,Ankara,Zayıflama,Kasım,SONBAHAR,İÇ ANADOLU
5935,2013-11-23,Bayan,İstanbul,Zayıflama,Kasım,SONBAHAR,MARMARA
5936,2013-11-23,Erkek,Ankara,Ağrılar,Kasım,SONBAHAR,İÇ ANADOLU
5937,2013-11-23,Erkek,İstanbul,Bakım,Kasım,SONBAHAR,MARMARA
5938,2013-11-23,Erkek,İstanbul,Bakım,Kasım,SONBAHAR,MARMARA
5939,2013-11-25,Erkek,İstanbul,Cinsel,Kasım,SONBAHAR,MARMARA
5940,2013-11-25,Bayan,Tekirdağ,Zayıflama,Kasım,SONBAHAR,MARMARA
5941,2013-11-25,Erkek,Yalova,Ağrılar,Kasım,SONBAHAR,MARMARA
5942,2013-11-25,Bayan,İstanbul,Zayıflama,Kasım,SONBAHAR,MARMARA
5943,2013-11-25,Erkek,İstanbul,Zayıflama,Kasım,SONBAHAR,MARMARA
5944,2013-11-25,Bayan,İstanbul,Zayıflama,Kasım,SONBAHAR,MARMARA
5945,2013-11-25,Bayan,Muş,Zayıflama,Kasım,SONBAHAR,DOĞU ANADOLU
5946,2013-11-25,Bayan,Bursa,Bakım,Kasım,SONBAHAR,MARMARA
5947,2013-11-25,Bayan,İstanbul,Zayıflama,Kasım,SONBAHAR,MARMARA
5948,2013-11-25,Erkek,Artvin,Zayıflama,Kasım,SONBAHAR,KARADENİZ
5949,2013-11-25,Bayan,İstanbul,Zayıflama,Kasım,SONBAHAR,MARMARA
5950,2013-11-25,Erkek,Ankara,DİĞER,Kasım,SONBAHAR,İÇ ANADOLU
5951,2013-11-25,Erkek,Bursa,DİĞER,Kasım,SONBAHAR,MARMARA
5952,2013-11-25,Erkek,Bursa,Güzellik,Kasım,SONBAHAR,MARMARA
5953,2013-11-25,Bayan,Çorum,Zayıflama,Kasım,SONBAHAR,KARADENİZ
5954,2013-11-25,Erkek,İstanbul,Bakım,Kasım,SONBAHAR,MARMARA
5955,2013-11-25,Bayan,Samsun,Zayıflama,Kasım,SONBAHAR,KARADENİZ
5956,2013-11-25,Erkek,Denizli,Zayıflama,Kasım,SONBAHAR,EGE
5957,2013-11-25,Erkek,Ankara,Zayıflama,Kasım,SONBAHAR,İÇ ANADOLU
5958,2013-11-25,Erkek,Ankara,Bakım,Kasım,SONBAHAR,İÇ ANADOLU
5959,2013-11-25,Erkek,Muğla,Saç,Kasım,SONBAHAR,EGE
5960,2013-11-25,Bayan,Adana,Zayıflama,Kasım,SONBAHAR,AKDENİZ
5961,2013-11-25,Bayan,İstanbul,Zayıflama,Kasım,SONBAHAR,MARMARA
5962,2013-11-25,Erkek,Mersin,Zayıflama,Kasım,SONBAHAR,AKDENİZ
5963,2013-11-26,Erkek,İzmir,Cinsel,Kasım,SONBAHAR,EGE
5964,2013-11-26,Erkek,Adana,Güzellik,Kasım,SONBAHAR,AKDENİZ
5965,2013-11-26,Bayan,İstanbul,Zayıflama,Kasım,SONBAHAR,MARMARA
5966,2013-11-26,Erkek,Diyarbakır,Zayıflama,Kasım,SONBAHAR,GÜNEYDOĞU
5967,2013-11-26,Erkek,Diyarbakır,Bakım,Kasım,SONBAHAR,GÜNEYDOĞU
5968,2013-11-26,Bayan,İstanbul,Bakım,Kasım,SONBAHAR,MARMARA
5969,2013-11-26,Bayan,İstanbul,Zayıflama,Kasım,SONBAHAR,MARMARA
5970,2013-11-26,Erkek,Aydın,Cinsel,Kasım,SONBAHAR,EGE
5971,2013-11-26,Bayan,Adıyaman,Zayıflama,Kasım,SONBAHAR,GÜNEYDOĞU
5972,2013-11-26,Erkek,İstanbul,Zayıflama,Kasım,SONBAHAR,MARMARA
5973,2013-11-26,Bayan,İstanbul,Zayıflama,Kasım,SONBAHAR,MARMARA
5974,2013-11-26,Bayan,İstanbul,Zayıflama,Kasım,SONBAHAR,MARMARA
5975,2013-11-26,Bayan,İzmir,Zayıflama,Kasım,SONBAHAR,EGE
5976,2013-11-26,Bayan,Iğdır,Ağrılar,Kasım,SONBAHAR,DOĞU ANADOLU
5977,2013-11-26,Bayan,İstanbul,Zayıflama,Kasım,SONBAHAR,MARMARA
5978,2013-11-26,Erkek,Şanlıurfa,Cinsel,Kasım,SONBAHAR,GÜNEYDOĞU
5979,2013-11-27,Bayan,Antalya,Ağrılar,Kasım,SONBAHAR,AKDENİZ
5980,2013-11-27,Erkek,Kocaeli,Bakım,Kasım,SONBAHAR,MARMARA
5981,2013-11-27,Erkek,Malatya,DİĞER,Kasım,SONBAHAR,DOĞU ANADOLU
5982,2013-11-27,Erkek,Malatya,Zayıflama,Kasım,SONBAHAR,DOĞU ANADOLU
5983,2013-11-27,Bayan,İzmir,Cinsel,Kasım,SONBAHAR,EGE
5984,2013-11-27,Erkek,Ankara,Zayıflama,Kasım,SONBAHAR,İÇ ANADOLU
5985,2013-11-27,Bayan,Balıkesir,Zayıflama,Kasım,SONBAHAR,MARMARA
5986,2013-11-27,Erkek,Iğdır,DİĞER,Kasım,SONBAHAR,DOĞU ANADOLU
5987,2013-11-27,Erkek,İstanbul,DİĞER,Kasım,SONBAHAR,MARMARA
5988,2013-11-27,Bayan,İzmir,Zayıflama,Kasım,SONBAHAR,EGE
5989,2013-11-27,Erkek,Konya,Bakım,Kasım,SONBAHAR,İÇ ANADOLU
5990,2013-11-27,Bayan,İstanbul,Bakım,Kasım,SONBAHAR,MARMARA
5991,2013-11-27,Bayan,İstanbul,Zayıflama,Kasım,SONBAHAR,MARMARA
5992,2013-11-27,Bayan,Ağrı,Zayıflama,Kasım,SONBAHAR,DOĞU ANADOLU
5993,2013-11-27,Bayan,İstanbul,Zayıflama,Kasım,SONBAHAR,MARMARA
5994,2013-11-28,Erkek,Elazığ,Cinsel,Kasım,SONBAHAR,DOĞU ANADOLU
5995,2013-11-28,Erkek,Amasya,Cinsel,Kasım,SONBAHAR,KARADENİZ
5996,2013-11-28,Erkek,Antalya,Ağrılar,Kasım,SONBAHAR,AKDENİZ
5997,2013-11-28,Erkek,Samsun,Ağrılar,Kasım,SONBAHAR,KARADENİZ
5998,2013-11-28,Erkek,İstanbul,Zayıflama,Kasım,SONBAHAR,MARMARA
5999,2013-11-28,Bayan,Mardin,Zayıflama,Kasım,SONBAHAR,GÜNEYDOĞU
6000,2013-11-28,Erkek,Batman,Bakım,Kasım,SONBAHAR,GÜNEYDOĞU
6001,2013-11-28,Erkek,Antalya,Zayıflama,Kasım,SONBAHAR,AKDENİZ
6002,2013-11-28,Bayan,İstanbul,Zayıflama,Kasım,SONBAHAR,MARMARA
6003,2013-11-28,Bayan,Bursa,Güzellik,Kasım,SONBAHAR,MARMARA
6004,2013-11-28,Erkek,İstanbul,Cinsel,Kasım,SONBAHAR,MARMARA
6005,2013-11-28,Erkek,Ordu,Bakım,Kasım,SONBAHAR,KARADENİZ
6006,2013-11-28,Erkek,Şanlıurfa,Bakım,Kasım,SONBAHAR,GÜNEYDOĞU
6007,2013-11-28,Erkek,İstanbul,Zayıflama,Kasım,SONBAHAR,MARMARA
6008,2013-11-28,Bayan,Muş,Zayıflama,Kasım,SONBAHAR,DOĞU ANADOLU
6009,2013-11-28,Erkek,Adana,Zayıflama,Kasım,SONBAHAR,AKDENİZ
6010,2013-11-28,Erkek,İzmir,Zayıflama,Kasım,SONBAHAR,EGE
6011,2013-11-29,Erkek,Gaziantep,Cinsel,Kasım,SONBAHAR,GÜNEYDOĞU
6012,2013-11-29,Erkek,Hatay,Cinsel,Kasım,SONBAHAR,AKDENİZ
6013,2013-11-29,Erkek,Muş,Cinsel,Kasım,SONBAHAR,DOĞU ANADOLU
6014,2013-11-29,Bayan,Kocaeli,DİĞER,Kasım,SONBAHAR,MARMARA
6015,2013-11-29,Bayan,Hakkari,DİĞER,Kasım,SONBAHAR,DOĞU ANADOLU
6016,2013-11-29,Erkek,Afyon,DİĞER,Kasım,SONBAHAR,EGE
6017,2013-11-29,Erkek,Konya,Bakım,Kasım,SONBAHAR,İÇ ANADOLU
6018,2013-11-29,Erkek,İstanbul,DİĞER,Kasım,SONBAHAR,MARMARA
6019,2013-11-29,Bayan,İstanbul,Zayıflama,Kasım,SONBAHAR,MARMARA
6020,2013-11-29,Erkek,İstanbul,Zayıflama,Kasım,SONBAHAR,MARMARA
6021,2013-11-29,Bayan,Ankara,Saç,Kasım,SONBAHAR,İÇ ANADOLU
6022,2013-11-29,Erkek,Kocaeli,Cinsel,Kasım,SONBAHAR,MARMARA
6023,2013-11-29,Erkek,İstanbul,Zayıflama,Kasım,SONBAHAR,MARMARA
6024,2013-11-29,Erkek,İzmir,Cinsel,Kasım,SONBAHAR,EGE
6025,2013-11-29,Bayan,İstanbul,Zayıflama,Kasım,SONBAHAR,MARMARA
6026,2013-11-29,Bayan,Antalya,Bakım,Kasım,SONBAHAR,AKDENİZ
6027,2013-11-30,Bayan,İstanbul,Bakım,Kasım,SONBAHAR,MARMARA
6028,2013-11-30,Erkek,Tokat,Saç,Kasım,SONBAHAR,KARADENİZ
6029,2013-11-30,Bayan,İzmir,Zayıflama,Kasım,SONBAHAR,EGE
6030,2013-11-30,Bayan,Kocaeli,DİĞER,Kasım,SONBAHAR,MARMARA
6031,2013-11-30,Bayan,İstanbul,Zayıflama,Kasım,SONBAHAR,MARMARA
6032,2013-11-30,Erkek,Hakkari,Güzellik,Kasım,SONBAHAR,DOĞU ANADOLU
6033,2013-12-02,Erkek,Antalya,Saç,Aralık,KIŞ,AKDENİZ
6034,2013-12-02,Erkek,İstanbul,DİĞER,Aralık,KIŞ,MARMARA
6035,2013-12-02,Bayan,Ankara,Ağrılar,Aralık,KIŞ,İÇ ANADOLU
6036,2013-12-02,Erkek,Ordu,DİĞER,Aralık,KIŞ,KARADENİZ
6037,2013-12-02,Erkek,Kocaeli,Zayıflama,Aralık,KIŞ,MARMARA
6038,2013-12-02,Bayan,Bartın,Zayıflama,Aralık,KIŞ,KARADENİZ
6039,2013-12-02,Bayan,Kahramanmaraş,Zayıflama,Aralık,KIŞ,AKDENİZ
6040,2013-12-02,Erkek,Erzurum,Bakım,Aralık,KIŞ,DOĞU ANADOLU
6041,2013-12-02,Bayan,Balıkesir,Bakım,Aralık,KIŞ,MARMARA
6042,2013-12-02,Bayan,İstanbul,DİĞER,Aralık,KIŞ,MARMARA
6043,2013-12-02,Erkek,Ankara,Zayıflama,Aralık,KIŞ,İÇ ANADOLU
6044,2013-12-02,Erkek,Trabzon,DİĞER,Aralık,KIŞ,KARADENİZ
6045,2013-12-02,Erkek,Muş,Saç,Aralık,KIŞ,DOĞU ANADOLU
6046,2013-12-02,Erkek,Gaziantep,Zayıflama,Aralık,KIŞ,GÜNEYDOĞU
6047,2013-12-03,Erkek,Bartın,Zayıflama,Aralık,KIŞ,KARADENİZ
6048,2013-12-03,Bayan,Kocaeli,Zayıflama,Aralık,KIŞ,MARMARA
6049,2013-12-03,Bayan,Manisa,Bakım,Aralık,KIŞ,EGE
6050,2013-12-03,Erkek,Aksaray,Bakım,Aralık,KIŞ,İÇ ANADOLU
6051,2013-12-04,Erkek,İstanbul,Cinsel,Aralık,KIŞ,MARMARA
6052,2013-12-04,Erkek,İstanbul,Cinsel,Aralık,KIŞ,MARMARA
6053,2013-12-04,Erkek,İstanbul,Cinsel,Aralık,KIŞ,MARMARA
6054,2013-12-04,Erkek,Antalya,Zayıflama,Aralık,KIŞ,AKDENİZ
6055,2013-12-04,Bayan,Kocaeli,Zayıflama,Aralık,KIŞ,MARMARA
6056,2013-12-04,Erkek,Hatay,Saç,Aralık,KIŞ,AKDENİZ
6057,2013-12-04,Erkek,Iğdır,DİĞER,Aralık,KIŞ,DOĞU ANADOLU
6058,2013-12-04,Erkek,Bolu,Zayıflama,Aralık,KIŞ,KARADENİZ
6059,2013-12-04,Erkek,İstanbul,Bakım,Aralık,KIŞ,MARMARA
6060,2013-12-04,Erkek,Bursa,Bakım,Aralık,KIŞ,MARMARA
6061,2013-12-04,Bayan,İstanbul,Zayıflama,Aralık,KIŞ,MARMARA
6062,2013-12-04,Erkek,İstanbul,Zayıflama,Aralık,KIŞ,MARMARA
6063,2013-12-04,Erkek,Bingöl,Zayıflama,Aralık,KIŞ,DOĞU ANADOLU
6064,2013-12-04,Bayan,İstanbul,Zayıflama,Aralık,KIŞ,MARMARA
6065,2013-12-04,Erkek,İstanbul,Zayıflama,Aralık,KIŞ,MARMARA
6066,2013-12-05,Bayan,İstanbul,Bakım,Aralık,KIŞ,MARMARA
6067,2013-12-05,Bayan,İstanbul,Zayıflama,Aralık,KIŞ,MARMARA
6068,2013-12-05,Erkek,Zonguldak,Saç,Aralık,KIŞ,KARADENİZ
6069,2013-12-05,Bayan,İzmir,Zayıflama,Aralık,KIŞ,EGE
6070,2013-12-05,Erkek,Ankara,DİĞER,Aralık,KIŞ,İÇ ANADOLU
6071,2013-12-05,Bayan,İstanbul,DİĞER,Aralık,KIŞ,MARMARA
6072,2013-12-05,Bayan,İstanbul,Zayıflama,Aralık,KIŞ,MARMARA
6073,2013-12-05,Bayan,Gaziantep,DİĞER,Aralık,KIŞ,GÜNEYDOĞU
6074,2013-12-05,Bayan,İstanbul,Zayıflama,Aralık,KIŞ,MARMARA
6075,2013-12-05,Erkek,Bursa,Zayıflama,Aralık,KIŞ,MARMARA
6076,2013-12-05,Erkek,Kocaeli,Zayıflama,Aralık,KIŞ,MARMARA
6077,2013-12-05,Erkek,İstanbul,Saç,Aralık,KIŞ,MARMARA
6078,2013-12-05,Erkek,Batman,DİĞER,Aralık,KIŞ,GÜNEYDOĞU
6079,2013-12-05,Erkek,Ankara,Bakım,Aralık,KIŞ,İÇ ANADOLU
6080,2013-12-05,Bayan,Konya,DİĞER,Aralık,KIŞ,İÇ ANADOLU
6081,2013-12-05,Erkek,İstanbul,Cinsel,Aralık,KIŞ,MARMARA
6082,2013-12-05,Erkek,Gaziantep,Zayıflama,Aralık,KIŞ,GÜNEYDOĞU
6083,2013-12-05,Bayan,Malatya,Zayıflama,Aralık,KIŞ,DOĞU ANADOLU
6084,2013-12-06,Erkek,Ankara,Cinsel,Aralık,KIŞ,İÇ ANADOLU
6085,2013-12-06,Bayan,Kocaeli,Zayıflama,Aralık,KIŞ,MARMARA
6086,2013-12-06,Bayan,Aydın,Zayıflama,Aralık,KIŞ,EGE
6087,2013-12-06,Erkek,İstanbul,Zayıflama,Aralık,KIŞ,MARMARA
6088,2013-12-06,Erkek,Gaziantep,DİĞER,Aralık,KIŞ,GÜNEYDOĞU
6089,2013-12-06,Bayan,Aydın,Zayıflama,Aralık,KIŞ,EGE
6090,2013-12-06,Bayan,İstanbul,Zayıflama,Aralık,KIŞ,MARMARA
6091,2013-12-06,Bayan,Zonguldak,Zayıflama,Aralık,KIŞ,KARADENİZ
6092,2013-12-07,Erkek,Eskişehir,Cinsel,Aralık,KIŞ,İÇ ANADOLU
6093,2013-12-07,Erkek,Ankara,Zayıflama,Aralık,KIŞ,İÇ ANADOLU
6094,2013-12-07,Bayan,İzmir,Zayıflama,Aralık,KIŞ,EGE
6095,2013-12-07,Bayan,Ankara,Zayıflama,Aralık,KIŞ,İÇ ANADOLU
6096,2013-12-07,Erkek,İstanbul,Zayıflama,Aralık,KIŞ,MARMARA
6097,2013-12-07,Bayan,Bursa,Zayıflama,Aralık,KIŞ,MARMARA
6098,2013-12-09,Erkek,Karaman,Cinsel,Aralık,KIŞ,İÇ ANADOLU
6099,2013-12-09,Erkek,Tekirdağ,Cinsel,Aralık,KIŞ,MARMARA
6100,2013-12-09,Erkek,Kahramanmaraş,Cinsel,Aralık,KIŞ,AKDENİZ
6101,2013-12-09,Erkek,Denizli,Cinsel,Aralık,KIŞ,EGE
6102,2013-12-09,Erkek,Muş,DİĞER,Aralık,KIŞ,DOĞU ANADOLU
6103,2013-12-09,Erkek,Bursa,DİĞER,Aralık,KIŞ,MARMARA
6104,2013-12-09,Erkek,İstanbul,Bakım,Aralık,KIŞ,MARMARA
6105,2013-12-09,Erkek,Bursa,Bakım,Aralık,KIŞ,MARMARA
6106,2013-12-09,Erkek,İstanbul,Bakım,Aralık,KIŞ,MARMARA
6107,2013-12-09,Erkek,İzmir,Saç,Aralık,KIŞ,EGE
6108,2013-12-09,Erkek,Çanakkale,Saç,Aralık,KIŞ,MARMARA
6109,2013-12-09,Erkek,Mersin,Saç,Aralık,KIŞ,AKDENİZ
6110,2013-12-09,Erkek,İzmir,Saç,Aralık,KIŞ,EGE
6111,2013-12-09,Bayan,İstanbul,DİĞER,Aralık,KIŞ,MARMARA
6112,2013-12-09,Erkek,İstanbul,DİĞER,Aralık,KIŞ,MARMARA
6113,2013-12-09,Erkek,İstanbul,Zayıflama,Aralık,KIŞ,MARMARA
6114,2013-12-09,Bayan,Ankara,Zayıflama,Aralık,KIŞ,İÇ ANADOLU
6115,2013-12-09,Bayan,Ankara,Zayıflama,Aralık,KIŞ,İÇ ANADOLU
6116,2013-12-09,Erkek,Bitlis,Zayıflama,Aralık,KIŞ,DOĞU ANADOLU
6117,2013-12-09,Bayan,Samsun,Zayıflama,Aralık,KIŞ,KARADENİZ
6118,2013-12-09,Bayan,Denizli,Zayıflama,Aralık,KIŞ,EGE
6119,2013-12-09,Erkek,Hatay,Zayıflama,Aralık,KIŞ,AKDENİZ
6120,2013-12-09,Erkek,Ankara,Zayıflama,Aralık,KIŞ,İÇ ANADOLU
6121,2013-12-09,Bayan,Tekirdağ,Zayıflama,Aralık,KIŞ,MARMARA
6122,2013-12-10,Erkek,Düzce,DİĞER,Aralık,KIŞ,KARADENİZ
6123,2013-12-10,Bayan,Ankara,DİĞER,Aralık,KIŞ,İÇ ANADOLU
6124,2013-12-10,Erkek,İstanbul,Cinsel,Aralık,KIŞ,MARMARA
6125,2013-12-10,Erkek,Balıkesir,Bakım,Aralık,KIŞ,MARMARA
6126,2013-12-10,Bayan,Afyon,Zayıflama,Aralık,KIŞ,EGE
6127,2013-12-10,Bayan,Erzurum,Zayıflama,Aralık,KIŞ,DOĞU ANADOLU
6128,2013-12-10,Bayan,Erzurum,Zayıflama,Aralık,KIŞ,DOĞU ANADOLU
6129,2013-12-10,Bayan,İstanbul,Zayıflama,Aralık,KIŞ,MARMARA
6130,2013-12-10,Bayan,Konya,Zayıflama,Aralık,KIŞ,İÇ ANADOLU
6131,2013-12-10,Bayan,İstanbul,Zayıflama,Aralık,KIŞ,MARMARA
6132,2013-12-10,Erkek,İstanbul,Cinsel,Aralık,KIŞ,MARMARA
6133,2013-12-11,Erkek,Konya,Zayıflama,Aralık,KIŞ,İÇ ANADOLU
6134,2013-12-11,Erkek,Kocaeli,DİĞER,Aralık,KIŞ,MARMARA
6135,2013-12-11,Erkek,Kırıkkale,DİĞER,Aralık,KIŞ,İÇ ANADOLU
6136,2013-12-11,Erkek,İstanbul,Bakım,Aralık,KIŞ,MARMARA
6137,2013-12-11,Erkek,Antalya,Bakım,Aralık,KIŞ,AKDENİZ
6138,2013-12-11,Erkek,Bursa,Zayıflama,Aralık,KIŞ,MARMARA
6139,2013-12-11,Erkek,İstanbul,Zayıflama,Aralık,KIŞ,MARMARA
6140,2013-12-11,Erkek,Kırıkkale,Zayıflama,Aralık,KIŞ,İÇ ANADOLU
6141,2013-12-11,Erkek,Muş,Saç,Aralık,KIŞ,DOĞU ANADOLU
6142,2013-12-11,Erkek,Şanlıurfa,Zayıflama,Aralık,KIŞ,GÜNEYDOĞU
6143,2013-12-11,Erkek,Bursa,Zayıflama,Aralık,KIŞ,MARMARA
6144,2013-12-11,Bayan,İstanbul,Zayıflama,Aralık,KIŞ,MARMARA
6145,2013-12-11,Bayan,İzmir,Zayıflama,Aralık,KIŞ,EGE
6146,2013-12-11,Bayan,Denizli,Zayıflama,Aralık,KIŞ,EGE
6147,2013-12-12,Erkek,Konya,Cinsel,Aralık,KIŞ,İÇ ANADOLU
6148,2013-12-12,Erkek,İstanbul,Cinsel,Aralık,KIŞ,MARMARA
6149,2013-12-12,Erkek,İstanbul,Cinsel,Aralık,KIŞ,MARMARA
6150,2013-12-12,Bayan,Ankara,Zayıflama,Aralık,KIŞ,İÇ ANADOLU
6151,2013-12-12,Erkek,Karabük,DİĞER,Aralık,KIŞ,KARADENİZ
6152,2013-12-12,Erkek,İstanbul,Cinsel,Aralık,KIŞ,MARMARA
6153,2013-12-12,Bayan,Konya,Zayıflama,Aralık,KIŞ,İÇ ANADOLU
6154,2013-12-12,Erkek,İstanbul,Bakım,Aralık,KIŞ,MARMARA
6155,2013-12-12,Bayan,İstanbul,Zayıflama,Aralık,KIŞ,MARMARA
6156,2013-12-12,Erkek,Samsun,Cinsel,Aralık,KIŞ,KARADENİZ
6157,2013-12-12,Bayan,Eskişehir,Zayıflama,Aralık,KIŞ,İÇ ANADOLU
6158,2013-12-12,Bayan,Kayseri,Zayıflama,Aralık,KIŞ,İÇ ANADOLU
6159,2013-12-13,Erkek,Uşak,Saç,Aralık,KIŞ,EGE
6160,2013-12-13,Erkek,İstanbul,Saç,Aralık,KIŞ,MARMARA
6161,2013-12-13,Erkek,Konya,Saç,Aralık,KIŞ,İÇ ANADOLU
6162,2013-12-13,Erkek,Muğla,Zayıflama,Aralık,KIŞ,EGE
6163,2013-12-13,Erkek,Manisa,DİĞER,Aralık,KIŞ,EGE
6164,2013-12-13,Bayan,İstanbul,DİĞER,Aralık,KIŞ,MARMARA
6165,2013-12-13,Erkek,Kayseri,Bakım,Aralık,KIŞ,İÇ ANADOLU
6166,2013-12-13,Erkek,Kocaeli,Bakım,Aralık,KIŞ,MARMARA
6167,2013-12-13,Bayan,Çanakkale,Zayıflama,Aralık,KIŞ,MARMARA
6168,2013-12-13,Bayan,İstanbul,DİĞER,Aralık,KIŞ,MARMARA
6169,2013-12-13,Erkek,Ankara,DİĞER,Aralık,KIŞ,İÇ ANADOLU
6170,2013-12-13,Erkek,İstanbul,Cinsel,Aralık,KIŞ,MARMARA
6171,2013-12-13,Erkek,İstanbul,Zayıflama,Aralık,KIŞ,MARMARA
6172,2013-12-14,Bayan,Samsun,Zayıflama,Aralık,KIŞ,KARADENİZ
6173,2013-12-14,Bayan,Bursa,Bakım,Aralık,KIŞ,MARMARA
6174,2013-12-14,Bayan,İstanbul,Zayıflama,Aralık,KIŞ,MARMARA
6175,2013-12-14,Erkek,İçel,Cinsel,Aralık,KIŞ,AKDENİZ
6176,2013-12-14,Erkek,İstanbul,Zayıflama,Aralık,KIŞ,MARMARA
6177,2013-12-14,Erkek,Mersin,DİĞER,Aralık,KIŞ,AKDENİZ
6178,2013-12-16,Erkek,İstanbul,Cinsel,Aralık,KIŞ,MARMARA
6179,2013-12-16,Erkek,Aksaray,Cinsel,Aralık,KIŞ,İÇ ANADOLU
6180,2013-12-16,Erkek,Hatay,Cinsel,Aralık,KIŞ,AKDENİZ
6181,2013-12-16,Erkek,İstanbul,DİĞER,Aralık,KIŞ,MARMARA
6182,2013-12-16,Erkek,İstanbul,Bakım,Aralık,KIŞ,MARMARA
6183,2013-12-16,Erkek,İstanbul,Bakım,Aralık,KIŞ,MARMARA
6184,2013-12-16,Erkek,İstanbul,Bakım,Aralık,KIŞ,MARMARA
6185,2013-12-16,Bayan,Aksaray,DİĞER,Aralık,KIŞ,İÇ ANADOLU
6186,2013-12-16,Bayan,İstanbul,DİĞER,Aralık,KIŞ,MARMARA
6187,2013-12-16,Erkek,Antalya,DİĞER,Aralık,KIŞ,AKDENİZ
6188,2013-12-16,Bayan,Bursa,DİĞER,Aralık,KIŞ,MARMARA
6189,2013-12-16,Erkek,Kayseri,DİĞER,Aralık,KIŞ,İÇ ANADOLU
6190,2013-12-16,Erkek,İstanbul,Zayıflama,Aralık,KIŞ,MARMARA
6191,2013-12-16,Erkek,İstanbul,Saç,Aralık,KIŞ,MARMARA
6192,2013-12-16,Bayan,Ankara,Zayıflama,Aralık,KIŞ,İÇ ANADOLU
6193,2013-12-16,Bayan,Manisa,Zayıflama,Aralık,KIŞ,EGE
6194,2013-12-16,Erkek,Adıyaman,Zayıflama,Aralık,KIŞ,GÜNEYDOĞU
6195,2013-12-16,Bayan,İstanbul,Zayıflama,Aralık,KIŞ,MARMARA
6196,2013-12-16,Bayan,İstanbul,Zayıflama,Aralık,KIŞ,MARMARA
6197,2013-12-16,Bayan,İzmir,Zayıflama,Aralık,KIŞ,EGE
6198,2013-12-16,Bayan,İstanbul,Zayıflama,Aralık,KIŞ,MARMARA
6199,2013-12-16,Bayan,İstanbul,Zayıflama,Aralık,KIŞ,MARMARA
6200,2013-12-16,Erkek,Yozgat,DİĞER,Aralık,KIŞ,İÇ ANADOLU
6201,2013-12-17,Erkek,Ağrı,Saç,Aralık,KIŞ,DOĞU ANADOLU
6202,2013-12-17,Erkek,İstanbul,Saç,Aralık,KIŞ,MARMARA
6203,2013-12-17,Erkek,İstanbul,Bakım,Aralık,KIŞ,MARMARA
6204,2013-12-17,Bayan,İstanbul,Zayıflama,Aralık,KIŞ,MARMARA
6205,2013-12-17,Erkek,Denizli,Zayıflama,Aralık,KIŞ,EGE
6206,2013-12-17,Erkek,Kırıkkale,Cinsel,Aralık,KIŞ,İÇ ANADOLU
6207,2013-12-17,Erkek,Amasya,Cinsel,Aralık,KIŞ,KARADENİZ
6208,2013-12-17,Erkek,Erzurum,Cinsel,Aralık,KIŞ,DOĞU ANADOLU
6209,2013-12-17,Erkek,Erzincan,Zayıflama,Aralık,KIŞ,DOĞU ANADOLU
6210,2013-12-17,Erkek,İstanbul,Cinsel,Aralık,KIŞ,MARMARA
6211,2013-12-18,Erkek,İstanbul,Güzellik,Aralık,KIŞ,MARMARA
6212,2013-12-18,Bayan,İstanbul,Güzellik,Aralık,KIŞ,MARMARA
6213,2013-12-18,Bayan,İstanbul,Güzellik,Aralık,KIŞ,MARMARA
6214,2013-12-18,Erkek,Manisa,Güzellik,Aralık,KIŞ,EGE
6215,2013-12-18,Erkek,İstanbul,Güzellik,Aralık,KIŞ,MARMARA
6216,2013-12-18,Erkek,Bursa,Cinsel,Aralık,KIŞ,MARMARA
6217,2013-12-18,Erkek,İstanbul,Cinsel,Aralık,KIŞ,MARMARA
6218,2013-12-18,Erkek,Tekirdağ,Cinsel,Aralık,KIŞ,MARMARA
6219,2013-12-18,Erkek,İstanbul,Cinsel,Aralık,KIŞ,MARMARA
6220,2013-12-18,Erkek,Isparta,DİĞER,Aralık,KIŞ,AKDENİZ
6221,2013-12-18,Erkek,İstanbul,DİĞER,Aralık,KIŞ,MARMARA
6222,2013-12-18,Bayan,İstanbul,Bakım,Aralık,KIŞ,MARMARA
6223,2013-12-18,Erkek,İstanbul,Bakım,Aralık,KIŞ,MARMARA
6224,2013-12-18,Bayan,Bitlis,Sağlık,Aralık,KIŞ,DOĞU ANADOLU
6225,2013-12-18,Bayan,İstanbul,Sağlık,Aralık,KIŞ,MARMARA
6226,2013-12-18,Erkek,Ankara,Sağlık,Aralık,KIŞ,İÇ ANADOLU
6227,2013-12-18,Erkek,İstanbul,Sağlık,Aralık,KIŞ,MARMARA
6228,2013-12-18,Erkek,Konya,Sağlık,Aralık,KIŞ,İÇ ANADOLU
6229,2013-12-18,Erkek,Iğdır,Sağlık,Aralık,KIŞ,DOĞU ANADOLU
6230,2013-12-18,Erkek,Kocaeli,Sağlık,Aralık,KIŞ,MARMARA
6231,2013-12-18,Erkek,Kocaeli,Sağlık,Aralık,KIŞ,MARMARA
6232,2013-12-18,Erkek,Samsun,Zayıflama,Aralık,KIŞ,KARADENİZ
6233,2013-12-18,Erkek,Muş,DİĞER,Aralık,KIŞ,DOĞU ANADOLU
6234,2013-12-18,Erkek,Aksaray,Cinsel,Aralık,KIŞ,İÇ ANADOLU
6235,2013-12-18,Erkek,Gaziantep,Cinsel,Aralık,KIŞ,GÜNEYDOĞU
6236,2013-12-18,Erkek,Sivas,Saç,Aralık,KIŞ,İÇ ANADOLU
6237,2013-12-18,Erkek,Ankara,Saç,Aralık,KIŞ,İÇ ANADOLU
6238,2013-12-18,Erkek,İzmir,Saç,Aralık,KIŞ,EGE
6239,2013-12-18,Erkek,Aydın,Güzellik,Aralık,KIŞ,EGE
6240,2013-12-18,Erkek,İstanbul,Sağlık,Aralık,KIŞ,MARMARA
6241,2013-12-19,Erkek,İstanbul,DİĞER,Aralık,KIŞ,MARMARA
6242,2013-12-19,Erkek,Samsun,Bakım,Aralık,KIŞ,KARADENİZ
6243,2013-12-19,Erkek,Ankara,DİĞER,Aralık,KIŞ,İÇ ANADOLU
6244,2013-12-19,Bayan,Ankara,Bakım,Aralık,KIŞ,İÇ ANADOLU
6245,2013-12-19,Erkek,Adana,DİĞER,Aralık,KIŞ,AKDENİZ
6246,2013-12-19,Erkek,İstanbul,Cinsel,Aralık,KIŞ,MARMARA
6247,2013-12-19,Bayan,Ankara,Cinsel,Aralık,KIŞ,İÇ ANADOLU
6248,2013-12-19,Erkek,Ankara,DİĞER,Aralık,KIŞ,İÇ ANADOLU
6249,2013-12-19,Erkek,İstanbul,Cinsel,Aralık,KIŞ,MARMARA
6250,2013-12-19,Bayan,İstanbul,Zayıflama,Aralık,KIŞ,MARMARA
6251,2013-12-19,Erkek,Şanlıurfa,Bakım,Aralık,KIŞ,GÜNEYDOĞU
6252,2013-12-19,Bayan,İstanbul,Zayıflama,Aralık,KIŞ,MARMARA
6253,2013-12-19,Erkek,Bingöl,Zayıflama,Aralık,KIŞ,DOĞU ANADOLU
6254,2013-12-19,Erkek,Muğla,Zayıflama,Aralık,KIŞ,EGE
6255,2013-12-19,Bayan,İstanbul,Zayıflama,Aralık,KIŞ,MARMARA
6256,2013-12-19,Bayan,Bursa,Zayıflama,Aralık,KIŞ,MARMARA
6257,2013-12-20,Erkek,Giresun,DİĞER,Aralık,KIŞ,KARADENİZ
6258,2013-12-20,Bayan,Mersin,DİĞER,Aralık,KIŞ,AKDENİZ
6259,2013-12-20,Erkek,Kastamonu,Bakım,Aralık,KIŞ,KARADENİZ
6260,2013-12-20,Erkek,Kırıkkale,Bakım,Aralık,KIŞ,İÇ ANADOLU
6261,2013-12-20,Erkek,Kayseri,Saç,Aralık,KIŞ,İÇ ANADOLU
6262,2013-12-20,Erkek,Şanlıurfa,Saç,Aralık,KIŞ,GÜNEYDOĞU
6263,2013-12-20,Erkek,Hatay,Saç,Aralık,KIŞ,AKDENİZ
6264,2013-12-20,Erkek,Çorum,Saç,Aralık,KIŞ,KARADENİZ
6265,2013-12-20,Erkek,Konya,Saç,Aralık,KIŞ,İÇ ANADOLU
6266,2013-12-20,Erkek,Ankara,Bakım,Aralık,KIŞ,İÇ ANADOLU
6267,2013-12-20,Bayan,İstanbul,Zayıflama,Aralık,KIŞ,MARMARA
6268,2013-12-20,Bayan,İstanbul,Zayıflama,Aralık,KIŞ,MARMARA
6269,2013-12-20,Bayan,Ankara,Zayıflama,Aralık,KIŞ,İÇ ANADOLU
6270,2013-12-21,Erkek,İstanbul,Bakım,Aralık,KIŞ,MARMARA
6271,2013-12-21,Erkek,Antalya,Zayıflama,Aralık,KIŞ,AKDENİZ
6272,2013-12-21,Erkek,Yalova,Saç,Aralık,KIŞ,MARMARA
6273,2013-12-23,Bayan,Bursa,Zayıflama,Aralık,KIŞ,MARMARA
6274,2013-12-23,Erkek,Diyarbakır,Zayıflama,Aralık,KIŞ,GÜNEYDOĞU
6275,2013-12-23,Bayan,Antalya,Zayıflama,Aralık,KIŞ,AKDENİZ
6276,2013-12-23,Bayan,İzmir,Zayıflama,Aralık,KIŞ,EGE
6277,2013-12-23,Bayan,Balıkesir,Bakım,Aralık,KIŞ,MARMARA
6278,2013-12-23,Erkek,Mersin,Bakım,Aralık,KIŞ,AKDENİZ
6279,2013-12-23,Erkek,Zonguldak,DİĞER,Aralık,KIŞ,KARADENİZ
6280,2013-12-23,Erkek,Samsun,DİĞER,Aralık,KIŞ,KARADENİZ
6281,2013-12-23,Erkek,İstanbul,DİĞER,Aralık,KIŞ,MARMARA
6282,2013-12-23,Erkek,Balıkesir,DİĞER,Aralık,KIŞ,MARMARA
6283,2013-12-23,Erkek,Zonguldak,DİĞER,Aralık,KIŞ,KARADENİZ
6284,2013-12-23,Bayan,Ankara,Bakım,Aralık,KIŞ,İÇ ANADOLU
6285,2013-12-23,Bayan,İstanbul,Bakım,Aralık,KIŞ,MARMARA
6286,2013-12-23,Erkek,Kahramanmaraş,Saç,Aralık,KIŞ,AKDENİZ
6287,2013-12-23,Erkek,Samsun,Saç,Aralık,KIŞ,KARADENİZ
6288,2013-12-23,Erkek,Rize,Saç,Aralık,KIŞ,KARADENİZ
6289,2013-12-23,Erkek,Tokat,Bakım,Aralık,KIŞ,KARADENİZ
6290,2013-12-23,Erkek,Kütahya,Sağlık,Aralık,KIŞ,EGE
6291,2013-12-23,Erkek,Eskişehir,Sağlık,Aralık,KIŞ,İÇ ANADOLU
6292,2013-12-23,Bayan,İstanbul,Zayıflama,Aralık,KIŞ,MARMARA
6293,2013-12-24,Bayan,İstanbul,DİĞER,Aralık,KIŞ,MARMARA
6294,2013-12-24,Bayan,Van,DİĞER,Aralık,KIŞ,DOĞU ANADOLU
6295,2013-12-24,Erkek,İstanbul,Saç,Aralık,KIŞ,MARMARA
6296,2013-12-24,Erkek,İstanbul,Saç,Aralık,KIŞ,MARMARA
6297,2013-12-24,Erkek,İstanbul,Saç,Aralık,KIŞ,MARMARA
6298,2013-12-24,Bayan,Çanakkale,Zayıflama,Aralık,KIŞ,MARMARA
6299,2013-12-24,Bayan,Ankara,Zayıflama,Aralık,KIŞ,İÇ ANADOLU
6300,2013-12-24,Erkek,Sivas,Zayıflama,Aralık,KIŞ,İÇ ANADOLU
6301,2013-12-24,Bayan,İstanbul,Zayıflama,Aralık,KIŞ,MARMARA
6302,2013-12-24,Bayan,Eskişehir,Zayıflama,Aralık,KIŞ,İÇ ANADOLU
6303,2013-12-24,Bayan,Manisa,Zayıflama,Aralık,KIŞ,EGE
6304,2013-12-24,Erkek,Antalya,Zayıflama,Aralık,KIŞ,AKDENİZ
6305,2013-12-24,Erkek,Muş,DİĞER,Aralık,KIŞ,DOĞU ANADOLU
6306,2013-12-24,Bayan,Muş,Zayıflama,Aralık,KIŞ,DOĞU ANADOLU
6307,2013-12-25,Erkek,Malatya,Cinsel,Aralık,KIŞ,DOĞU ANADOLU
6308,2013-12-25,Erkek,Hatay,Bakım,Aralık,KIŞ,AKDENİZ
6309,2013-12-25,Erkek,Van,Bakım,Aralık,KIŞ,DOĞU ANADOLU
6310,2013-12-25,Erkek,Konya,DİĞER,Aralık,KIŞ,İÇ ANADOLU
6311,2013-12-25,Bayan,Ankara,DİĞER,Aralık,KIŞ,İÇ ANADOLU
6312,2013-12-25,Bayan,Denizli,DİĞER,Aralık,KIŞ,EGE
6313,2013-12-25,Erkek,İstanbul,Cinsel,Aralık,KIŞ,MARMARA
6314,2013-12-25,Bayan,Antalya,Cinsel,Aralık,KIŞ,AKDENİZ
6315,2013-12-25,Erkek,Samsun,Cinsel,Aralık,KIŞ,KARADENİZ
6316,2013-12-25,Erkek,Sinop,Cinsel,Aralık,KIŞ,KARADENİZ
6317,2013-12-25,Erkek,Muğla,Cinsel,Aralık,KIŞ,EGE
6318,2013-12-25,Erkek,İstanbul,Cinsel,Aralık,KIŞ,MARMARA
6319,2013-12-25,Erkek,Kahramanmaraş,Cinsel,Aralık,KIŞ,AKDENİZ
6320,2013-12-25,Erkek,Erzurum,Saç,Aralık,KIŞ,DOĞU ANADOLU
6321,2013-12-25,Erkek,Mersin,Saç,Aralık,KIŞ,AKDENİZ
6322,2013-12-25,Erkek,Balıkesir,Saç,Aralık,KIŞ,MARMARA
6323,2013-12-25,Erkek,Hatay,Saç,Aralık,KIŞ,AKDENİZ
6324,2013-12-25,Bayan,Ankara,Zayıflama,Aralık,KIŞ,İÇ ANADOLU
6325,2013-12-25,Bayan,Manisa,Zayıflama,Aralık,KIŞ,EGE
6326,2013-12-25,Erkek,Muğla,Zayıflama,Aralık,KIŞ,EGE
6327,2013-12-25,Erkek,Karabük,DİĞER,Aralık,KIŞ,KARADENİZ
6328,2013-12-26,Erkek,Hatay,DİĞER,Aralık,KIŞ,AKDENİZ
6329,2013-12-26,Bayan,İstanbul,DİĞER,Aralık,KIŞ,MARMARA
6330,2013-12-26,Erkek,Erzincan,DİĞER,Aralık,KIŞ,DOĞU ANADOLU
6331,2013-12-26,Erkek,İstanbul,Zayıflama,Aralık,KIŞ,MARMARA
6332,2013-12-26,Erkek,Konya,Cinsel,Aralık,KIŞ,İÇ ANADOLU
6333,2013-12-26,Erkek,İstanbul,DİĞER,Aralık,KIŞ,MARMARA
6334,2013-12-26,Bayan,Gaziantep,DİĞER,Aralık,KIŞ,GÜNEYDOĞU
6335,2013-12-26,Erkek,Kırşehir,Cinsel,Aralık,KIŞ,İÇ ANADOLU
6336,2013-12-26,Bayan,Mardin,Zayıflama,Aralık,KIŞ,GÜNEYDOĞU
6337,2013-12-26,Erkek,İzmir,Sağlık,Aralık,KIŞ,EGE
6338,2013-12-26,Bayan,İstanbul,Bakım,Aralık,KIŞ,MARMARA
6339,2013-12-26,Erkek,Konya,Zayıflama,Aralık,KIŞ,İÇ ANADOLU
6340,2013-12-26,Erkek,Ankara,Zayıflama,Aralık,KIŞ,İÇ ANADOLU
6341,2013-12-26,Erkek,İstanbul,Zayıflama,Aralık,KIŞ,MARMARA
6342,2013-12-27,Erkek,Bursa,Zayıflama,Aralık,KIŞ,MARMARA
6343,2013-12-27,Bayan,Kocaeli,Zayıflama,Aralık,KIŞ,MARMARA
6344,2013-12-27,Bayan,İstanbul,DİĞER,Aralık,KIŞ,MARMARA
6345,2013-12-27,Erkek,İstanbul,DİĞER,Aralık,KIŞ,MARMARA
6346,2013-12-27,Bayan,İzmir,Saç,Aralık,KIŞ,EGE
6347,2013-12-27,Erkek,Bursa,Saç,Aralık,KIŞ,MARMARA
6348,2013-12-27,Erkek,Ankara,Saç,Aralık,KIŞ,İÇ ANADOLU
6349,2013-12-27,Erkek,Şanlıurfa,Saç,Aralık,KIŞ,GÜNEYDOĞU
6350,2013-12-27,Bayan,İstanbul,Zayıflama,Aralık,KIŞ,MARMARA
6351,2013-12-27,Erkek,Kayseri,Cinsel,Aralık,KIŞ,İÇ ANADOLU
6352,2013-12-27,Erkek,İzmir,Cinsel,Aralık,KIŞ,EGE
6353,2013-12-27,Erkek,Ağrı,Cinsel,Aralık,KIŞ,DOĞU ANADOLU
6354,2013-12-27,Erkek,Elazığ,Cinsel,Aralık,KIŞ,DOĞU ANADOLU
6355,2013-12-27,Erkek,İstanbul,DİĞER,Aralık,KIŞ,MARMARA
6356,2013-12-27,Bayan,İstanbul,Cinsel,Aralık,KIŞ,MARMARA
6357,2013-12-27,Erkek,Kırıkkale,Bakım,Aralık,KIŞ,İÇ ANADOLU
6358,2012-06-02,Erkek,İstanbul,Cinsel,Haziran,YAZ,MARMARA
6359,2012-06-02,Erkek,İstanbul,Cinsel,Haziran,YAZ,MARMARA
6360,2012-06-02,Erkek,İstanbul,Bakım,Haziran,YAZ,MARMARA
6361,2012-06-02,Bayan,Aydın,Bakım,Haziran,YAZ,EGE
6362,2012-06-02,Erkek,Adana,Zayıflama,Haziran,YAZ,AKDENİZ
6363,2012-06-02,Erkek,İstanbul,Cinsel,Haziran,YAZ,MARMARA
6364,2012-06-02,Erkek,Bitlis,Bakım,Haziran,YAZ,DOĞU ANADOLU
6365,2012-06-02,Bayan,İstanbul,Cinsel,Haziran,YAZ,MARMARA
6366,2012-06-02,Bayan,İstanbul,Zayıflama,Haziran,YAZ,MARMARA
6367,2012-06-02,Erkek,İstanbul,Sağlık,Haziran,YAZ,MARMARA
6368,2012-06-02,Bayan,Bursa,Zayıflama,Haziran,YAZ,MARMARA
6369,2012-06-02,Erkek,İstanbul,Bakım,Haziran,YAZ,MARMARA
6370,2012-06-02,Bayan,İstanbul,Zayıflama,Haziran,YAZ,MARMARA
6371,2012-06-02,Bayan,İstanbul,Bakım,Haziran,YAZ,MARMARA
6372,2012-06-02,Erkek,Kocaeli,Cinsel,Haziran,YAZ,MARMARA
6373,2012-06-02,Erkek,Ankara,Bakım,Haziran,YAZ,İÇ ANADOLU
6374,2012-06-04,Bayan,Zonguldak,Zayıflama,Haziran,YAZ,KARADENİZ
6375,2012-06-04,Erkek,Gümüşhane,Güzellik,Haziran,YAZ,KARADENİZ
6376,2012-06-04,Bayan,Konya,Bakım,Haziran,YAZ,İÇ ANADOLU
6377,2012-06-04,Erkek,İstanbul,Cinsel,Haziran,YAZ,MARMARA
6378,2012-06-04,Erkek,Bursa,Cinsel,Haziran,YAZ,MARMARA
6379,2012-06-04,Bayan,Yozgat,Bakım,Haziran,YAZ,İÇ ANADOLU
6380,2012-06-04,Erkek,İzmir,Cinsel,Haziran,YAZ,EGE
6381,2012-06-04,Erkek,Zonguldak,Zayıflama,Haziran,YAZ,KARADENİZ
6382,2012-06-04,Erkek,İzmir,Saç,Haziran,YAZ,EGE
6383,2012-06-04,Erkek,İzmir,Bakım,Haziran,YAZ,EGE
6384,2012-06-04,Erkek,Balıkesir,Bakım,Haziran,YAZ,MARMARA
6385,2012-06-04,Erkek,İstanbul,Cinsel,Haziran,YAZ,MARMARA
6386,2012-06-04,Erkek,Aydın,Bakım,Haziran,YAZ,EGE
6387,2012-06-04,Erkek,Aksaray,Saç,Haziran,YAZ,İÇ ANADOLU
6388,2012-06-04,Erkek,Kayseri,Zayıflama,Haziran,YAZ,İÇ ANADOLU
6389,2012-06-04,Erkek,Konya,Bakım,Haziran,YAZ,İÇ ANADOLU
6390,2012-06-04,Erkek,Kütahya,Cinsel,Haziran,YAZ,EGE
6391,2012-06-04,Erkek,Artvin,Cinsel,Haziran,YAZ,KARADENİZ
6392,2012-06-04,Erkek,Ankara,Zayıflama,Haziran,YAZ,İÇ ANADOLU
6393,2012-06-04,Erkek,İstanbul,DİĞER,Haziran,YAZ,MARMARA
6394,2012-06-04,Erkek,İstanbul,Sağlık,Haziran,YAZ,MARMARA
6395,2012-06-04,Erkek,Samsun,Bakım,Haziran,YAZ,KARADENİZ
6396,2012-06-04,Bayan,İstanbul,Bakım,Haziran,YAZ,MARMARA
6397,2012-06-04,Bayan,Ankara,Bakım,Haziran,YAZ,İÇ ANADOLU
6398,2012-06-04,Erkek,İstanbul,DİĞER,Haziran,YAZ,MARMARA
6399,2012-06-04,Erkek,Manisa,Zayıflama,Haziran,YAZ,EGE
6400,2012-06-04,Erkek,Mersin,Cinsel,Haziran,YAZ,AKDENİZ
6401,2012-06-04,Bayan,İstanbul,Zayıflama,Haziran,YAZ,MARMARA
6402,2012-06-04,Bayan,Ankara,Bakım,Haziran,YAZ,İÇ ANADOLU
6403,2012-06-04,Erkek,Edirne,Bakım,Haziran,YAZ,MARMARA
6404,2012-06-04,Erkek,İstanbul,Bakım,Haziran,YAZ,MARMARA
6405,2012-06-04,Bayan,İstanbul,Zayıflama,Haziran,YAZ,MARMARA
6406,2012-06-04,Erkek,Yalova,Cinsel,Haziran,YAZ,MARMARA
6407,2012-06-04,Erkek,Gaziantep,Bakım,Haziran,YAZ,GÜNEYDOĞU
6408,2012-06-05,Erkek,Ankara,Cinsel,Haziran,YAZ,İÇ ANADOLU
6409,2012-06-05,Erkek,Isparta,DİĞER,Haziran,YAZ,AKDENİZ
6410,2012-06-05,Bayan,Antalya,Güzellik,Haziran,YAZ,AKDENİZ
6411,2012-06-05,Erkek,İstanbul,Sağlık,Haziran,YAZ,MARMARA
6412,2012-06-05,Erkek,İzmir,Bakım,Haziran,YAZ,EGE
6413,2012-06-05,Erkek,Batman,Saç,Haziran,YAZ,GÜNEYDOĞU
6414,2012-06-05,Erkek,İstanbul,DİĞER,Haziran,YAZ,MARMARA
6415,2012-06-05,Erkek,İstanbul,Zayıflama,Haziran,YAZ,MARMARA
6416,2012-06-05,Bayan,İstanbul,Saç,Haziran,YAZ,MARMARA
6417,2012-06-05,Erkek,Çanakkale,Cinsel,Haziran,YAZ,MARMARA
6418,2012-06-05,Erkek,Zonguldak,Sağlık,Haziran,YAZ,KARADENİZ
6419,2012-06-05,Erkek,İzmir,Sağlık,Haziran,YAZ,EGE
6420,2012-06-05,Erkek,Konya,Zayıflama,Haziran,YAZ,İÇ ANADOLU
6421,2012-06-05,Bayan,İzmir,DİĞER,Haziran,YAZ,EGE
6422,2012-06-05,Bayan,Adana,Güzellik,Haziran,YAZ,AKDENİZ
6423,2012-06-05,Erkek,İstanbul,Bakım,Haziran,YAZ,MARMARA
6424,2012-06-05,Erkek,İstanbul,Saç,Haziran,YAZ,MARMARA
6425,2012-06-05,Erkek,Çanakkale,DİĞER,Haziran,YAZ,MARMARA
6426,2012-06-05,Bayan,Manisa,Güzellik,Haziran,YAZ,EGE
6427,2012-06-05,Bayan,Antalya,Bakım,Haziran,YAZ,AKDENİZ
6428,2012-06-05,Erkek,İstanbul,Cinsel,Haziran,YAZ,MARMARA
6429,2012-06-05,Bayan,İstanbul,Zayıflama,Haziran,YAZ,MARMARA
6430,2012-06-05,Bayan,Ankara,Zayıflama,Haziran,YAZ,İÇ ANADOLU
6431,2012-06-05,Erkek,Ankara,Bakım,Haziran,YAZ,İÇ ANADOLU
6432,2012-06-05,Erkek,Kütahya,Cinsel,Haziran,YAZ,EGE
6433,2012-06-05,Erkek,Gaziantep,Saç,Haziran,YAZ,GÜNEYDOĞU
6434,2012-06-05,Erkek,İstanbul,Cinsel,Haziran,YAZ,MARMARA
6435,2012-06-05,Erkek,Kocaeli,Zayıflama,Haziran,YAZ,MARMARA
6436,2012-06-05,Erkek,İstanbul,Cinsel,Haziran,YAZ,MARMARA
6437,2012-06-05,Erkek,Eskişehir,Bakım,Haziran,YAZ,İÇ ANADOLU
6438,2012-06-05,Erkek,İstanbul,Cinsel,Haziran,YAZ,MARMARA
6439,2012-06-05,Erkek,İzmir,Bakım,Haziran,YAZ,EGE
6440,2012-06-05,Erkek,Adana,Zayıflama,Haziran,YAZ,AKDENİZ
6441,2012-06-06,Erkek,Ankara,Cinsel,Haziran,YAZ,İÇ ANADOLU
6442,2012-06-06,Erkek,Afyon,DİĞER,Haziran,YAZ,EGE
6443,2012-06-06,Erkek,Eskişehir,Cinsel,Haziran,YAZ,İÇ ANADOLU
6444,2012-06-06,Bayan,Gaziantep,Bakım,Haziran,YAZ,GÜNEYDOĞU
6445,2012-06-06,Erkek,Antalya,Cinsel,Haziran,YAZ,AKDENİZ
6446,2012-06-06,Bayan,İstanbul,Zayıflama,Haziran,YAZ,MARMARA
6447,2012-06-06,Erkek,Samsun,Cinsel,Haziran,YAZ,KARADENİZ
6448,2012-06-06,Erkek,Ankara,Bakım,Haziran,YAZ,İÇ ANADOLU
6449,2012-06-06,Erkek,Mersin,DİĞER,Haziran,YAZ,AKDENİZ
6450,2012-06-06,Erkek,İzmir,Cinsel,Haziran,YAZ,EGE
6451,2012-06-06,Erkek,Kocaeli,Cinsel,Haziran,YAZ,MARMARA
6452,2012-06-06,Bayan,İstanbul,Bakım,Haziran,YAZ,MARMARA
6453,2012-06-06,Erkek,Kayseri,Zayıflama,Haziran,YAZ,İÇ ANADOLU
6454,2012-06-06,Bayan,İstanbul,DİĞER,Haziran,YAZ,MARMARA
6455,2012-06-06,Erkek,Kırıkkale,Bakım,Haziran,YAZ,İÇ ANADOLU
6456,2012-06-06,Erkek,Adana,Saç,Haziran,YAZ,AKDENİZ
6457,2012-06-06,Erkek,Eskişehir,Bakım,Haziran,YAZ,İÇ ANADOLU
6458,2012-06-06,Erkek,Malatya,DİĞER,Haziran,YAZ,DOĞU ANADOLU
6459,2012-06-06,Erkek,İstanbul,Saç,Haziran,YAZ,MARMARA
6460,2012-06-06,Erkek,Antalya,Bakım,Haziran,YAZ,AKDENİZ
6461,2012-06-06,Bayan,Ankara,Zayıflama,Haziran,YAZ,İÇ ANADOLU
6462,2012-06-06,Erkek,Muğla,Cinsel,Haziran,YAZ,EGE
6463,2012-06-06,Bayan,Muğla,Zayıflama,Haziran,YAZ,EGE
6464,2012-06-07,Bayan,Hatay,Zayıflama,Haziran,YAZ,AKDENİZ
6465,2012-06-07,Bayan,Aydın,Zayıflama,Haziran,YAZ,EGE
6466,2012-06-07,Erkek,Sivas,Cinsel,Haziran,YAZ,İÇ ANADOLU
6467,2012-06-07,Erkek,Denizli,Saç,Haziran,YAZ,EGE
6468,2012-06-07,Erkek,Hatay,Zayıflama,Haziran,YAZ,AKDENİZ
6469,2012-06-07,Erkek,Elazığ,Bakım,Haziran,YAZ,DOĞU ANADOLU
6470,2012-06-07,Bayan,İzmir,Bakım,Haziran,YAZ,EGE
6471,2012-06-07,Erkek,Samsun,Bakım,Haziran,YAZ,KARADENİZ
6472,2012-06-07,Erkek,Bartın,Cinsel,Haziran,YAZ,KARADENİZ
6473,2012-06-07,Bayan,Muş,Zayıflama,Haziran,YAZ,DOĞU ANADOLU
6474,2012-06-07,Bayan,Tekirdağ,Zayıflama,Haziran,YAZ,MARMARA
6475,2012-06-07,Erkek,Kocaeli,Bakım,Haziran,YAZ,MARMARA
6476,2012-06-07,Erkek,Eskişehir,Bakım,Haziran,YAZ,İÇ ANADOLU
6477,2012-06-07,Bayan,Adana,Cinsel,Haziran,YAZ,AKDENİZ
6478,2012-06-07,Erkek,Erzurum,Bakım,Haziran,YAZ,DOĞU ANADOLU
6479,2012-06-07,Erkek,Ankara,Cinsel,Haziran,YAZ,İÇ ANADOLU
6480,2012-06-07,Bayan,Gaziantep,Bakım,Haziran,YAZ,GÜNEYDOĞU
6481,2012-06-07,Erkek,Antalya,DİĞER,Haziran,YAZ,AKDENİZ
6482,2012-06-07,Bayan,Antalya,Zayıflama,Haziran,YAZ,AKDENİZ
6483,2012-06-07,Erkek,İstanbul,Saç,Haziran,YAZ,MARMARA
6484,2012-06-07,Erkek,Amasya,Cinsel,Haziran,YAZ,KARADENİZ
6485,2012-06-07,Bayan,İstanbul,DİĞER,Haziran,YAZ,MARMARA
6486,2012-06-07,Erkek,Aydın,Zayıflama,Haziran,YAZ,EGE
6487,2012-06-07,Bayan,Mersin,Zayıflama,Haziran,YAZ,AKDENİZ
6488,2012-06-07,Erkek,İstanbul,Zayıflama,Haziran,YAZ,MARMARA
6489,2012-06-07,Erkek,İstanbul,Cinsel,Haziran,YAZ,MARMARA
6490,2012-06-07,Erkek,İstanbul,Bakım,Haziran,YAZ,MARMARA
6491,2012-06-07,Erkek,Muş,Bakım,Haziran,YAZ,DOĞU ANADOLU
6492,2012-06-07,Erkek,Aydın,Bakım,Haziran,YAZ,EGE
6493,2012-06-07,Erkek,Aydın,Zayıflama,Haziran,YAZ,EGE
6494,2012-06-07,Bayan,Ordu,Güzellik,Haziran,YAZ,KARADENİZ
6495,2012-06-08,Bayan,Muş,Güzellik,Haziran,YAZ,DOĞU ANADOLU
6496,2012-06-08,Bayan,Niğde,Cinsel,Haziran,YAZ,İÇ ANADOLU
6497,2012-06-08,Erkek,İstanbul,Zayıflama,Haziran,YAZ,MARMARA
6498,2012-06-08,Erkek,Tokat,Zayıflama,Haziran,YAZ,KARADENİZ
6499,2012-06-08,Erkek,Konya,Cinsel,Haziran,YAZ,İÇ ANADOLU
6500,2012-06-08,Erkek,Kocaeli,Zayıflama,Haziran,YAZ,MARMARA
6501,2012-06-08,Erkek,Muş,Cinsel,Haziran,YAZ,DOĞU ANADOLU
6502,2012-06-08,Erkek,Konya,Bakım,Haziran,YAZ,İÇ ANADOLU
6503,2012-06-08,Erkek,Çanakkale,Cinsel,Haziran,YAZ,MARMARA
6504,2012-06-08,Erkek,Ankara,Saç,Haziran,YAZ,İÇ ANADOLU
6505,2012-06-08,Erkek,Malatya,Cinsel,Haziran,YAZ,DOĞU ANADOLU
6506,2012-06-08,Erkek,Ankara,Bakım,Haziran,YAZ,İÇ ANADOLU
6507,2012-06-08,Erkek,İstanbul,DİĞER,Haziran,YAZ,MARMARA
6508,2012-06-08,Erkek,İstanbul,Bakım,Haziran,YAZ,MARMARA
6509,2012-06-08,Erkek,Antalya,Zayıflama,Haziran,YAZ,AKDENİZ
6510,2012-06-08,Erkek,İzmir,Zayıflama,Haziran,YAZ,EGE
6511,2012-06-08,Erkek,Malatya,Zayıflama,Haziran,YAZ,DOĞU ANADOLU
6512,2012-06-08,Bayan,Ankara,Zayıflama,Haziran,YAZ,İÇ ANADOLU
6513,2012-06-08,Erkek,Aydın,Saç,Haziran,YAZ,EGE
6514,2012-06-08,Bayan,İstanbul,Zayıflama,Haziran,YAZ,MARMARA
6515,2012-06-08,Erkek,Bursa,DİĞER,Haziran,YAZ,MARMARA
6516,2012-06-08,Bayan,Balıkesir,Bakım,Haziran,YAZ,MARMARA
6517,2012-06-08,Bayan,İstanbul,Zayıflama,Haziran,YAZ,MARMARA
6518,2012-06-09,Erkek,Antalya,DİĞER,Haziran,YAZ,AKDENİZ
6519,2012-06-09,Erkek,Adana,Bakım,Haziran,YAZ,AKDENİZ
6520,2012-06-09,Erkek,İstanbul,Bakım,Haziran,YAZ,MARMARA
6521,2012-06-09,Erkek,İstanbul,Bakım,Haziran,YAZ,MARMARA
6522,2012-06-09,Bayan,İstanbul,Bakım,Haziran,YAZ,MARMARA
6523,2012-06-09,Erkek,İstanbul,Cinsel,Haziran,YAZ,MARMARA
6524,2012-06-09,Bayan,Diyarbakır,Zayıflama,Haziran,YAZ,GÜNEYDOĞU
6525,2012-06-09,Bayan,İstanbul,Zayıflama,Haziran,YAZ,MARMARA
6526,2012-06-09,Erkek,İstanbul,Bakım,Haziran,YAZ,MARMARA
6527,2012-06-09,Erkek,İstanbul,Güzellik,Haziran,YAZ,MARMARA
6528,2012-06-09,Erkek,İstanbul,Zayıflama,Haziran,YAZ,MARMARA
6529,2012-06-09,Bayan,İstanbul,Bakım,Haziran,YAZ,MARMARA
6530,2012-06-09,Erkek,Yozgat,Bakım,Haziran,YAZ,İÇ ANADOLU
6531,2012-06-09,Bayan,Ankara,Saç,Haziran,YAZ,İÇ ANADOLU
6532,2012-06-09,Erkek,Kocaeli,Saç,Haziran,YAZ,MARMARA
6533,2012-06-09,Erkek,Muş,Cinsel,Haziran,YAZ,DOĞU ANADOLU
6534,2012-06-09,Bayan,Gaziantep,Zayıflama,Haziran,YAZ,GÜNEYDOĞU
6535,2012-06-11,Bayan,Ankara,DİĞER,Haziran,YAZ,İÇ ANADOLU
6536,2012-06-11,Bayan,Ankara,DİĞER,Haziran,YAZ,İÇ ANADOLU
6537,2012-06-11,Bayan,Ankara,Zayıflama,Haziran,YAZ,İÇ ANADOLU
6538,2012-06-11,Bayan,İstanbul,Zayıflama,Haziran,YAZ,MARMARA
6539,2012-06-11,Erkek,Ordu,Cinsel,Haziran,YAZ,KARADENİZ
6540,2012-06-11,Bayan,Van,Bakım,Haziran,YAZ,DOĞU ANADOLU
6541,2012-06-11,Bayan,Ordu,Zayıflama,Haziran,YAZ,KARADENİZ
6542,2012-06-11,Erkek,İzmir,Bakım,Haziran,YAZ,EGE
6543,2012-06-11,Erkek,Eskişehir,Saç,Haziran,YAZ,İÇ ANADOLU
6544,2012-06-11,Erkek,Şanlıurfa,Bakım,Haziran,YAZ,GÜNEYDOĞU
6545,2012-06-11,Erkek,Eskişehir,Bakım,Haziran,YAZ,İÇ ANADOLU
6546,2012-06-11,Erkek,Muğla,Cinsel,Haziran,YAZ,EGE
6547,2012-06-11,Bayan,İzmir,Zayıflama,Haziran,YAZ,EGE
6548,2012-06-11,Erkek,Elazığ,Zayıflama,Haziran,YAZ,DOĞU ANADOLU
6549,2012-06-11,Erkek,İstanbul,Zayıflama,Haziran,YAZ,MARMARA
6550,2012-06-11,Bayan,İzmir,Sağlık,Haziran,YAZ,EGE
6551,2012-06-11,Erkek,Denizli,Zayıflama,Haziran,YAZ,EGE
6552,2012-06-11,Bayan,İzmir,Zayıflama,Haziran,YAZ,EGE
6553,2012-06-11,Erkek,Bursa,Güzellik,Haziran,YAZ,MARMARA
6554,2012-06-11,Erkek,İstanbul,Bakım,Haziran,YAZ,MARMARA
6555,2012-06-11,Bayan,Van,Bakım,Haziran,YAZ,DOĞU ANADOLU
6556,2012-06-11,Erkek,Antalya,Zayıflama,Haziran,YAZ,AKDENİZ
6557,2012-06-11,Bayan,İstanbul,Zayıflama,Haziran,YAZ,MARMARA
6558,2012-06-11,Bayan,Van,Zayıflama,Haziran,YAZ,DOĞU ANADOLU
6559,2012-06-11,Erkek,İstanbul,Güzellik,Haziran,YAZ,MARMARA
6560,2012-06-11,Bayan,Hatay,Bakım,Haziran,YAZ,AKDENİZ
6561,2012-06-11,Erkek,İstanbul,Cinsel,Haziran,YAZ,MARMARA
6562,2012-06-11,Bayan,İçel,Cinsel,Haziran,YAZ,AKDENİZ
6563,2012-06-11,Bayan,Bursa,Zayıflama,Haziran,YAZ,MARMARA
6564,2012-06-11,Bayan,İstanbul,Zayıflama,Haziran,YAZ,MARMARA
6565,2012-06-11,Erkek,Erzurum,Zayıflama,Haziran,YAZ,DOĞU ANADOLU
6566,2012-06-11,Erkek,Muş,Zayıflama,Haziran,YAZ,DOĞU ANADOLU
6567,2012-06-11,Erkek,Ankara,Bakım,Haziran,YAZ,İÇ ANADOLU
6568,2012-06-11,Bayan,İstanbul,Zayıflama,Haziran,YAZ,MARMARA
6569,2012-06-11,Bayan,Aydın,Zayıflama,Haziran,YAZ,EGE
6570,2012-06-11,Erkek,Ankara,Zayıflama,Haziran,YAZ,İÇ ANADOLU
6571,2012-06-11,Erkek,Muğla,Bakım,Haziran,YAZ,EGE
6572,2012-06-11,Erkek,Kocaeli,Bakım,Haziran,YAZ,MARMARA
6573,2012-06-11,Erkek,İstanbul,Bakım,Haziran,YAZ,MARMARA
6574,2012-06-11,Bayan,İstanbul,Zayıflama,Haziran,YAZ,MARMARA
6575,2012-06-11,Erkek,İzmir,Cinsel,Haziran,YAZ,EGE
6576,2012-06-11,Erkek,İstanbul,Güzellik,Haziran,YAZ,MARMARA
6577,2012-06-11,Bayan,İzmir,Bakım,Haziran,YAZ,EGE
6578,2012-06-11,Erkek,İstanbul,Sağlık,Haziran,YAZ,MARMARA
6579,2012-06-11,Erkek,Ankara,Sağlık,Haziran,YAZ,İÇ ANADOLU
6580,2012-06-11,Bayan,İstanbul,Cinsel,Haziran,YAZ,MARMARA
6581,2012-06-11,Erkek,Hatay,Cinsel,Haziran,YAZ,AKDENİZ
6582,2012-06-11,Erkek,Şırnak,Bakım,Haziran,YAZ,DOĞU ANADOLU
6583,2012-06-11,Erkek,İstanbul,Bakım,Haziran,YAZ,MARMARA
6584,2012-06-11,Erkek,Aydın,Zayıflama,Haziran,YAZ,EGE
6585,2012-06-11,Erkek,Konya,Cinsel,Haziran,YAZ,İÇ ANADOLU
6586,2012-06-11,Erkek,Ankara,Zayıflama,Haziran,YAZ,İÇ ANADOLU
6587,2012-06-11,Bayan,İstanbul,Bakım,Haziran,YAZ,MARMARA
6588,2012-06-11,Erkek,Hakkari,Zayıflama,Haziran,YAZ,DOĞU ANADOLU
6589,2012-06-11,Erkek,İzmir,Bakım,Haziran,YAZ,EGE
6590,2012-06-12,Erkek,İzmir,Bakım,Haziran,YAZ,EGE
6591,2012-06-12,Bayan,Yalova,Cinsel,Haziran,YAZ,MARMARA
6592,2012-06-12,Bayan,Balıkesir,Zayıflama,Haziran,YAZ,MARMARA
6593,2012-06-12,Bayan,Balıkesir,Zayıflama,Haziran,YAZ,MARMARA
6594,2012-06-12,Erkek,İzmir,Saç,Haziran,YAZ,EGE
6595,2012-06-12,Bayan,Aydın,Bakım,Haziran,YAZ,EGE
6596,2012-06-12,Erkek,İstanbul,Cinsel,Haziran,YAZ,MARMARA
6597,2012-06-12,Erkek,Karaman,Bakım,Haziran,YAZ,İÇ ANADOLU
6598,2012-06-12,Erkek,İstanbul,Bakım,Haziran,YAZ,MARMARA
6599,2012-06-12,Erkek,Kocaeli,Cinsel,Haziran,YAZ,MARMARA
6600,2012-06-12,Erkek,İstanbul,Bakım,Haziran,YAZ,MARMARA
6601,2012-06-12,Erkek,Malatya,Zayıflama,Haziran,YAZ,DOĞU ANADOLU
6602,2012-06-12,Bayan,İstanbul,Zayıflama,Haziran,YAZ,MARMARA
6603,2012-06-12,Erkek,Ankara,DİĞER,Haziran,YAZ,İÇ ANADOLU
6604,2012-06-12,Bayan,İzmir,Güzellik,Haziran,YAZ,EGE
6605,2012-06-12,Erkek,İstanbul,Sağlık,Haziran,YAZ,MARMARA
6606,2012-06-12,Erkek,Konya,Cinsel,Haziran,YAZ,İÇ ANADOLU
6607,2012-06-12,Erkek,Çanakkale,Bakım,Haziran,YAZ,MARMARA
6608,2012-06-12,Bayan,Tekirdağ,Zayıflama,Haziran,YAZ,MARMARA
6609,2012-06-12,Erkek,İzmir,Cinsel,Haziran,YAZ,EGE
6610,2012-06-12,Erkek,Tekirdağ,Bakım,Haziran,YAZ,MARMARA
6611,2012-06-12,Erkek,Afyon,Bakım,Haziran,YAZ,EGE
6612,2012-06-12,Erkek,İstanbul,Cinsel,Haziran,YAZ,MARMARA
6613,2012-06-12,Erkek,İstanbul,Cinsel,Haziran,YAZ,MARMARA
6614,2012-06-12,Bayan,İstanbul,Zayıflama,Haziran,YAZ,MARMARA
6615,2012-06-12,Erkek,Van,Bakım,Haziran,YAZ,DOĞU ANADOLU
6616,2012-06-12,Erkek,İstanbul,Bakım,Haziran,YAZ,MARMARA
6617,2012-06-12,Erkek,İstanbul,Cinsel,Haziran,YAZ,MARMARA
6618,2012-06-12,Erkek,Şanlıurfa,Cinsel,Haziran,YAZ,GÜNEYDOĞU
6619,2012-06-12,Erkek,Isparta,DİĞER,Haziran,YAZ,AKDENİZ
6620,2012-06-12,Bayan,İstanbul,Zayıflama,Haziran,YAZ,MARMARA
6621,2012-06-12,Bayan,Van,Cinsel,Haziran,YAZ,DOĞU ANADOLU
6622,2012-06-12,Erkek,İstanbul,Bakım,Haziran,YAZ,MARMARA
6623,2012-06-12,Bayan,İstanbul,DİĞER,Haziran,YAZ,MARMARA
6624,2012-06-12,Erkek,Denizli,Cinsel,Haziran,YAZ,EGE
6625,2012-06-12,Erkek,Elazığ,Cinsel,Haziran,YAZ,DOĞU ANADOLU
6626,2012-06-13,Erkek,Kütahya,Bakım,Haziran,YAZ,EGE
6627,2012-06-13,Erkek,Ankara,Bakım,Haziran,YAZ,İÇ ANADOLU
6628,2012-06-13,Bayan,Balıkesir,Zayıflama,Haziran,YAZ,MARMARA
6629,2012-06-13,Bayan,İstanbul,Zayıflama,Haziran,YAZ,MARMARA
6630,2012-06-13,Erkek,Adana,Zayıflama,Haziran,YAZ,AKDENİZ
6631,2012-06-13,Bayan,Antalya,Zayıflama,Haziran,YAZ,AKDENİZ
6632,2012-06-13,Bayan,İstanbul,Zayıflama,Haziran,YAZ,MARMARA
6633,2012-06-13,Bayan,Tokat,Zayıflama,Haziran,YAZ,KARADENİZ
6634,2012-06-13,Bayan,İzmir,Zayıflama,Haziran,YAZ,EGE
6635,2012-06-13,Bayan,Edirne,Zayıflama,Haziran,YAZ,MARMARA
6636,2012-06-13,Bayan,İstanbul,Bakım,Haziran,YAZ,MARMARA
6637,2012-06-13,Bayan,Antalya,Zayıflama,Haziran,YAZ,AKDENİZ
6638,2012-06-13,Bayan,Hatay,Bakım,Haziran,YAZ,AKDENİZ
6639,2012-06-13,Bayan,İstanbul,Bakım,Haziran,YAZ,MARMARA
6640,2012-06-13,Bayan,İzmir,Zayıflama,Haziran,YAZ,EGE
6641,2012-06-13,Bayan,İstanbul,Zayıflama,Haziran,YAZ,MARMARA
6642,2012-06-13,Erkek,Gümüşhane,DİĞER,Haziran,YAZ,KARADENİZ
6643,2012-06-13,Erkek,Tekirdağ,Zayıflama,Haziran,YAZ,MARMARA
6644,2012-06-13,Erkek,Malatya,Güzellik,Haziran,YAZ,DOĞU ANADOLU
6645,2012-06-13,Erkek,Rize,Cinsel,Haziran,YAZ,KARADENİZ
6646,2012-06-13,Erkek,İstanbul,Güzellik,Haziran,YAZ,MARMARA
6647,2012-06-13,Erkek,Iğdır,Cinsel,Haziran,YAZ,DOĞU ANADOLU
6648,2012-06-13,Erkek,İstanbul,Cinsel,Haziran,YAZ,MARMARA
6649,2012-06-13,Erkek,Kocaeli,Sağlık,Haziran,YAZ,MARMARA
6650,2012-06-13,Erkek,Diyarbakır,Cinsel,Haziran,YAZ,GÜNEYDOĞU
6651,2012-06-13,Bayan,Adana,Bakım,Haziran,YAZ,AKDENİZ
6652,2012-06-13,Erkek,Yozgat,Bakım,Haziran,YAZ,İÇ ANADOLU
6653,2012-06-13,Erkek,Bursa,Cinsel,Haziran,YAZ,MARMARA
6654,2012-06-13,Erkek,İstanbul,Zayıflama,Haziran,YAZ,MARMARA
6655,2012-06-13,Erkek,Niğde,Bakım,Haziran,YAZ,İÇ ANADOLU
6656,2012-06-13,Erkek,İstanbul,Saç,Haziran,YAZ,MARMARA
6657,2012-06-13,Erkek,Balıkesir,Cinsel,Haziran,YAZ,MARMARA
6658,2012-06-13,Erkek,Adana,Saç,Haziran,YAZ,AKDENİZ
6659,2012-06-13,Erkek,İzmir,DİĞER,Haziran,YAZ,EGE
6660,2012-06-13,Bayan,İstanbul,Zayıflama,Haziran,YAZ,MARMARA
6661,2012-06-13,Erkek,Adana,Cinsel,Haziran,YAZ,AKDENİZ
6662,2012-06-13,Erkek,İstanbul,Cinsel,Haziran,YAZ,MARMARA
6663,2012-06-13,Erkek,İstanbul,Zayıflama,Haziran,YAZ,MARMARA
6664,2012-06-13,Bayan,Ankara,Bakım,Haziran,YAZ,İÇ ANADOLU
6665,2012-06-14,Bayan,İstanbul,Zayıflama,Haziran,YAZ,MARMARA
6666,2012-06-14,Erkek,Ordu,Zayıflama,Haziran,YAZ,KARADENİZ
6667,2012-06-14,Bayan,Uşak,Bakım,Haziran,YAZ,EGE
6668,2012-06-14,Erkek,Zonguldak,Sağlık,Haziran,YAZ,KARADENİZ
6669,2012-06-14,Erkek,Mersin,Cinsel,Haziran,YAZ,AKDENİZ
6670,2012-06-14,Erkek,Van,Zayıflama,Haziran,YAZ,DOĞU ANADOLU
6671,2012-06-14,Bayan,İstanbul,Zayıflama,Haziran,YAZ,MARMARA
6672,2012-06-14,Erkek,İzmir,Bakım,Haziran,YAZ,EGE
6673,2012-06-14,Erkek,Kayseri,Cinsel,Haziran,YAZ,İÇ ANADOLU
6674,2012-06-14,Erkek,Zonguldak,Zayıflama,Haziran,YAZ,KARADENİZ
6675,2012-06-14,Bayan,Denizli,Güzellik,Haziran,YAZ,EGE
6676,2012-06-14,Bayan,Bursa,Zayıflama,Haziran,YAZ,MARMARA
6677,2012-06-14,Erkek,Hatay,Güzellik,Haziran,YAZ,AKDENİZ
6678,2012-06-14,Erkek,Sinop,Zayıflama,Haziran,YAZ,KARADENİZ
6679,2012-06-14,Erkek,Denizli,Zayıflama,Haziran,YAZ,EGE
6680,2012-06-14,Bayan,Muş,Zayıflama,Haziran,YAZ,DOĞU ANADOLU
6681,2012-06-14,Bayan,Antalya,Zayıflama,Haziran,YAZ,AKDENİZ
6682,2012-06-14,Erkek,Muğla,Zayıflama,Haziran,YAZ,EGE
6683,2012-06-14,Bayan,İstanbul,Sağlık,Haziran,YAZ,MARMARA
6684,2012-06-14,Erkek,Iğdır,DİĞER,Haziran,YAZ,DOĞU ANADOLU
6685,2012-06-14,Erkek,Ankara,Zayıflama,Haziran,YAZ,İÇ ANADOLU
6686,2012-06-14,Erkek,İstanbul,Zayıflama,Haziran,YAZ,MARMARA
6687,2012-06-14,Erkek,İstanbul,Bakım,Haziran,YAZ,MARMARA
6688,2012-06-14,Erkek,Diyarbakır,Zayıflama,Haziran,YAZ,GÜNEYDOĞU
6689,2012-06-14,Erkek,İstanbul,Cinsel,Haziran,YAZ,MARMARA
6690,2012-06-15,Erkek,Ankara,Bakım,Haziran,YAZ,İÇ ANADOLU
6691,2012-06-15,Bayan,Ankara,Bakım,Haziran,YAZ,İÇ ANADOLU
6692,2012-06-15,Erkek,Ankara,Saç,Haziran,YAZ,İÇ ANADOLU
6693,2012-06-15,Erkek,Eskişehir,Zayıflama,Haziran,YAZ,İÇ ANADOLU
6694,2012-06-15,Erkek,Tekirdağ,Zayıflama,Haziran,YAZ,MARMARA
6695,2012-06-15,Bayan,İstanbul,DİĞER,Haziran,YAZ,MARMARA
6696,2012-06-15,Bayan,Konya,Bakım,Haziran,YAZ,İÇ ANADOLU
6697,2012-06-15,Erkek,Bursa,Cinsel,Haziran,YAZ,MARMARA
6698,2012-06-15,Bayan,Ankara,DİĞER,Haziran,YAZ,İÇ ANADOLU
6699,2012-06-15,Erkek,İstanbul,Bakım,Haziran,YAZ,MARMARA
6700,2012-06-15,Bayan,Antalya,Zayıflama,Haziran,YAZ,AKDENİZ
6701,2012-06-15,Bayan,Çanakkale,Bakım,Haziran,YAZ,MARMARA
6702,2012-06-15,Erkek,Denizli,Zayıflama,Haziran,YAZ,EGE
6703,2012-06-15,Bayan,Aydın,Zayıflama,Haziran,YAZ,EGE
6704,2012-06-15,Erkek,Ankara,Bakım,Haziran,YAZ,İÇ ANADOLU
6705,2012-06-15,Erkek,Ankara,Cinsel,Haziran,YAZ,İÇ ANADOLU
6706,2012-06-15,Bayan,İzmir,Zayıflama,Haziran,YAZ,EGE
6707,2012-06-15,Bayan,Trabzon,Bakım,Haziran,YAZ,KARADENİZ
6708,2012-06-15,Erkek,Batman,Bakım,Haziran,YAZ,GÜNEYDOĞU
6709,2012-06-15,Bayan,Antalya,Zayıflama,Haziran,YAZ,AKDENİZ
6710,2012-06-15,Erkek,Muğla,Cinsel,Haziran,YAZ,EGE
6711,2012-06-16,Erkek,Kayseri,Zayıflama,Haziran,YAZ,İÇ ANADOLU
6712,2012-06-16,Bayan,İzmir,Zayıflama,Haziran,YAZ,EGE
6713,2012-06-16,Erkek,İstanbul,Saç,Haziran,YAZ,MARMARA
6714,2012-06-16,Erkek,İstanbul,Bakım,Haziran,YAZ,MARMARA
6715,2012-06-16,Bayan,Diyarbakır,Cinsel,Haziran,YAZ,GÜNEYDOĞU
6716,2012-06-16,Erkek,İstanbul,Cinsel,Haziran,YAZ,MARMARA
6717,2012-06-16,Bayan,İstanbul,Zayıflama,Haziran,YAZ,MARMARA
6718,2012-06-16,Bayan,Çorum,Zayıflama,Haziran,YAZ,KARADENİZ
6719,2012-06-16,Erkek,Balıkesir,Bakım,Haziran,YAZ,MARMARA
6720,2012-06-16,Bayan,Aydın,Bakım,Haziran,YAZ,EGE
6721,2012-06-16,Erkek,Antalya,Bakım,Haziran,YAZ,AKDENİZ
6722,2012-06-16,Erkek,Aksaray,Zayıflama,Haziran,YAZ,İÇ ANADOLU
6723,2012-06-16,Bayan,Ankara,Bakım,Haziran,YAZ,İÇ ANADOLU
6724,2012-06-16,Erkek,İstanbul,Saç,Haziran,YAZ,MARMARA
6725,2012-06-16,Bayan,Ankara,Zayıflama,Haziran,YAZ,İÇ ANADOLU
6726,2012-06-16,Erkek,Van,Zayıflama,Haziran,YAZ,DOĞU ANADOLU
6727,2012-06-16,Erkek,İstanbul,Cinsel,Haziran,YAZ,MARMARA
6728,2012-06-16,Erkek,İstanbul,Bakım,Haziran,YAZ,MARMARA
6729,2012-06-16,Erkek,Muğla,Bakım,Haziran,YAZ,EGE
6730,2012-06-16,Erkek,İstanbul,Bakım,Haziran,YAZ,MARMARA
6731,2012-06-16,Erkek,İstanbul,Cinsel,Haziran,YAZ,MARMARA
6732,2012-06-18,Erkek,İstanbul,Güzellik,Haziran,YAZ,MARMARA
6733,2012-06-18,Bayan,İzmir,Zayıflama,Haziran,YAZ,EGE
6734,2012-06-18,Erkek,Ankara,Saç,Haziran,YAZ,İÇ ANADOLU
6735,2012-06-18,Erkek,Mersin,Cinsel,Haziran,YAZ,AKDENİZ
6736,2012-06-18,Erkek,İstanbul,Bakım,Haziran,YAZ,MARMARA
6737,2012-06-18,Erkek,Mersin,Cinsel,Haziran,YAZ,AKDENİZ
6738,2012-06-18,Erkek,Isparta,Bakım,Haziran,YAZ,AKDENİZ
6739,2012-06-18,Erkek,Antalya,Saç,Haziran,YAZ,AKDENİZ
6740,2012-06-18,Bayan,Zonguldak,Bakım,Haziran,YAZ,KARADENİZ
6741,2012-06-18,Erkek,Manisa,Sağlık,Haziran,YAZ,EGE
6742,2012-06-18,Erkek,Hatay,Cinsel,Haziran,YAZ,AKDENİZ
6743,2012-06-18,Bayan,Eskişehir,Zayıflama,Haziran,YAZ,İÇ ANADOLU
6744,2012-06-18,Erkek,Elazığ,Bakım,Haziran,YAZ,DOĞU ANADOLU
6745,2012-06-18,Erkek,Adana,Zayıflama,Haziran,YAZ,AKDENİZ
6746,2012-06-18,Erkek,Samsun,Cinsel,Haziran,YAZ,KARADENİZ
6747,2012-06-18,Bayan,İzmir,Zayıflama,Haziran,YAZ,EGE
6748,2012-06-18,Bayan,Sivas,Zayıflama,Haziran,YAZ,İÇ ANADOLU
6749,2012-06-18,Bayan,İstanbul,Zayıflama,Haziran,YAZ,MARMARA
6750,2012-06-18,Bayan,İstanbul,Zayıflama,Haziran,YAZ,MARMARA
6751,2012-06-18,Bayan,İçel,Bakım,Haziran,YAZ,AKDENİZ
6752,2012-06-18,Bayan,Kocaeli,Bakım,Haziran,YAZ,MARMARA
6753,2012-06-18,Erkek,Manisa,Bakım,Haziran,YAZ,EGE
6754,2012-06-18,Bayan,İstanbul,Zayıflama,Haziran,YAZ,MARMARA
6755,2012-06-18,Bayan,Eskişehir,Güzellik,Haziran,YAZ,İÇ ANADOLU
6756,2012-06-18,Bayan,Bursa,Zayıflama,Haziran,YAZ,MARMARA
6757,2012-06-18,Erkek,İstanbul,Cinsel,Haziran,YAZ,MARMARA
6758,2012-06-18,Bayan,Antalya,Zayıflama,Haziran,YAZ,AKDENİZ
6759,2012-06-18,Erkek,İstanbul,Bakım,Haziran,YAZ,MARMARA
6760,2012-06-18,Erkek,Bitlis,Zayıflama,Haziran,YAZ,DOĞU ANADOLU
6761,2012-06-18,Bayan,Muş,Bakım,Haziran,YAZ,DOĞU ANADOLU
6762,2012-06-18,Bayan,Kayseri,Zayıflama,Haziran,YAZ,İÇ ANADOLU
6763,2012-06-18,Erkek,İstanbul,Cinsel,Haziran,YAZ,MARMARA
6764,2012-06-18,Erkek,Muğla,Zayıflama,Haziran,YAZ,EGE
6765,2012-06-18,Erkek,İstanbul,Cinsel,Haziran,YAZ,MARMARA
6766,2012-06-18,Bayan,Ankara,Bakım,Haziran,YAZ,İÇ ANADOLU
6767,2012-06-18,Bayan,Muş,Zayıflama,Haziran,YAZ,DOĞU ANADOLU
6768,2012-06-18,Erkek,Ordu,Cinsel,Haziran,YAZ,KARADENİZ
6769,2012-06-18,Erkek,Kocaeli,Saç,Haziran,YAZ,MARMARA
6770,2012-06-18,Erkek,Denizli,Zayıflama,Haziran,YAZ,EGE
6771,2012-06-19,Erkek,Kırıkkale,DİĞER,Haziran,YAZ,İÇ ANADOLU
6772,2012-06-19,Erkek,Samsun,Zayıflama,Haziran,YAZ,KARADENİZ
6773,2012-06-19,Bayan,İzmir,Güzellik,Haziran,YAZ,EGE
6774,2012-06-19,Erkek,Ankara,Güzellik,Haziran,YAZ,İÇ ANADOLU
6775,2012-06-19,Erkek,Aydın,Zayıflama,Haziran,YAZ,EGE
6776,2012-06-19,Erkek,İzmir,Zayıflama,Haziran,YAZ,EGE
6777,2012-06-19,Erkek,Mersin,Cinsel,Haziran,YAZ,AKDENİZ
6778,2012-06-19,Bayan,İstanbul,Bakım,Haziran,YAZ,MARMARA
6779,2012-06-19,Erkek,Muğla,Bakım,Haziran,YAZ,EGE
6780,2012-06-19,Bayan,Antalya,Zayıflama,Haziran,YAZ,AKDENİZ
6781,2012-06-19,Erkek,Antalya,Güzellik,Haziran,YAZ,AKDENİZ
6782,2012-06-19,Erkek,Kırıkkale,Bakım,Haziran,YAZ,İÇ ANADOLU
6783,2012-06-19,Bayan,İstanbul,Bakım,Haziran,YAZ,MARMARA
6784,2012-06-19,Bayan,Kocaeli,Bakım,Haziran,YAZ,MARMARA
6785,2012-06-19,Bayan,Bursa,Cinsel,Haziran,YAZ,MARMARA
6786,2012-06-19,Bayan,Manisa,Saç,Haziran,YAZ,EGE
6787,2012-06-19,Erkek,İzmir,Zayıflama,Haziran,YAZ,EGE
6788,2012-06-19,Erkek,Isparta,Cinsel,Haziran,YAZ,AKDENİZ
6789,2012-06-19,Erkek,Antalya,Zayıflama,Haziran,YAZ,AKDENİZ
6790,2012-06-19,Bayan,İstanbul,Zayıflama,Haziran,YAZ,MARMARA
6791,2012-06-19,Bayan,İstanbul,Bakım,Haziran,YAZ,MARMARA
6792,2012-06-19,Erkek,İzmir,Zayıflama,Haziran,YAZ,EGE
6793,2012-06-19,Bayan,İstanbul,Zayıflama,Haziran,YAZ,MARMARA
6794,2012-06-19,Erkek,Tekirdağ,Güzellik,Haziran,YAZ,MARMARA
6795,2012-06-19,Bayan,Kahramanmaraş,Sağlık,Haziran,YAZ,AKDENİZ
6796,2012-06-19,Erkek,Sivas,Cinsel,Haziran,YAZ,İÇ ANADOLU
6797,2012-06-19,Erkek,Ağrı,Zayıflama,Haziran,YAZ,DOĞU ANADOLU
6798,2012-06-19,Erkek,Samsun,Cinsel,Haziran,YAZ,KARADENİZ
6799,2012-06-19,Erkek,Konya,Bakım,Haziran,YAZ,İÇ ANADOLU
6800,2012-06-19,Erkek,Bartın,Zayıflama,Haziran,YAZ,KARADENİZ
6801,2012-06-20,Bayan,Antalya,Zayıflama,Haziran,YAZ,AKDENİZ
6802,2012-06-20,Erkek,İstanbul,Cinsel,Haziran,YAZ,MARMARA
6803,2012-06-20,Erkek,İstanbul,Bakım,Haziran,YAZ,MARMARA
6804,2012-06-20,Bayan,İstanbul,Bakım,Haziran,YAZ,MARMARA
6805,2012-06-20,Bayan,Kocaeli,Zayıflama,Haziran,YAZ,MARMARA
6806,2012-06-20,Bayan,Ankara,Zayıflama,Haziran,YAZ,İÇ ANADOLU
6807,2012-06-20,Erkek,Uşak,Zayıflama,Haziran,YAZ,EGE
6808,2012-06-20,Erkek,Ankara,Cinsel,Haziran,YAZ,İÇ ANADOLU
6809,2012-06-20,Bayan,Ankara,Zayıflama,Haziran,YAZ,İÇ ANADOLU
6810,2012-06-20,Erkek,Zonguldak,Cinsel,Haziran,YAZ,KARADENİZ
6811,2012-06-20,Bayan,Tekirdağ,DİĞER,Haziran,YAZ,MARMARA
6812,2012-06-20,Erkek,Van,Bakım,Haziran,YAZ,DOĞU ANADOLU
6813,2012-06-20,Bayan,Antalya,Zayıflama,Haziran,YAZ,AKDENİZ
6814,2012-06-20,Erkek,İstanbul,Cinsel,Haziran,YAZ,MARMARA
6815,2012-06-20,Bayan,İstanbul,Zayıflama,Haziran,YAZ,MARMARA
6816,2012-06-20,Erkek,Gaziantep,Bakım,Haziran,YAZ,GÜNEYDOĞU
6817,2012-06-20,Erkek,Zonguldak,Cinsel,Haziran,YAZ,KARADENİZ
6818,2012-06-20,Bayan,Kastamonu,Cinsel,Haziran,YAZ,KARADENİZ
6819,2012-06-20,Erkek,Van,Güzellik,Haziran,YAZ,DOĞU ANADOLU
6820,2012-06-20,Erkek,Kocaeli,Cinsel,Haziran,YAZ,MARMARA
6821,2012-06-20,Erkek,Karabük,Zayıflama,Haziran,YAZ,KARADENİZ
6822,2012-06-20,Erkek,Ankara,Bakım,Haziran,YAZ,İÇ ANADOLU
6823,2012-06-20,Bayan,İstanbul,DİĞER,Haziran,YAZ,MARMARA
6824,2012-06-20,Erkek,Ankara,Saç,Haziran,YAZ,İÇ ANADOLU
6825,2012-06-20,Erkek,İstanbul,Zayıflama,Haziran,YAZ,MARMARA
6826,2012-06-20,Erkek,Antalya,DİĞER,Haziran,YAZ,AKDENİZ
6827,2012-06-21,Erkek,Kahramanmaraş,Güzellik,Haziran,YAZ,AKDENİZ
6828,2012-06-21,Erkek,Gaziantep,Zayıflama,Haziran,YAZ,GÜNEYDOĞU
6829,2012-06-21,Erkek,Aydın,Cinsel,Haziran,YAZ,EGE
6830,2012-06-21,Bayan,Kırıkkale,Zayıflama,Haziran,YAZ,İÇ ANADOLU
6831,2012-06-21,Bayan,Balıkesir,Bakım,Haziran,YAZ,MARMARA
6832,2012-06-21,Bayan,Aydın,Zayıflama,Haziran,YAZ,EGE
6833,2012-06-21,Erkek,Kocaeli,Cinsel,Haziran,YAZ,MARMARA
6834,2012-06-21,Bayan,Rize,Bakım,Haziran,YAZ,KARADENİZ
6835,2012-06-21,Erkek,İstanbul,Zayıflama,Haziran,YAZ,MARMARA
6836,2012-06-21,Bayan,İstanbul,Zayıflama,Haziran,YAZ,MARMARA
6837,2012-06-21,Bayan,İzmir,Zayıflama,Haziran,YAZ,EGE
6838,2012-06-21,Erkek,İstanbul,Cinsel,Haziran,YAZ,MARMARA
6839,2012-06-21,Bayan,İstanbul,Cinsel,Haziran,YAZ,MARMARA
6840,2012-06-21,Erkek,İzmir,Saç,Haziran,YAZ,EGE
6841,2012-06-21,Erkek,Diyarbakır,Bakım,Haziran,YAZ,GÜNEYDOĞU
6842,2012-06-21,Erkek,İstanbul,Cinsel,Haziran,YAZ,MARMARA
6843,2012-06-21,Bayan,İçel,Zayıflama,Haziran,YAZ,AKDENİZ
6844,2012-06-21,Erkek,Kocaeli,Cinsel,Haziran,YAZ,MARMARA
6845,2012-06-21,Bayan,İzmir,Zayıflama,Haziran,YAZ,EGE
6846,2012-06-21,Erkek,Aydın,Saç,Haziran,YAZ,EGE
6847,2012-06-21,Bayan,Hatay,Zayıflama,Haziran,YAZ,AKDENİZ
6848,2012-06-21,Bayan,Ankara,Zayıflama,Haziran,YAZ,İÇ ANADOLU
6849,2012-06-21,Bayan,Ankara,DİĞER,Haziran,YAZ,İÇ ANADOLU
6850,2012-06-21,Bayan,İstanbul,DİĞER,Haziran,YAZ,MARMARA
6851,2012-06-21,Erkek,Adana,Cinsel,Haziran,YAZ,AKDENİZ
6852,2012-06-21,Erkek,Amasya,Cinsel,Haziran,YAZ,KARADENİZ
6853,2012-06-21,Erkek,İzmir,DİĞER,Haziran,YAZ,EGE
6854,2012-06-21,Erkek,Sivas,Cinsel,Haziran,YAZ,İÇ ANADOLU
6855,2012-06-21,Erkek,Eskişehir,Zayıflama,Haziran,YAZ,İÇ ANADOLU
6856,2012-06-21,Bayan,Zonguldak,Bakım,Haziran,YAZ,KARADENİZ
6857,2012-06-21,Bayan,Balıkesir,Zayıflama,Haziran,YAZ,MARMARA
6858,2012-06-21,Erkek,Mersin,Zayıflama,Haziran,YAZ,AKDENİZ
6859,2012-06-21,Erkek,Siirt,Saç,Haziran,YAZ,GÜNEYDOĞU
6860,2012-06-21,Erkek,Bingöl,Sağlık,Haziran,YAZ,DOĞU ANADOLU
6861,2012-06-21,Bayan,İstanbul,Zayıflama,Haziran,YAZ,MARMARA
6862,2012-06-21,Erkek,Kocaeli,Cinsel,Haziran,YAZ,MARMARA
6863,2012-06-22,Erkek,Hatay,DİĞER,Haziran,YAZ,AKDENİZ
6864,2012-06-22,Erkek,Manisa,Cinsel,Haziran,YAZ,EGE
6865,2012-06-22,Erkek,Elazığ,DİĞER,Haziran,YAZ,DOĞU ANADOLU
6866,2012-06-22,Erkek,Kilis,Zayıflama,Haziran,YAZ,GÜNEYDOĞU
6867,2012-06-22,Bayan,İstanbul,Zayıflama,Haziran,YAZ,MARMARA
6868,2012-06-22,Erkek,Burdur,Cinsel,Haziran,YAZ,AKDENİZ
6869,2012-06-22,Erkek,Ankara,Saç,Haziran,YAZ,İÇ ANADOLU
6870,2012-06-22,Erkek,Bursa,Saç,Haziran,YAZ,MARMARA
6871,2012-06-22,Bayan,Kayseri,Zayıflama,Haziran,YAZ,İÇ ANADOLU
6872,2012-06-22,Erkek,Bursa,Bakım,Haziran,YAZ,MARMARA
6873,2012-06-22,Bayan,İstanbul,Güzellik,Haziran,YAZ,MARMARA
6874,2012-06-22,Bayan,Adana,Zayıflama,Haziran,YAZ,AKDENİZ
6875,2012-06-22,Erkek,İstanbul,Bakım,Haziran,YAZ,MARMARA
6876,2012-06-22,Erkek,İzmir,Bakım,Haziran,YAZ,EGE
6877,2012-06-22,Erkek,Van,Sağlık,Haziran,YAZ,DOĞU ANADOLU
6878,2012-06-22,Bayan,İstanbul,Zayıflama,Haziran,YAZ,MARMARA
6879,2012-06-22,Bayan,Ağrı,Cinsel,Haziran,YAZ,DOĞU ANADOLU
6880,2012-06-22,Erkek,Çanakkale,Cinsel,Haziran,YAZ,MARMARA
6881,2012-03-31,Bayan,Kocaeli,Bakım,Mart,İLKBAHAR,MARMARA
6882,2012-03-31,Erkek,Şırnak,Zayıflama,Mart,İLKBAHAR,DOĞU ANADOLU
6883,2012-03-31,Erkek,Burdur,Bakım,Mart,İLKBAHAR,AKDENİZ
6884,2012-03-31,Bayan,Mersin,Zayıflama,Mart,İLKBAHAR,AKDENİZ
6885,2012-03-31,Erkek,İzmir,Zayıflama,Mart,İLKBAHAR,EGE
6886,2012-03-31,Erkek,Ankara,DİĞER,Mart,İLKBAHAR,İÇ ANADOLU
6887,2012-03-31,Bayan,Ankara,Zayıflama,Mart,İLKBAHAR,İÇ ANADOLU
6888,2012-03-31,Erkek,Amasya,Bakım,Mart,İLKBAHAR,KARADENİZ
6889,2012-03-31,Erkek,Antalya,Güzellik,Mart,İLKBAHAR,AKDENİZ
6890,2012-03-31,Bayan,İzmir,Güzellik,Mart,İLKBAHAR,EGE
6891,2012-03-31,Bayan,Ankara,Zayıflama,Mart,İLKBAHAR,İÇ ANADOLU
6892,2012-03-31,Erkek,İstanbul,Cinsel,Mart,İLKBAHAR,MARMARA
6893,2012-03-31,Bayan,İstanbul,Bakım,Mart,İLKBAHAR,MARMARA
6894,2012-03-31,Erkek,İstanbul,Bakım,Mart,İLKBAHAR,MARMARA
6895,2012-04-02,Bayan,İstanbul,Cinsel,Nisan,İLKBAHAR,MARMARA
6896,2012-04-02,Erkek,İstanbul,Zayıflama,Nisan,İLKBAHAR,MARMARA
6897,2012-04-02,Erkek,Ankara,Cinsel,Nisan,İLKBAHAR,İÇ ANADOLU
6898,2012-04-02,Erkek,Amasya,Cinsel,Nisan,İLKBAHAR,KARADENİZ
6899,2012-04-02,Erkek,Malatya,Bakım,Nisan,İLKBAHAR,DOĞU ANADOLU
6900,2012-04-02,Erkek,Yozgat,Sağlık,Nisan,İLKBAHAR,İÇ ANADOLU
6901,2012-04-02,Erkek,Uşak,DİĞER,Nisan,İLKBAHAR,EGE
6902,2012-04-02,Bayan,Gümüşhane,Zayıflama,Nisan,İLKBAHAR,KARADENİZ
6903,2012-04-02,Erkek,Erzurum,Zayıflama,Nisan,İLKBAHAR,DOĞU ANADOLU
6904,2012-04-02,Bayan,İstanbul,Bakım,Nisan,İLKBAHAR,MARMARA
6905,2012-04-02,Bayan,Edirne,Zayıflama,Nisan,İLKBAHAR,MARMARA
6906,2012-04-02,Erkek,Denizli,DİĞER,Nisan,İLKBAHAR,EGE
6907,2012-04-02,Erkek,Tekirdağ,Bakım,Nisan,İLKBAHAR,MARMARA
6908,2012-04-02,Erkek,Ordu,Bakım,Nisan,İLKBAHAR,KARADENİZ
6909,2012-04-02,Erkek,Malatya,Bakım,Nisan,İLKBAHAR,DOĞU ANADOLU
6910,2012-04-02,Erkek,Adana,Güzellik,Nisan,İLKBAHAR,AKDENİZ
6911,2012-04-02,Erkek,Mersin,Güzellik,Nisan,İLKBAHAR,AKDENİZ
6912,2012-04-02,Erkek,Samsun,Cinsel,Nisan,İLKBAHAR,KARADENİZ
6913,2012-04-02,Bayan,İstanbul,Bakım,Nisan,İLKBAHAR,MARMARA
6914,2012-04-02,Erkek,İstanbul,Bakım,Nisan,İLKBAHAR,MARMARA
6915,2012-04-02,Bayan,İzmir,Bakım,Nisan,İLKBAHAR,EGE
6916,2012-04-02,Bayan,Tekirdağ,Zayıflama,Nisan,İLKBAHAR,MARMARA
6917,2012-04-02,Erkek,Antalya,Cinsel,Nisan,İLKBAHAR,AKDENİZ
6918,2012-04-02,Bayan,Edirne,Cinsel,Nisan,İLKBAHAR,MARMARA
6919,2012-04-02,Erkek,İstanbul,Bakım,Nisan,İLKBAHAR,MARMARA
6920,2012-04-02,Erkek,Konya,Cinsel,Nisan,İLKBAHAR,İÇ ANADOLU
6921,2012-04-02,Bayan,Manisa,Cinsel,Nisan,İLKBAHAR,EGE
6922,2012-04-02,Bayan,Bursa,Zayıflama,Nisan,İLKBAHAR,MARMARA
6923,2012-04-02,Erkek,Tekirdağ,Cinsel,Nisan,İLKBAHAR,MARMARA
6924,2012-04-02,Bayan,İstanbul,Zayıflama,Nisan,İLKBAHAR,MARMARA
6925,2012-04-02,Erkek,Ankara,Zayıflama,Nisan,İLKBAHAR,İÇ ANADOLU
6926,2012-04-02,Erkek,İzmir,Zayıflama,Nisan,İLKBAHAR,EGE
6927,2012-04-02,Bayan,Balıkesir,Bakım,Nisan,İLKBAHAR,MARMARA
6928,2012-04-02,Bayan,İstanbul,Zayıflama,Nisan,İLKBAHAR,MARMARA
6929,2012-04-02,Bayan,Ankara,Zayıflama,Nisan,İLKBAHAR,İÇ ANADOLU
6930,2012-04-02,Bayan,Hatay,Zayıflama,Nisan,İLKBAHAR,AKDENİZ
6931,2012-04-02,Erkek,Afyon,Zayıflama,Nisan,İLKBAHAR,EGE
6932,2012-04-02,Bayan,İstanbul,Cinsel,Nisan,İLKBAHAR,MARMARA
6933,2012-04-02,Bayan,İstanbul,Zayıflama,Nisan,İLKBAHAR,MARMARA
6934,2012-04-02,Erkek,Antalya,Cinsel,Nisan,İLKBAHAR,AKDENİZ
6935,2012-04-02,Bayan,İstanbul,Zayıflama,Nisan,İLKBAHAR,MARMARA
6936,2012-04-02,Erkek,Iğdır,Zayıflama,Nisan,İLKBAHAR,DOĞU ANADOLU
6937,2012-04-02,Erkek,Konya,Zayıflama,Nisan,İLKBAHAR,İÇ ANADOLU
6938,2012-04-02,Erkek,Gaziantep,Cinsel,Nisan,İLKBAHAR,GÜNEYDOĞU
6939,2012-04-02,Erkek,İstanbul,Sağlık,Nisan,İLKBAHAR,MARMARA
6940,2012-04-02,Erkek,Sivas,Zayıflama,Nisan,İLKBAHAR,İÇ ANADOLU
6941,2012-04-02,Erkek,Konya,Güzellik,Nisan,İLKBAHAR,İÇ ANADOLU
6942,2012-04-02,Erkek,İstanbul,Zayıflama,Nisan,İLKBAHAR,MARMARA
6943,2012-04-02,Bayan,Ankara,Zayıflama,Nisan,İLKBAHAR,İÇ ANADOLU
6944,2012-04-02,Erkek,İstanbul,Cinsel,Nisan,İLKBAHAR,MARMARA
6945,2012-04-02,Bayan,Adana,Zayıflama,Nisan,İLKBAHAR,AKDENİZ
6946,2012-04-03,Erkek,Giresun,Saç,Nisan,İLKBAHAR,KARADENİZ
6947,2012-04-03,Erkek,Kırıkkale,Bakım,Nisan,İLKBAHAR,İÇ ANADOLU
6948,2012-04-03,Erkek,Gümüşhane,Cinsel,Nisan,İLKBAHAR,KARADENİZ
6949,2012-04-03,Erkek,Diyarbakır,DİĞER,Nisan,İLKBAHAR,GÜNEYDOĞU
6950,2012-04-03,Erkek,Kayseri,Bakım,Nisan,İLKBAHAR,İÇ ANADOLU
6951,2012-04-03,Erkek,İstanbul,Zayıflama,Nisan,İLKBAHAR,MARMARA
6952,2012-04-03,Erkek,Kayseri,Güzellik,Nisan,İLKBAHAR,İÇ ANADOLU
6953,2012-04-03,Bayan,Ankara,Zayıflama,Nisan,İLKBAHAR,İÇ ANADOLU
6954,2012-04-03,Erkek,Antalya,Zayıflama,Nisan,İLKBAHAR,AKDENİZ
6955,2012-04-03,Erkek,Konya,Cinsel,Nisan,İLKBAHAR,İÇ ANADOLU
6956,2012-04-03,Erkek,Şanlıurfa,Cinsel,Nisan,İLKBAHAR,GÜNEYDOĞU
6957,2012-04-03,Erkek,İstanbul,DİĞER,Nisan,İLKBAHAR,MARMARA
6958,2012-04-03,Erkek,Diyarbakır,Cinsel,Nisan,İLKBAHAR,GÜNEYDOĞU
6959,2012-04-03,Bayan,Kayseri,Bakım,Nisan,İLKBAHAR,İÇ ANADOLU
6960,2012-04-03,Bayan,Kayseri,Zayıflama,Nisan,İLKBAHAR,İÇ ANADOLU
6961,2012-04-03,Erkek,Ankara,Bakım,Nisan,İLKBAHAR,İÇ ANADOLU
6962,2012-04-03,Erkek,Adana,Zayıflama,Nisan,İLKBAHAR,AKDENİZ
6963,2012-04-03,Bayan,Antalya,Zayıflama,Nisan,İLKBAHAR,AKDENİZ
6964,2012-04-03,Erkek,Tekirdağ,Bakım,Nisan,İLKBAHAR,MARMARA
6965,2012-04-03,Erkek,Nevşehir,Zayıflama,Nisan,İLKBAHAR,İÇ ANADOLU
6966,2012-04-03,Bayan,Sinop,Güzellik,Nisan,İLKBAHAR,KARADENİZ
6967,2012-04-03,Bayan,Ankara,Zayıflama,Nisan,İLKBAHAR,İÇ ANADOLU
6968,2012-04-03,Bayan,Bursa,Zayıflama,Nisan,İLKBAHAR,MARMARA
6969,2012-04-03,Erkek,İstanbul,Zayıflama,Nisan,İLKBAHAR,MARMARA
6970,2012-04-03,Bayan,Ankara,Zayıflama,Nisan,İLKBAHAR,İÇ ANADOLU
6971,2012-04-03,Erkek,İstanbul,Sağlık,Nisan,İLKBAHAR,MARMARA
6972,2012-04-03,Erkek,Hatay,Saç,Nisan,İLKBAHAR,AKDENİZ
6973,2012-04-03,Erkek,Zonguldak,Cinsel,Nisan,İLKBAHAR,KARADENİZ
6974,2012-04-04,Erkek,Gaziantep,Zayıflama,Nisan,İLKBAHAR,GÜNEYDOĞU
6975,2012-04-04,Bayan,Gaziantep,Zayıflama,Nisan,İLKBAHAR,GÜNEYDOĞU
6976,2012-04-04,Erkek,İzmir,Cinsel,Nisan,İLKBAHAR,EGE
6977,2012-04-04,Bayan,İstanbul,Zayıflama,Nisan,İLKBAHAR,MARMARA
6978,2012-04-04,Erkek,İstanbul,Cinsel,Nisan,İLKBAHAR,MARMARA
6979,2012-04-04,Erkek,İstanbul,Zayıflama,Nisan,İLKBAHAR,MARMARA
6980,2012-04-04,Erkek,Kocaeli,Zayıflama,Nisan,İLKBAHAR,MARMARA
6981,2012-04-04,Erkek,Antalya,Bakım,Nisan,İLKBAHAR,AKDENİZ
6982,2012-04-04,Bayan,Adana,DİĞER,Nisan,İLKBAHAR,AKDENİZ
6983,2012-04-04,Erkek,Eskişehir,Zayıflama,Nisan,İLKBAHAR,İÇ ANADOLU
6984,2012-04-04,Bayan,İstanbul,Bakım,Nisan,İLKBAHAR,MARMARA
6985,2012-04-04,Erkek,İstanbul,Bakım,Nisan,İLKBAHAR,MARMARA
6986,2012-04-04,Erkek,Uşak,Cinsel,Nisan,İLKBAHAR,EGE
6987,2012-04-04,Erkek,İstanbul,DİĞER,Nisan,İLKBAHAR,MARMARA
6988,2012-04-04,Erkek,İstanbul,Zayıflama,Nisan,İLKBAHAR,MARMARA
6989,2012-04-04,Erkek,İstanbul,Zayıflama,Nisan,İLKBAHAR,MARMARA
6990,2012-04-04,Erkek,Kocaeli,Bakım,Nisan,İLKBAHAR,MARMARA
6991,2012-04-04,Bayan,İzmir,Bakım,Nisan,İLKBAHAR,EGE
6992,2012-04-04,Erkek,Mersin,Bakım,Nisan,İLKBAHAR,AKDENİZ
6993,2012-04-04,Bayan,Malatya,Zayıflama,Nisan,İLKBAHAR,DOĞU ANADOLU
6994,2012-04-04,Erkek,İstanbul,Zayıflama,Nisan,İLKBAHAR,MARMARA
6995,2012-04-04,Erkek,Bursa,Zayıflama,Nisan,İLKBAHAR,MARMARA
6996,2012-04-04,Erkek,Malatya,Zayıflama,Nisan,İLKBAHAR,DOĞU ANADOLU
6997,2012-04-04,Erkek,Bolu,Cinsel,Nisan,İLKBAHAR,KARADENİZ
6998,2012-04-05,Erkek,Antalya,Bakım,Nisan,İLKBAHAR,AKDENİZ
6999,2012-04-05,Erkek,Tekirdağ,Bakım,Nisan,İLKBAHAR,MARMARA
7000,2012-04-05,Bayan,Adana,Zayıflama,Nisan,İLKBAHAR,AKDENİZ
7001,2012-04-05,Erkek,Muğla,Zayıflama,Nisan,İLKBAHAR,EGE
7002,2012-04-05,Erkek,İçel,Cinsel,Nisan,İLKBAHAR,AKDENİZ
7003,2012-04-05,Bayan,Kocaeli,Zayıflama,Nisan,İLKBAHAR,MARMARA
7004,2012-04-05,Bayan,Ankara,Bakım,Nisan,İLKBAHAR,İÇ ANADOLU
7005,2012-04-05,Bayan,Bitlis,Bakım,Nisan,İLKBAHAR,DOĞU ANADOLU
7006,2012-04-05,Bayan,İstanbul,Zayıflama,Nisan,İLKBAHAR,MARMARA
7007,2012-04-05,Bayan,İzmir,DİĞER,Nisan,İLKBAHAR,EGE
7008,2012-04-05,Erkek,İzmir,Bakım,Nisan,İLKBAHAR,EGE
7009,2012-04-05,Bayan,İstanbul,Zayıflama,Nisan,İLKBAHAR,MARMARA
7010,2012-04-05,Erkek,İstanbul,Cinsel,Nisan,İLKBAHAR,MARMARA
7011,2012-04-05,Bayan,İstanbul,Zayıflama,Nisan,İLKBAHAR,MARMARA
7012,2012-04-05,Erkek,Ankara,Zayıflama,Nisan,İLKBAHAR,İÇ ANADOLU
7013,2012-04-05,Erkek,İzmir,Cinsel,Nisan,İLKBAHAR,EGE
7014,2012-04-05,Erkek,Samsun,Cinsel,Nisan,İLKBAHAR,KARADENİZ
7015,2012-04-05,Bayan,Mersin,DİĞER,Nisan,İLKBAHAR,AKDENİZ
7016,2012-04-06,Erkek,Ankara,Zayıflama,Nisan,İLKBAHAR,İÇ ANADOLU
7017,2012-04-06,Erkek,Manisa,Zayıflama,Nisan,İLKBAHAR,EGE
7018,2012-04-06,Erkek,Ankara,Zayıflama,Nisan,İLKBAHAR,İÇ ANADOLU
7019,2012-04-06,Erkek,İstanbul,Zayıflama,Nisan,İLKBAHAR,MARMARA
7020,2012-04-06,Erkek,Amasya,Cinsel,Nisan,İLKBAHAR,KARADENİZ
7021,2012-04-06,Erkek,İstanbul,Cinsel,Nisan,İLKBAHAR,MARMARA
7022,2012-04-06,Bayan,Bursa,Zayıflama,Nisan,İLKBAHAR,MARMARA
7023,2012-04-06,Erkek,İzmir,Zayıflama,Nisan,İLKBAHAR,EGE
7024,2012-04-06,Bayan,İstanbul,Bakım,Nisan,İLKBAHAR,MARMARA
7025,2012-04-06,Bayan,İstanbul,Zayıflama,Nisan,İLKBAHAR,MARMARA
7026,2012-04-06,Erkek,Muğla,Bakım,Nisan,İLKBAHAR,EGE
7027,2012-04-06,Erkek,Erzincan,Güzellik,Nisan,İLKBAHAR,DOĞU ANADOLU
7028,2012-04-06,Erkek,İstanbul,Zayıflama,Nisan,İLKBAHAR,MARMARA
7029,2012-04-06,Bayan,Hatay,Zayıflama,Nisan,İLKBAHAR,AKDENİZ
7030,2012-04-06,Erkek,Manisa,Zayıflama,Nisan,İLKBAHAR,EGE
7031,2012-04-06,Bayan,İstanbul,Cinsel,Nisan,İLKBAHAR,MARMARA
7032,2012-04-06,Erkek,Ankara,Zayıflama,Nisan,İLKBAHAR,İÇ ANADOLU
7033,2012-04-06,Erkek,İstanbul,Zayıflama,Nisan,İLKBAHAR,MARMARA
7034,2012-04-06,Bayan,İstanbul,Bakım,Nisan,İLKBAHAR,MARMARA
7035,2012-04-06,Erkek,Mersin,Cinsel,Nisan,İLKBAHAR,AKDENİZ
7036,2012-04-06,Erkek,Muğla,Cinsel,Nisan,İLKBAHAR,EGE
7037,2012-04-06,Bayan,İstanbul,Zayıflama,Nisan,İLKBAHAR,MARMARA
7038,2012-04-06,Erkek,Mardin,Zayıflama,Nisan,İLKBAHAR,GÜNEYDOĞU
7039,2012-04-07,Erkek,Tokat,Cinsel,Nisan,İLKBAHAR,KARADENİZ
7040,2012-04-07,Bayan,Mersin,Zayıflama,Nisan,İLKBAHAR,AKDENİZ
7041,2012-04-07,Erkek,Antalya,Saç,Nisan,İLKBAHAR,AKDENİZ
7042,2012-04-07,Erkek,İstanbul,Bakım,Nisan,İLKBAHAR,MARMARA
7043,2012-04-07,Bayan,İstanbul,Zayıflama,Nisan,İLKBAHAR,MARMARA
7044,2012-04-07,Erkek,Hatay,Bakım,Nisan,İLKBAHAR,AKDENİZ
7045,2012-04-07,Erkek,Tokat,Bakım,Nisan,İLKBAHAR,KARADENİZ
7046,2012-04-07,Erkek,Ankara,Zayıflama,Nisan,İLKBAHAR,İÇ ANADOLU
7047,2012-04-07,Erkek,Denizli,Saç,Nisan,İLKBAHAR,EGE
7048,2012-04-07,Bayan,İstanbul,Zayıflama,Nisan,İLKBAHAR,MARMARA
7049,2012-04-07,Bayan,Ankara,Zayıflama,Nisan,İLKBAHAR,İÇ ANADOLU
7050,2012-04-07,Erkek,İzmir,Zayıflama,Nisan,İLKBAHAR,EGE
7051,2012-04-07,Erkek,Aydın,Bakım,Nisan,İLKBAHAR,EGE
7052,2012-04-07,Erkek,Ankara,Bakım,Nisan,İLKBAHAR,İÇ ANADOLU
7053,2012-04-07,Erkek,Ankara,Bakım,Nisan,İLKBAHAR,İÇ ANADOLU
7054,2012-04-07,Erkek,Kayseri,Cinsel,Nisan,İLKBAHAR,İÇ ANADOLU
7055,2012-04-09,Erkek,Kars,Bakım,Nisan,İLKBAHAR,DOĞU ANADOLU
7056,2012-04-09,Bayan,İzmir,DİĞER,Nisan,İLKBAHAR,EGE
7057,2012-04-09,Erkek,Kocaeli,Cinsel,Nisan,İLKBAHAR,MARMARA
7058,2012-04-09,Bayan,Eskişehir,Zayıflama,Nisan,İLKBAHAR,İÇ ANADOLU
7059,2012-04-09,Bayan,İstanbul,Zayıflama,Nisan,İLKBAHAR,MARMARA
7060,2012-04-09,Erkek,Muğla,Cinsel,Nisan,İLKBAHAR,EGE
7061,2012-04-09,Erkek,İstanbul,Bakım,Nisan,İLKBAHAR,MARMARA
7062,2012-04-09,Bayan,Adana,Cinsel,Nisan,İLKBAHAR,AKDENİZ
7063,2012-04-09,Bayan,İzmir,DİĞER,Nisan,İLKBAHAR,EGE
7064,2012-04-09,Erkek,İstanbul,Cinsel,Nisan,İLKBAHAR,MARMARA
7065,2012-04-09,Bayan,Konya,Bakım,Nisan,İLKBAHAR,İÇ ANADOLU
7066,2012-04-09,Bayan,Kocaeli,DİĞER,Nisan,İLKBAHAR,MARMARA
7067,2012-04-09,Erkek,Samsun,Bakım,Nisan,İLKBAHAR,KARADENİZ
7068,2012-04-09,Erkek,Gaziantep,DİĞER,Nisan,İLKBAHAR,GÜNEYDOĞU
7069,2012-04-09,Erkek,Bursa,Bakım,Nisan,İLKBAHAR,MARMARA
7070,2012-04-09,Erkek,Adana,Saç,Nisan,İLKBAHAR,AKDENİZ
7071,2012-04-09,Bayan,Antalya,Zayıflama,Nisan,İLKBAHAR,AKDENİZ
7072,2012-04-09,Bayan,Ankara,Bakım,Nisan,İLKBAHAR,İÇ ANADOLU
7073,2012-04-09,Erkek,Ankara,Bakım,Nisan,İLKBAHAR,İÇ ANADOLU
7074,2012-04-09,Erkek,Ankara,Bakım,Nisan,İLKBAHAR,İÇ ANADOLU
7075,2012-04-09,Erkek,İstanbul,Zayıflama,Nisan,İLKBAHAR,MARMARA
7076,2012-04-09,Bayan,Kırıkkale,Sağlık,Nisan,İLKBAHAR,İÇ ANADOLU
7077,2012-04-09,Bayan,İzmir,Zayıflama,Nisan,İLKBAHAR,EGE
7078,2012-04-09,Erkek,İzmir,Bakım,Nisan,İLKBAHAR,EGE
7079,2012-04-09,Erkek,İstanbul,DİĞER,Nisan,İLKBAHAR,MARMARA
7080,2012-04-09,Bayan,Kayseri,Zayıflama,Nisan,İLKBAHAR,İÇ ANADOLU
7081,2012-04-09,Erkek,Kocaeli,Cinsel,Nisan,İLKBAHAR,MARMARA
7082,2012-04-09,Erkek,İzmir,Zayıflama,Nisan,İLKBAHAR,EGE
7083,2012-04-09,Bayan,Mersin,Bakım,Nisan,İLKBAHAR,AKDENİZ
7084,2012-04-09,Erkek,İstanbul,Cinsel,Nisan,İLKBAHAR,MARMARA
7085,2012-04-09,Bayan,Denizli,Bakım,Nisan,İLKBAHAR,EGE
7086,2012-04-09,Erkek,Konya,Bakım,Nisan,İLKBAHAR,İÇ ANADOLU
7087,2012-04-09,Erkek,İstanbul,Zayıflama,Nisan,İLKBAHAR,MARMARA
7088,2012-04-09,Erkek,Aksaray,Bakım,Nisan,İLKBAHAR,İÇ ANADOLU
7089,2012-04-09,Erkek,Ankara,Bakım,Nisan,İLKBAHAR,İÇ ANADOLU
7090,2012-04-09,Bayan,Muğla,Zayıflama,Nisan,İLKBAHAR,EGE
7091,2012-04-09,Erkek,Ankara,Zayıflama,Nisan,İLKBAHAR,İÇ ANADOLU
7092,2012-04-09,Erkek,İstanbul,Zayıflama,Nisan,İLKBAHAR,MARMARA
7093,2012-04-09,Bayan,Kocaeli,Bakım,Nisan,İLKBAHAR,MARMARA
7094,2012-04-09,Bayan,İstanbul,Zayıflama,Nisan,İLKBAHAR,MARMARA
7095,2012-04-09,Erkek,İstanbul,Zayıflama,Nisan,İLKBAHAR,MARMARA
7096,2012-04-09,Erkek,Ankara,Cinsel,Nisan,İLKBAHAR,İÇ ANADOLU
7097,2012-04-10,Erkek,İstanbul,Bakım,Nisan,İLKBAHAR,MARMARA
7098,2012-04-10,Erkek,Gaziantep,Bakım,Nisan,İLKBAHAR,GÜNEYDOĞU
7099,2012-04-10,Erkek,Zonguldak,Bakım,Nisan,İLKBAHAR,KARADENİZ
7100,2012-04-10,Bayan,İzmir,Bakım,Nisan,İLKBAHAR,EGE
7101,2012-04-10,Bayan,Bursa,DİĞER,Nisan,İLKBAHAR,MARMARA
7102,2012-04-10,Erkek,İzmir,Zayıflama,Nisan,İLKBAHAR,EGE
7103,2012-04-10,Erkek,Sinop,Zayıflama,Nisan,İLKBAHAR,KARADENİZ
7104,2012-04-10,Erkek,İstanbul,Cinsel,Nisan,İLKBAHAR,MARMARA
7105,2012-04-10,Erkek,İstanbul,Bakım,Nisan,İLKBAHAR,MARMARA
7106,2012-04-10,Erkek,İstanbul,Güzellik,Nisan,İLKBAHAR,MARMARA
7107,2012-04-10,Bayan,İstanbul,Zayıflama,Nisan,İLKBAHAR,MARMARA
7108,2012-04-10,Bayan,Hatay,Zayıflama,Nisan,İLKBAHAR,AKDENİZ
7109,2012-04-10,Bayan,İzmir,Zayıflama,Nisan,İLKBAHAR,EGE
7110,2012-04-10,Erkek,Antalya,Güzellik,Nisan,İLKBAHAR,AKDENİZ
7111,2012-04-10,Erkek,Isparta,Zayıflama,Nisan,İLKBAHAR,AKDENİZ
7112,2012-04-10,Bayan,İstanbul,Zayıflama,Nisan,İLKBAHAR,MARMARA
7113,2012-04-10,Erkek,İstanbul,Cinsel,Nisan,İLKBAHAR,MARMARA
7114,2012-04-10,Erkek,Ankara,Cinsel,Nisan,İLKBAHAR,İÇ ANADOLU
7115,2012-04-10,Erkek,Bursa,DİĞER,Nisan,İLKBAHAR,MARMARA
7116,2012-04-10,Bayan,İstanbul,Bakım,Nisan,İLKBAHAR,MARMARA
7117,2012-04-10,Bayan,Diyarbakır,Cinsel,Nisan,İLKBAHAR,GÜNEYDOĞU
7118,2012-04-10,Bayan,İstanbul,Zayıflama,Nisan,İLKBAHAR,MARMARA
7119,2012-04-10,Erkek,İstanbul,Cinsel,Nisan,İLKBAHAR,MARMARA
7120,2012-04-10,Erkek,İzmir,Zayıflama,Nisan,İLKBAHAR,EGE
7121,2012-04-10,Erkek,İstanbul,Cinsel,Nisan,İLKBAHAR,MARMARA
7122,2012-04-10,Erkek,İstanbul,Cinsel,Nisan,İLKBAHAR,MARMARA
7123,2012-04-10,Bayan,Hatay,Zayıflama,Nisan,İLKBAHAR,AKDENİZ
7124,2012-04-10,Erkek,Balıkesir,Saç,Nisan,İLKBAHAR,MARMARA
7125,2012-04-10,Bayan,Ankara,Bakım,Nisan,İLKBAHAR,İÇ ANADOLU
7126,2012-04-10,Erkek,Muğla,Bakım,Nisan,İLKBAHAR,EGE
7127,2012-04-10,Erkek,İstanbul,Cinsel,Nisan,İLKBAHAR,MARMARA
7128,2012-04-10,Bayan,Diyarbakır,Cinsel,Nisan,İLKBAHAR,GÜNEYDOĞU
7129,2012-04-10,Erkek,İzmir,Zayıflama,Nisan,İLKBAHAR,EGE
7130,2012-04-10,Erkek,Elazığ,Zayıflama,Nisan,İLKBAHAR,DOĞU ANADOLU
7131,2012-04-10,Bayan,İzmir,DİĞER,Nisan,İLKBAHAR,EGE
7132,2012-04-11,Erkek,Ankara,Zayıflama,Nisan,İLKBAHAR,İÇ ANADOLU
7133,2012-04-11,Erkek,İstanbul,Bakım,Nisan,İLKBAHAR,MARMARA
7134,2012-04-11,Erkek,Ankara,Güzellik,Nisan,İLKBAHAR,İÇ ANADOLU
7135,2012-04-11,Erkek,Aydın,DİĞER,Nisan,İLKBAHAR,EGE
7136,2012-04-11,Erkek,Mardin,Zayıflama,Nisan,İLKBAHAR,GÜNEYDOĞU
7137,2012-04-11,Erkek,Antalya,Bakım,Nisan,İLKBAHAR,AKDENİZ
7138,2012-04-11,Bayan,Ağrı,Zayıflama,Nisan,İLKBAHAR,DOĞU ANADOLU
7139,2012-04-11,Bayan,Ankara,Cinsel,Nisan,İLKBAHAR,İÇ ANADOLU
7140,2012-04-11,Erkek,İstanbul,Cinsel,Nisan,İLKBAHAR,MARMARA
7141,2012-04-11,Erkek,İzmir,DİĞER,Nisan,İLKBAHAR,EGE
7142,2012-04-11,Bayan,İstanbul,Zayıflama,Nisan,İLKBAHAR,MARMARA
7143,2012-04-11,Erkek,İzmir,Bakım,Nisan,İLKBAHAR,EGE
7144,2012-04-11,Erkek,İstanbul,Bakım,Nisan,İLKBAHAR,MARMARA
7145,2012-04-11,Erkek,İstanbul,Güzellik,Nisan,İLKBAHAR,MARMARA
7146,2012-04-11,Erkek,İstanbul,Bakım,Nisan,İLKBAHAR,MARMARA
7147,2012-04-11,Erkek,Elazığ,Bakım,Nisan,İLKBAHAR,DOĞU ANADOLU
7148,2012-04-11,Bayan,Ankara,Zayıflama,Nisan,İLKBAHAR,İÇ ANADOLU
7149,2012-04-11,Bayan,Antalya,Zayıflama,Nisan,İLKBAHAR,AKDENİZ
7150,2012-04-11,Erkek,Aydın,Zayıflama,Nisan,İLKBAHAR,EGE
7151,2012-04-11,Bayan,İzmir,Zayıflama,Nisan,İLKBAHAR,EGE
7152,2012-04-11,Bayan,Antalya,Bakım,Nisan,İLKBAHAR,AKDENİZ
7153,2012-04-11,Bayan,İstanbul,Zayıflama,Nisan,İLKBAHAR,MARMARA
7154,2012-04-11,Bayan,Manisa,Zayıflama,Nisan,İLKBAHAR,EGE
7155,2012-04-11,Bayan,Manisa,Zayıflama,Nisan,İLKBAHAR,EGE
7156,2012-04-11,Bayan,İstanbul,Zayıflama,Nisan,İLKBAHAR,MARMARA
7157,2012-04-11,Erkek,Malatya,Cinsel,Nisan,İLKBAHAR,DOĞU ANADOLU
7158,2012-04-11,Erkek,Edirne,Zayıflama,Nisan,İLKBAHAR,MARMARA
7159,2012-04-11,Bayan,Eskişehir,Cinsel,Nisan,İLKBAHAR,İÇ ANADOLU
7160,2012-04-11,Bayan,Diyarbakır,Zayıflama,Nisan,İLKBAHAR,GÜNEYDOĞU
7161,2012-04-11,Bayan,İstanbul,Zayıflama,Nisan,İLKBAHAR,MARMARA
7162,2012-04-11,Erkek,Mersin,Cinsel,Nisan,İLKBAHAR,AKDENİZ
7163,2012-04-12,Erkek,Ankara,DİĞER,Nisan,İLKBAHAR,İÇ ANADOLU
7164,2012-04-12,Erkek,İstanbul,DİĞER,Nisan,İLKBAHAR,MARMARA
7165,2012-04-12,Erkek,Hatay,Cinsel,Nisan,İLKBAHAR,AKDENİZ
7166,2012-04-12,Bayan,İstanbul,Zayıflama,Nisan,İLKBAHAR,MARMARA
7167,2012-04-12,Erkek,İstanbul,Bakım,Nisan,İLKBAHAR,MARMARA
7168,2012-04-12,Bayan,İzmir,Zayıflama,Nisan,İLKBAHAR,EGE
7169,2012-04-12,Erkek,Mersin,Bakım,Nisan,İLKBAHAR,AKDENİZ
7170,2012-04-12,Bayan,İstanbul,Bakım,Nisan,İLKBAHAR,MARMARA
7171,2012-04-12,Erkek,Ankara,Zayıflama,Nisan,İLKBAHAR,İÇ ANADOLU
7172,2012-04-12,Erkek,İstanbul,Cinsel,Nisan,İLKBAHAR,MARMARA
7173,2012-04-12,Erkek,Mersin,Zayıflama,Nisan,İLKBAHAR,AKDENİZ
7174,2012-04-12,Erkek,Muş,Bakım,Nisan,İLKBAHAR,DOĞU ANADOLU
7175,2012-04-12,Erkek,Konya,Zayıflama,Nisan,İLKBAHAR,İÇ ANADOLU
7176,2012-04-12,Erkek,Hatay,Bakım,Nisan,İLKBAHAR,AKDENİZ
7177,2012-04-12,Bayan,İzmir,Zayıflama,Nisan,İLKBAHAR,EGE
7178,2012-04-12,Erkek,Kahramanmaraş,Zayıflama,Nisan,İLKBAHAR,AKDENİZ
7179,2012-04-12,Erkek,Aydın,Bakım,Nisan,İLKBAHAR,EGE
7180,2012-04-12,Bayan,İzmir,Zayıflama,Nisan,İLKBAHAR,EGE
7181,2012-04-12,Erkek,Tunceli,Zayıflama,Nisan,İLKBAHAR,DOĞU ANADOLU
7182,2012-04-12,Erkek,Mersin,Bakım,Nisan,İLKBAHAR,AKDENİZ
7183,2012-04-12,Erkek,Ordu,Cinsel,Nisan,İLKBAHAR,KARADENİZ
7184,2012-04-12,Erkek,Afyon,DİĞER,Nisan,İLKBAHAR,EGE
7185,2012-04-12,Bayan,Ankara,DİĞER,Nisan,İLKBAHAR,İÇ ANADOLU
7186,2012-04-12,Erkek,Hatay,Cinsel,Nisan,İLKBAHAR,AKDENİZ
7187,2012-04-12,Erkek,Antalya,DİĞER,Nisan,İLKBAHAR,AKDENİZ
7188,2012-04-12,Erkek,Muğla,Cinsel,Nisan,İLKBAHAR,EGE
7189,2012-04-12,Erkek,Balıkesir,Zayıflama,Nisan,İLKBAHAR,MARMARA
7190,2012-04-12,Erkek,Balıkesir,Bakım,Nisan,İLKBAHAR,MARMARA
7191,2012-04-12,Erkek,Manisa,DİĞER,Nisan,İLKBAHAR,EGE
7192,2012-04-12,Bayan,İstanbul,Zayıflama,Nisan,İLKBAHAR,MARMARA
7193,2012-04-13,Erkek,Zonguldak,DİĞER,Nisan,İLKBAHAR,KARADENİZ
7194,2012-04-13,Erkek,Ankara,Zayıflama,Nisan,İLKBAHAR,İÇ ANADOLU
7195,2012-04-13,Bayan,Balıkesir,Zayıflama,Nisan,İLKBAHAR,MARMARA
7196,2012-04-13,Erkek,Trabzon,Bakım,Nisan,İLKBAHAR,KARADENİZ
7197,2012-04-13,Bayan,İzmir,Bakım,Nisan,İLKBAHAR,EGE
7198,2012-04-13,Erkek,Yalova,DİĞER,Nisan,İLKBAHAR,MARMARA
7199,2012-04-13,Erkek,Ankara,Bakım,Nisan,İLKBAHAR,İÇ ANADOLU
7200,2012-04-13,Bayan,Ankara,Zayıflama,Nisan,İLKBAHAR,İÇ ANADOLU
7201,2012-04-13,Erkek,İstanbul,Cinsel,Nisan,İLKBAHAR,MARMARA
7202,2012-04-13,Erkek,Konya,Zayıflama,Nisan,İLKBAHAR,İÇ ANADOLU
7203,2012-04-13,Bayan,İzmir,DİĞER,Nisan,İLKBAHAR,EGE
7204,2012-04-13,Erkek,Gaziantep,Güzellik,Nisan,İLKBAHAR,GÜNEYDOĞU
7205,2012-04-13,Erkek,Eskişehir,Bakım,Nisan,İLKBAHAR,İÇ ANADOLU
7206,2012-04-13,Bayan,Ankara,Zayıflama,Nisan,İLKBAHAR,İÇ ANADOLU
7207,2012-04-13,Bayan,Eskişehir,Güzellik,Nisan,İLKBAHAR,İÇ ANADOLU
7208,2012-04-13,Erkek,Ankara,Cinsel,Nisan,İLKBAHAR,İÇ ANADOLU
7209,2012-04-13,Erkek,İstanbul,Bakım,Nisan,İLKBAHAR,MARMARA
7210,2012-04-13,Erkek,İstanbul,Bakım,Nisan,İLKBAHAR,MARMARA
7211,2012-04-13,Erkek,Sinop,Cinsel,Nisan,İLKBAHAR,KARADENİZ
7212,2012-04-13,Erkek,Antalya,Zayıflama,Nisan,İLKBAHAR,AKDENİZ
7213,2012-04-13,Erkek,İstanbul,DİĞER,Nisan,İLKBAHAR,MARMARA
7214,2012-04-13,Bayan,İstanbul,Cinsel,Nisan,İLKBAHAR,MARMARA
7215,2012-04-13,Bayan,İzmir,Zayıflama,Nisan,İLKBAHAR,EGE
7216,2012-04-14,Erkek,Çanakkale,Cinsel,Nisan,İLKBAHAR,MARMARA
7217,2012-04-14,Bayan,İstanbul,DİĞER,Nisan,İLKBAHAR,MARMARA
7218,2012-04-14,Erkek,Kocaeli,Bakım,Nisan,İLKBAHAR,MARMARA
7219,2012-04-14,Bayan,Tokat,Bakım,Nisan,İLKBAHAR,KARADENİZ
7220,2012-04-14,Bayan,Muş,Zayıflama,Nisan,İLKBAHAR,DOĞU ANADOLU
7221,2012-04-14,Erkek,Kocaeli,Cinsel,Nisan,İLKBAHAR,MARMARA
7222,2012-04-14,Erkek,İzmir,Bakım,Nisan,İLKBAHAR,EGE
7223,2012-04-14,Bayan,İstanbul,Bakım,Nisan,İLKBAHAR,MARMARA
7224,2012-04-14,Bayan,Antalya,Bakım,Nisan,İLKBAHAR,AKDENİZ
7225,2012-04-14,Erkek,İstanbul,Bakım,Nisan,İLKBAHAR,MARMARA
7226,2012-04-14,Erkek,Gaziantep,Bakım,Nisan,İLKBAHAR,GÜNEYDOĞU
7227,2012-04-14,Bayan,Mersin,DİĞER,Nisan,İLKBAHAR,AKDENİZ
7228,2012-04-14,Erkek,Zonguldak,Bakım,Nisan,İLKBAHAR,KARADENİZ
7229,2012-04-14,Bayan,Zonguldak,Bakım,Nisan,İLKBAHAR,KARADENİZ
7230,2012-04-14,Erkek,İstanbul,Zayıflama,Nisan,İLKBAHAR,MARMARA
7231,2012-04-14,Bayan,Ankara,Cinsel,Nisan,İLKBAHAR,İÇ ANADOLU
7232,2012-04-16,Erkek,Sinop,Cinsel,Nisan,İLKBAHAR,KARADENİZ
7233,2012-04-16,Erkek,Düzce,DİĞER,Nisan,İLKBAHAR,KARADENİZ
7234,2012-04-16,Bayan,Afyon,Bakım,Nisan,İLKBAHAR,EGE
7235,2012-04-16,Erkek,Antalya,Cinsel,Nisan,İLKBAHAR,AKDENİZ
7236,2012-04-16,Bayan,Muğla,Bakım,Nisan,İLKBAHAR,EGE
7237,2012-04-16,Bayan,Şırnak,Bakım,Nisan,İLKBAHAR,DOĞU ANADOLU
7238,2012-04-16,Bayan,Kocaeli,Cinsel,Nisan,İLKBAHAR,MARMARA
7239,2012-04-16,Erkek,Mardin,Zayıflama,Nisan,İLKBAHAR,GÜNEYDOĞU
7240,2012-04-16,Bayan,İstanbul,Zayıflama,Nisan,İLKBAHAR,MARMARA
7241,2012-04-16,Erkek,İstanbul,Zayıflama,Nisan,İLKBAHAR,MARMARA
7242,2012-04-16,Erkek,İzmir,Zayıflama,Nisan,İLKBAHAR,EGE
7243,2012-04-16,Erkek,Erzincan,Bakım,Nisan,İLKBAHAR,DOĞU ANADOLU
7244,2012-04-16,Erkek,İçel,Güzellik,Nisan,İLKBAHAR,AKDENİZ
7245,2012-04-16,Erkek,İstanbul,Sağlık,Nisan,İLKBAHAR,MARMARA
7246,2012-04-16,Erkek,Tunceli,Güzellik,Nisan,İLKBAHAR,DOĞU ANADOLU
7247,2012-04-16,Erkek,Kahramanmaraş,Bakım,Nisan,İLKBAHAR,AKDENİZ
7248,2012-04-16,Erkek,Amasya,Bakım,Nisan,İLKBAHAR,KARADENİZ
7249,2012-04-16,Erkek,Ankara,Cinsel,Nisan,İLKBAHAR,İÇ ANADOLU
7250,2012-04-16,Bayan,İstanbul,Bakım,Nisan,İLKBAHAR,MARMARA
7251,2012-04-16,Erkek,Aydın,DİĞER,Nisan,İLKBAHAR,EGE
7252,2012-04-16,Bayan,İzmir,Zayıflama,Nisan,İLKBAHAR,EGE
7253,2012-04-16,Bayan,İstanbul,Bakım,Nisan,İLKBAHAR,MARMARA
7254,2012-04-16,Bayan,Antalya,Zayıflama,Nisan,İLKBAHAR,AKDENİZ
7255,2012-04-16,Erkek,Balıkesir,Bakım,Nisan,İLKBAHAR,MARMARA
7256,2012-04-16,Erkek,Aksaray,Cinsel,Nisan,İLKBAHAR,İÇ ANADOLU
7257,2012-04-16,Erkek,İstanbul,Güzellik,Nisan,İLKBAHAR,MARMARA
7258,2012-04-16,Erkek,İzmir,Zayıflama,Nisan,İLKBAHAR,EGE
7259,2012-04-16,Erkek,İstanbul,Bakım,Nisan,İLKBAHAR,MARMARA
7260,2012-04-16,Erkek,Aydın,Bakım,Nisan,İLKBAHAR,EGE
7261,2012-04-16,Erkek,Denizli,DİĞER,Nisan,İLKBAHAR,EGE
7262,2012-04-16,Bayan,Mersin,Bakım,Nisan,İLKBAHAR,AKDENİZ
7263,2012-04-16,Erkek,İstanbul,Sağlık,Nisan,İLKBAHAR,MARMARA
7264,2012-04-16,Bayan,İstanbul,Bakım,Nisan,İLKBAHAR,MARMARA
7265,2012-04-16,Bayan,İstanbul,Zayıflama,Nisan,İLKBAHAR,MARMARA
7266,2012-04-16,Erkek,Ordu,Zayıflama,Nisan,İLKBAHAR,KARADENİZ
7267,2012-04-16,Bayan,Eskişehir,Zayıflama,Nisan,İLKBAHAR,İÇ ANADOLU
7268,2012-04-16,Bayan,İstanbul,Zayıflama,Nisan,İLKBAHAR,MARMARA
7269,2012-04-16,Bayan,İstanbul,Zayıflama,Nisan,İLKBAHAR,MARMARA
7270,2012-04-16,Bayan,Aydın,Zayıflama,Nisan,İLKBAHAR,EGE
7271,2012-04-16,Erkek,Kars,DİĞER,Nisan,İLKBAHAR,DOĞU ANADOLU
7272,2012-04-16,Erkek,Sivas,Cinsel,Nisan,İLKBAHAR,İÇ ANADOLU
7273,2012-04-16,Erkek,Ankara,Bakım,Nisan,İLKBAHAR,İÇ ANADOLU
7274,2012-04-16,Bayan,İzmir,Sağlık,Nisan,İLKBAHAR,EGE
7275,2012-04-16,Erkek,İstanbul,DİĞER,Nisan,İLKBAHAR,MARMARA
7276,2012-04-16,Bayan,Kocaeli,Bakım,Nisan,İLKBAHAR,MARMARA
7277,2012-04-16,Bayan,Elazığ,Bakım,Nisan,İLKBAHAR,DOĞU ANADOLU
7278,2012-04-16,Erkek,Gaziantep,DİĞER,Nisan,İLKBAHAR,GÜNEYDOĞU
7279,2012-04-16,Erkek,Antalya,DİĞER,Nisan,İLKBAHAR,AKDENİZ
7280,2012-04-16,Erkek,Diyarbakır,DİĞER,Nisan,İLKBAHAR,GÜNEYDOĞU
7281,2012-04-16,Erkek,Şanlıurfa,Zayıflama,Nisan,İLKBAHAR,GÜNEYDOĞU
7282,2012-04-16,Erkek,Eskişehir,Zayıflama,Nisan,İLKBAHAR,İÇ ANADOLU
7283,2012-04-16,Bayan,Aydın,Zayıflama,Nisan,İLKBAHAR,EGE
7284,2012-04-16,Erkek,İstanbul,Bakım,Nisan,İLKBAHAR,MARMARA
7285,2012-04-16,Erkek,İstanbul,Bakım,Nisan,İLKBAHAR,MARMARA
7286,2012-04-16,Bayan,İstanbul,Zayıflama,Nisan,İLKBAHAR,MARMARA
7287,2012-04-16,Bayan,İstanbul,Güzellik,Nisan,İLKBAHAR,MARMARA
7288,2012-04-16,Bayan,İstanbul,Zayıflama,Nisan,İLKBAHAR,MARMARA
7289,2012-04-16,Erkek,Bursa,Bakım,Nisan,İLKBAHAR,MARMARA
7290,2012-04-16,Erkek,İzmir,Zayıflama,Nisan,İLKBAHAR,EGE
7291,2012-04-16,Bayan,İstanbul,Zayıflama,Nisan,İLKBAHAR,MARMARA
7292,2012-04-16,Bayan,İstanbul,Zayıflama,Nisan,İLKBAHAR,MARMARA
7293,2012-04-16,Bayan,Mardin,Cinsel,Nisan,İLKBAHAR,GÜNEYDOĞU
7294,2012-04-16,Erkek,Şanlıurfa,Zayıflama,Nisan,İLKBAHAR,GÜNEYDOĞU
7295,2012-04-16,Erkek,Kütahya,Bakım,Nisan,İLKBAHAR,EGE
7296,2012-04-17,Bayan,Gaziantep,Zayıflama,Nisan,İLKBAHAR,GÜNEYDOĞU
7297,2012-04-17,Erkek,Amasya,Zayıflama,Nisan,İLKBAHAR,KARADENİZ
7298,2012-04-17,Bayan,Kocaeli,Bakım,Nisan,İLKBAHAR,MARMARA
7299,2012-04-17,Erkek,Muş,DİĞER,Nisan,İLKBAHAR,DOĞU ANADOLU
7300,2012-04-17,Erkek,Kütahya,Zayıflama,Nisan,İLKBAHAR,EGE
7301,2012-04-17,Bayan,İstanbul,Cinsel,Nisan,İLKBAHAR,MARMARA
7302,2012-04-17,Bayan,Aydın,Zayıflama,Nisan,İLKBAHAR,EGE
7303,2012-04-17,Erkek,Trabzon,Bakım,Nisan,İLKBAHAR,KARADENİZ
7304,2012-04-17,Erkek,İstanbul,Zayıflama,Nisan,İLKBAHAR,MARMARA
7305,2012-04-17,Bayan,Elazığ,Cinsel,Nisan,İLKBAHAR,DOĞU ANADOLU
7306,2012-04-17,Erkek,Zonguldak,Zayıflama,Nisan,İLKBAHAR,KARADENİZ
7307,2012-04-17,Bayan,İstanbul,DİĞER,Nisan,İLKBAHAR,MARMARA
7308,2012-04-17,Bayan,Ankara,Bakım,Nisan,İLKBAHAR,İÇ ANADOLU
7309,2012-04-17,Bayan,Aydın,Bakım,Nisan,İLKBAHAR,EGE
7310,2012-04-17,Bayan,Kocaeli,Zayıflama,Nisan,İLKBAHAR,MARMARA
7311,2012-04-17,Bayan,Bursa,Saç,Nisan,İLKBAHAR,MARMARA
7312,2012-04-17,Bayan,Ankara,DİĞER,Nisan,İLKBAHAR,İÇ ANADOLU
7313,2012-04-17,Erkek,Kocaeli,Cinsel,Nisan,İLKBAHAR,MARMARA
7314,2012-04-17,Bayan,Konya,DİĞER,Nisan,İLKBAHAR,İÇ ANADOLU
7315,2012-04-17,Bayan,Kocaeli,Güzellik,Nisan,İLKBAHAR,MARMARA
7316,2012-04-17,Erkek,Konya,Cinsel,Nisan,İLKBAHAR,İÇ ANADOLU
7317,2012-04-17,Erkek,Kayseri,DİĞER,Nisan,İLKBAHAR,İÇ ANADOLU
7318,2012-04-17,Erkek,Trabzon,DİĞER,Nisan,İLKBAHAR,KARADENİZ
7319,2012-04-17,Bayan,İstanbul,Zayıflama,Nisan,İLKBAHAR,MARMARA
7320,2012-04-17,Bayan,İstanbul,Bakım,Nisan,İLKBAHAR,MARMARA
7321,2012-04-17,Bayan,Çanakkale,Zayıflama,Nisan,İLKBAHAR,MARMARA
7322,2012-04-17,Erkek,Denizli,DİĞER,Nisan,İLKBAHAR,EGE
7323,2012-04-17,Erkek,Elazığ,DİĞER,Nisan,İLKBAHAR,DOĞU ANADOLU
7324,2012-04-17,Erkek,Aydın,Zayıflama,Nisan,İLKBAHAR,EGE
7325,2012-04-17,Erkek,Ankara,Cinsel,Nisan,İLKBAHAR,İÇ ANADOLU
7326,2012-04-17,Erkek,Ankara,Bakım,Nisan,İLKBAHAR,İÇ ANADOLU
7327,2012-04-17,Bayan,İzmir,Güzellik,Nisan,İLKBAHAR,EGE
7328,2012-04-18,Erkek,Hatay,Bakım,Nisan,İLKBAHAR,AKDENİZ
7329,2012-04-18,Bayan,İzmir,DİĞER,Nisan,İLKBAHAR,EGE
7330,2012-04-18,Erkek,Artvin,Bakım,Nisan,İLKBAHAR,KARADENİZ
7331,2012-04-18,Erkek,Van,Cinsel,Nisan,İLKBAHAR,DOĞU ANADOLU
7332,2012-04-18,Erkek,Şanlıurfa,Cinsel,Nisan,İLKBAHAR,GÜNEYDOĞU
7333,2012-04-18,Erkek,Adana,Bakım,Nisan,İLKBAHAR,AKDENİZ
7334,2012-04-18,Erkek,İstanbul,DİĞER,Nisan,İLKBAHAR,MARMARA
7335,2012-04-18,Erkek,İstanbul,Güzellik,Nisan,İLKBAHAR,MARMARA
7336,2012-04-18,Bayan,Adıyaman,Zayıflama,Nisan,İLKBAHAR,GÜNEYDOĞU
7337,2012-04-18,Bayan,İstanbul,Cinsel,Nisan,İLKBAHAR,MARMARA
7338,2012-04-18,Erkek,İzmir,DİĞER,Nisan,İLKBAHAR,EGE
7339,2012-04-18,Erkek,Isparta,DİĞER,Nisan,İLKBAHAR,AKDENİZ
7340,2012-04-18,Erkek,Denizli,DİĞER,Nisan,İLKBAHAR,EGE
7341,2012-04-18,Erkek,Kayseri,DİĞER,Nisan,İLKBAHAR,İÇ ANADOLU
7342,2012-04-18,Bayan,Konya,DİĞER,Nisan,İLKBAHAR,İÇ ANADOLU
7343,2012-04-18,Erkek,Antalya,Bakım,Nisan,İLKBAHAR,AKDENİZ
7344,2012-04-18,Erkek,Eskişehir,DİĞER,Nisan,İLKBAHAR,İÇ ANADOLU
7345,2012-04-18,Erkek,İzmir,Zayıflama,Nisan,İLKBAHAR,EGE
7346,2012-04-18,Bayan,İstanbul,Bakım,Nisan,İLKBAHAR,MARMARA
7347,2012-04-18,Erkek,İstanbul,Cinsel,Nisan,İLKBAHAR,MARMARA
7348,2012-04-18,Erkek,Ankara,DİĞER,Nisan,İLKBAHAR,İÇ ANADOLU
7349,2012-04-18,Erkek,Hatay,Bakım,Nisan,İLKBAHAR,AKDENİZ
7350,2012-04-18,Bayan,Ankara,Zayıflama,Nisan,İLKBAHAR,İÇ ANADOLU
7351,2012-04-18,Bayan,İzmir,Bakım,Nisan,İLKBAHAR,EGE
7352,2012-04-18,Erkek,Ankara,Zayıflama,Nisan,İLKBAHAR,İÇ ANADOLU
7353,2012-04-18,Bayan,İstanbul,DİĞER,Nisan,İLKBAHAR,MARMARA
7354,2012-04-18,Bayan,Uşak,Bakım,Nisan,İLKBAHAR,EGE
7355,2012-04-18,Erkek,İstanbul,Zayıflama,Nisan,İLKBAHAR,MARMARA
7356,2012-04-19,Erkek,Konya,Cinsel,Nisan,İLKBAHAR,İÇ ANADOLU
7357,2012-04-19,Erkek,Manisa,DİĞER,Nisan,İLKBAHAR,EGE
7358,2012-04-19,Bayan,İstanbul,Zayıflama,Nisan,İLKBAHAR,MARMARA
7359,2012-04-19,Bayan,Ordu,Bakım,Nisan,İLKBAHAR,KARADENİZ
7360,2012-04-19,Bayan,Malatya,Zayıflama,Nisan,İLKBAHAR,DOĞU ANADOLU
7361,2012-04-19,Erkek,Malatya,Zayıflama,Nisan,İLKBAHAR,DOĞU ANADOLU
7362,2012-04-19,Bayan,Van,Zayıflama,Nisan,İLKBAHAR,DOĞU ANADOLU
7363,2012-04-19,Erkek,İstanbul,Cinsel,Nisan,İLKBAHAR,MARMARA
7364,2012-04-19,Erkek,İstanbul,Bakım,Nisan,İLKBAHAR,MARMARA
7365,2012-04-19,Erkek,İzmir,Bakım,Nisan,İLKBAHAR,EGE
7366,2012-04-19,Erkek,Edirne,Cinsel,Nisan,İLKBAHAR,MARMARA
7367,2012-04-19,Bayan,İstanbul,Bakım,Nisan,İLKBAHAR,MARMARA
7368,2012-04-19,Bayan,Isparta,Zayıflama,Nisan,İLKBAHAR,AKDENİZ
7369,2012-04-19,Erkek,Kütahya,Bakım,Nisan,İLKBAHAR,EGE
7370,2012-04-19,Bayan,Ankara,Zayıflama,Nisan,İLKBAHAR,İÇ ANADOLU
7371,2012-04-19,Bayan,Tekirdağ,Bakım,Nisan,İLKBAHAR,MARMARA
7372,2012-04-19,Erkek,İstanbul,Cinsel,Nisan,İLKBAHAR,MARMARA
7373,2012-04-19,Erkek,Bolu,DİĞER,Nisan,İLKBAHAR,KARADENİZ
7374,2012-04-19,Erkek,İstanbul,Bakım,Nisan,İLKBAHAR,MARMARA
7375,2012-04-19,Erkek,İstanbul,Zayıflama,Nisan,İLKBAHAR,MARMARA
7376,2012-04-19,Erkek,Bolu,Bakım,Nisan,İLKBAHAR,KARADENİZ
7377,2012-04-19,Erkek,Ankara,DİĞER,Nisan,İLKBAHAR,İÇ ANADOLU
7378,2012-04-19,Erkek,Yozgat,Bakım,Nisan,İLKBAHAR,İÇ ANADOLU
7379,2012-04-19,Erkek,Muğla,Bakım,Nisan,İLKBAHAR,EGE
7380,2012-04-19,Erkek,Muğla,Bakım,Nisan,İLKBAHAR,EGE
7381,2012-04-19,Erkek,Kocaeli,Cinsel,Nisan,İLKBAHAR,MARMARA
7382,2012-04-20,Bayan,Karaman,Zayıflama,Nisan,İLKBAHAR,İÇ ANADOLU
7383,2012-04-20,Bayan,Ankara,Zayıflama,Nisan,İLKBAHAR,İÇ ANADOLU
7384,2012-04-20,Erkek,Ankara,Bakım,Nisan,İLKBAHAR,İÇ ANADOLU
7385,2012-04-20,Erkek,Trabzon,Zayıflama,Nisan,İLKBAHAR,KARADENİZ
7386,2012-04-20,Erkek,Amasya,Bakım,Nisan,İLKBAHAR,KARADENİZ
7387,2012-04-20,Erkek,İstanbul,DİĞER,Nisan,İLKBAHAR,MARMARA
7388,2012-04-20,Erkek,İzmir,Zayıflama,Nisan,İLKBAHAR,EGE
7389,2012-04-20,Erkek,İstanbul,Sağlık,Nisan,İLKBAHAR,MARMARA
7390,2012-04-20,Erkek,İstanbul,Bakım,Nisan,İLKBAHAR,MARMARA
7391,2012-04-20,Erkek,İstanbul,Zayıflama,Nisan,İLKBAHAR,MARMARA
7392,2012-04-20,Bayan,İstanbul,Zayıflama,Nisan,İLKBAHAR,MARMARA
7393,2012-04-20,Erkek,Şırnak,Güzellik,Nisan,İLKBAHAR,DOĞU ANADOLU
7394,2012-04-20,Bayan,Diyarbakır,Zayıflama,Nisan,İLKBAHAR,GÜNEYDOĞU
7395,2012-04-20,Erkek,İstanbul,Zayıflama,Nisan,İLKBAHAR,MARMARA
7396,2012-04-20,Bayan,Bursa,Bakım,Nisan,İLKBAHAR,MARMARA
7397,2012-04-20,Erkek,Samsun,Cinsel,Nisan,İLKBAHAR,KARADENİZ
7398,2012-04-20,Bayan,İstanbul,Bakım,Nisan,İLKBAHAR,MARMARA
7399,2012-04-20,Bayan,Eskişehir,Zayıflama,Nisan,İLKBAHAR,İÇ ANADOLU
7400,2012-04-20,Bayan,Antalya,Bakım,Nisan,İLKBAHAR,AKDENİZ
7401,2012-04-20,Erkek,Bursa,Bakım,Nisan,İLKBAHAR,MARMARA
7402,2012-04-20,Bayan,Manisa,Zayıflama,Nisan,İLKBAHAR,EGE
7403,2012-04-20,Bayan,Bursa,Zayıflama,Nisan,İLKBAHAR,MARMARA
7404,2012-04-20,Bayan,Ankara,Zayıflama,Nisan,İLKBAHAR,İÇ ANADOLU
7405,2012-01-26,Erkek,Çanakkale,DİĞER,Ocak,KIŞ,MARMARA
7406,2012-01-26,Bayan,Adana,Zayıflama,Ocak,KIŞ,AKDENİZ
7407,2012-01-26,Bayan,Mersin,DİĞER,Ocak,KIŞ,AKDENİZ
7408,2012-01-26,Bayan,İstanbul,Cinsel,Ocak,KIŞ,MARMARA
7409,2012-01-26,Erkek,Ankara,Zayıflama,Ocak,KIŞ,İÇ ANADOLU
7410,2012-01-27,Erkek,Ankara,Saç,Ocak,KIŞ,İÇ ANADOLU
7411,2012-01-27,Erkek,İstanbul,DİĞER,Ocak,KIŞ,MARMARA
7412,2012-01-27,Bayan,Mersin,Zayıflama,Ocak,KIŞ,AKDENİZ
7413,2012-01-27,Bayan,Samsun,DİĞER,Ocak,KIŞ,KARADENİZ
7414,2012-01-27,Erkek,Trabzon,Zayıflama,Ocak,KIŞ,KARADENİZ
7415,2012-01-27,Erkek,İstanbul,Zayıflama,Ocak,KIŞ,MARMARA
7416,2012-01-27,Bayan,Ankara,Zayıflama,Ocak,KIŞ,İÇ ANADOLU
7417,2012-01-27,Erkek,Giresun,Saç,Ocak,KIŞ,KARADENİZ
7418,2012-01-27,Erkek,Van,Saç,Ocak,KIŞ,DOĞU ANADOLU
7419,2012-01-27,Erkek,Muş,Zayıflama,Ocak,KIŞ,DOĞU ANADOLU
7420,2012-01-27,Erkek,Ankara,Sağlık,Ocak,KIŞ,İÇ ANADOLU
7421,2012-01-27,Erkek,Ankara,Zayıflama,Ocak,KIŞ,İÇ ANADOLU
7422,2012-01-27,Bayan,İstanbul,Zayıflama,Ocak,KIŞ,MARMARA
7423,2012-01-27,Erkek,İstanbul,DİĞER,Ocak,KIŞ,MARMARA
7424,2012-01-27,Bayan,Trabzon,Zayıflama,Ocak,KIŞ,KARADENİZ
7425,2012-01-27,Bayan,İstanbul,Zayıflama,Ocak,KIŞ,MARMARA
7426,2012-01-27,Erkek,Kastamonu,Zayıflama,Ocak,KIŞ,KARADENİZ
7427,2012-01-27,Erkek,Samsun,Cinsel,Ocak,KIŞ,KARADENİZ
7428,2012-01-27,Erkek,Siirt,DİĞER,Ocak,KIŞ,GÜNEYDOĞU
7429,2012-01-27,Erkek,İstanbul,Cinsel,Ocak,KIŞ,MARMARA
7430,2012-01-28,Erkek,İstanbul,Zayıflama,Ocak,KIŞ,MARMARA
7431,2012-01-28,Erkek,Mersin,Bakım,Ocak,KIŞ,AKDENİZ
7432,2012-01-28,Erkek,İstanbul,Güzellik,Ocak,KIŞ,MARMARA
7433,2012-01-28,Bayan,İstanbul,Saç,Ocak,KIŞ,MARMARA
7434,2012-01-28,Bayan,İstanbul,Zayıflama,Ocak,KIŞ,MARMARA
7435,2012-01-28,Bayan,İstanbul,Zayıflama,Ocak,KIŞ,MARMARA
7436,2012-01-28,Bayan,İstanbul,Zayıflama,Ocak,KIŞ,MARMARA
7437,2012-01-28,Erkek,Konya,Zayıflama,Ocak,KIŞ,İÇ ANADOLU
7438,2012-01-28,Bayan,İzmir,Zayıflama,Ocak,KIŞ,EGE
7439,2012-01-28,Erkek,İstanbul,Güzellik,Ocak,KIŞ,MARMARA
7440,2012-01-28,Bayan,İzmir,Güzellik,Ocak,KIŞ,EGE
7441,2012-01-28,Bayan,Gaziantep,Zayıflama,Ocak,KIŞ,GÜNEYDOĞU
7442,2012-01-28,Bayan,Uşak,Zayıflama,Ocak,KIŞ,EGE
7443,2012-01-28,Erkek,İstanbul,Bakım,Ocak,KIŞ,MARMARA
7444,2012-01-28,Bayan,İstanbul,Zayıflama,Ocak,KIŞ,MARMARA
7445,2012-01-28,Bayan,İstanbul,Güzellik,Ocak,KIŞ,MARMARA
7446,2012-01-28,Bayan,Hatay,Güzellik,Ocak,KIŞ,AKDENİZ
7447,2012-01-28,Erkek,Yozgat,Güzellik,Ocak,KIŞ,İÇ ANADOLU
7448,2012-01-30,Bayan,Kayseri,DİĞER,Ocak,KIŞ,İÇ ANADOLU
7449,2012-01-30,Erkek,Rize,DİĞER,Ocak,KIŞ,KARADENİZ
7450,2012-01-30,Bayan,Samsun,Zayıflama,Ocak,KIŞ,KARADENİZ
7451,2012-01-30,Erkek,Konya,Saç,Ocak,KIŞ,İÇ ANADOLU
7452,2012-01-30,Bayan,Balıkesir,Zayıflama,Ocak,KIŞ,MARMARA
7453,2012-01-30,Bayan,Tokat,Saç,Ocak,KIŞ,KARADENİZ
7454,2012-01-30,Erkek,İstanbul,DİĞER,Ocak,KIŞ,MARMARA
7455,2012-01-30,Erkek,Kayseri,Güzellik,Ocak,KIŞ,İÇ ANADOLU
7456,2012-01-30,Bayan,İstanbul,Zayıflama,Ocak,KIŞ,MARMARA
7457,2012-01-30,Bayan,Trabzon,Cinsel,Ocak,KIŞ,KARADENİZ
7458,2012-01-30,Erkek,Denizli,DİĞER,Ocak,KIŞ,EGE
7459,2012-01-30,Erkek,İzmir,Zayıflama,Ocak,KIŞ,EGE
7460,2012-01-30,Erkek,İstanbul,Zayıflama,Ocak,KIŞ,MARMARA
7461,2012-01-30,Bayan,Ankara,Zayıflama,Ocak,KIŞ,İÇ ANADOLU
7462,2012-01-30,Erkek,Ankara,Zayıflama,Ocak,KIŞ,İÇ ANADOLU
7463,2012-01-30,Erkek,Ankara,Zayıflama,Ocak,KIŞ,İÇ ANADOLU
7464,2012-01-30,Erkek,İzmir,Zayıflama,Ocak,KIŞ,EGE
7465,2012-01-30,Bayan,Ankara,Zayıflama,Ocak,KIŞ,İÇ ANADOLU
7466,2012-01-30,Bayan,İstanbul,Zayıflama,Ocak,KIŞ,MARMARA
7467,2012-01-30,Bayan,İstanbul,Zayıflama,Ocak,KIŞ,MARMARA
7468,2012-01-30,Bayan,Muğla,Zayıflama,Ocak,KIŞ,EGE
7469,2012-01-30,Bayan,Ankara,Zayıflama,Ocak,KIŞ,İÇ ANADOLU
7470,2012-01-30,Erkek,İzmir,Zayıflama,Ocak,KIŞ,EGE
7471,2012-01-30,Bayan,İstanbul,Zayıflama,Ocak,KIŞ,MARMARA
7472,2012-01-30,Erkek,Antalya,DİĞER,Ocak,KIŞ,AKDENİZ
7473,2012-01-30,Bayan,İstanbul,Zayıflama,Ocak,KIŞ,MARMARA
7474,2012-01-30,Erkek,Eskişehir,Zayıflama,Ocak,KIŞ,İÇ ANADOLU
7475,2012-01-30,Erkek,Konya,Cinsel,Ocak,KIŞ,İÇ ANADOLU
7476,2012-01-30,Erkek,Bursa,Zayıflama,Ocak,KIŞ,MARMARA
7477,2012-01-30,Erkek,Ardahan,Cinsel,Ocak,KIŞ,DOĞU ANADOLU
7478,2012-01-30,Erkek,Malatya,Cinsel,Ocak,KIŞ,DOĞU ANADOLU
7479,2012-01-30,Erkek,Samsun,Zayıflama,Ocak,KIŞ,KARADENİZ
7480,2012-01-30,Erkek,Ankara,Sağlık,Ocak,KIŞ,İÇ ANADOLU
7481,2012-01-30,Erkek,Aydın,Zayıflama,Ocak,KIŞ,EGE
7482,2012-01-30,Erkek,İstanbul,Güzellik,Ocak,KIŞ,MARMARA
7483,2012-01-30,Bayan,İstanbul,Zayıflama,Ocak,KIŞ,MARMARA
7484,2012-01-30,Bayan,Nevşehir,Zayıflama,Ocak,KIŞ,İÇ ANADOLU
7485,2012-01-30,Erkek,Batman,Saç,Ocak,KIŞ,GÜNEYDOĞU
7486,2012-01-30,Erkek,Iğdır,DİĞER,Ocak,KIŞ,DOĞU ANADOLU
7487,2012-01-30,Bayan,Adana,Zayıflama,Ocak,KIŞ,AKDENİZ
7488,2012-01-30,Bayan,İstanbul,DİĞER,Ocak,KIŞ,MARMARA
7489,2012-01-30,Bayan,Çanakkale,Zayıflama,Ocak,KIŞ,MARMARA
7490,2012-01-30,Erkek,Muğla,Cinsel,Ocak,KIŞ,EGE
7491,2012-01-30,Erkek,İstanbul,Cinsel,Ocak,KIŞ,MARMARA
7492,2012-01-30,Erkek,Antalya,Zayıflama,Ocak,KIŞ,AKDENİZ
7493,2012-01-30,Bayan,Ankara,Zayıflama,Ocak,KIŞ,İÇ ANADOLU
7494,2012-01-30,Erkek,Hatay,Zayıflama,Ocak,KIŞ,AKDENİZ
7495,2012-01-30,Bayan,Ankara,Zayıflama,Ocak,KIŞ,İÇ ANADOLU
7496,2012-01-30,Erkek,İstanbul,Güzellik,Ocak,KIŞ,MARMARA
7497,2012-01-30,Erkek,İstanbul,Cinsel,Ocak,KIŞ,MARMARA
7498,2012-01-30,Bayan,Bursa,Zayıflama,Ocak,KIŞ,MARMARA
7499,2012-01-30,Bayan,İstanbul,Sağlık,Ocak,KIŞ,MARMARA
7500,2012-01-30,Erkek,Bursa,Zayıflama,Ocak,KIŞ,MARMARA
7501,2012-01-30,Erkek,Konya,Zayıflama,Ocak,KIŞ,İÇ ANADOLU
7502,2012-01-30,Bayan,İzmir,Zayıflama,Ocak,KIŞ,EGE
7503,2012-01-30,Bayan,İstanbul,Zayıflama,Ocak,KIŞ,MARMARA
7504,2012-01-30,Erkek,Ankara,Zayıflama,Ocak,KIŞ,İÇ ANADOLU
7505,2012-01-30,Erkek,Bitlis,DİĞER,Ocak,KIŞ,DOĞU ANADOLU
7506,2012-01-30,Bayan,Ankara,Zayıflama,Ocak,KIŞ,İÇ ANADOLU
7507,2012-01-30,Bayan,Ankara,Bakım,Ocak,KIŞ,İÇ ANADOLU
7508,2012-01-30,Erkek,Bursa,Zayıflama,Ocak,KIŞ,MARMARA
7509,2012-01-30,Bayan,Uşak,Zayıflama,Ocak,KIŞ,EGE
7510,2012-01-30,Erkek,İstanbul,Cinsel,Ocak,KIŞ,MARMARA
7511,2012-01-30,Erkek,İstanbul,Cinsel,Ocak,KIŞ,MARMARA
7512,2012-01-30,Bayan,Karabük,Zayıflama,Ocak,KIŞ,KARADENİZ
7513,2012-01-30,Erkek,İstanbul,Güzellik,Ocak,KIŞ,MARMARA
7514,2012-01-30,Bayan,İstanbul,DİĞER,Ocak,KIŞ,MARMARA
7515,2012-01-31,Bayan,İstanbul,Güzellik,Ocak,KIŞ,MARMARA
7516,2012-01-31,Bayan,İzmir,Zayıflama,Ocak,KIŞ,EGE
7517,2012-01-31,Bayan,İstanbul,Zayıflama,Ocak,KIŞ,MARMARA
7518,2012-01-31,Erkek,Niğde,Güzellik,Ocak,KIŞ,İÇ ANADOLU
7519,2012-01-31,Erkek,Manisa,Cinsel,Ocak,KIŞ,EGE
7520,2012-01-31,Erkek,İstanbul,Cinsel,Ocak,KIŞ,MARMARA
7521,2012-01-31,Erkek,İstanbul,Güzellik,Ocak,KIŞ,MARMARA
7522,2012-01-31,Erkek,Ankara,Saç,Ocak,KIŞ,İÇ ANADOLU
7523,2012-01-31,Erkek,Hatay,Zayıflama,Ocak,KIŞ,AKDENİZ
7524,2012-01-31,Erkek,Adana,DİĞER,Ocak,KIŞ,AKDENİZ
7525,2012-01-31,Erkek,Bursa,Zayıflama,Ocak,KIŞ,MARMARA
7526,2012-01-31,Erkek,Kırşehir,Zayıflama,Ocak,KIŞ,İÇ ANADOLU
7527,2012-01-31,Erkek,Zonguldak,Güzellik,Ocak,KIŞ,KARADENİZ
7528,2012-01-31,Erkek,İstanbul,DİĞER,Ocak,KIŞ,MARMARA
7529,2012-01-31,Bayan,Mersin,Zayıflama,Ocak,KIŞ,AKDENİZ
7530,2012-01-31,Bayan,İstanbul,Zayıflama,Ocak,KIŞ,MARMARA
7531,2012-01-31,Erkek,Denizli,Güzellik,Ocak,KIŞ,EGE
7532,2012-01-31,Bayan,İzmir,Zayıflama,Ocak,KIŞ,EGE
7533,2012-01-31,Erkek,Hatay,DİĞER,Ocak,KIŞ,AKDENİZ
7534,2012-01-31,Erkek,İzmir,Zayıflama,Ocak,KIŞ,EGE
7535,2012-01-31,Bayan,İstanbul,Zayıflama,Ocak,KIŞ,MARMARA
7536,2012-01-31,Erkek,Adana,Güzellik,Ocak,KIŞ,AKDENİZ
7537,2012-01-31,Erkek,İstanbul,Sağlık,Ocak,KIŞ,MARMARA
7538,2012-01-31,Erkek,Aydın,DİĞER,Ocak,KIŞ,EGE
7539,2012-01-31,Erkek,Muğla,DİĞER,Ocak,KIŞ,EGE
7540,2012-02-01,Erkek,İzmir,Güzellik,Şubat,KIŞ,EGE
7541,2012-02-01,Bayan,Ankara,Güzellik,Şubat,KIŞ,İÇ ANADOLU
7542,2012-02-01,Erkek,İstanbul,DİĞER,Şubat,KIŞ,MARMARA
7543,2012-02-01,Erkek,İçel,Güzellik,Şubat,KIŞ,AKDENİZ
7544,2012-02-01,Erkek,Ordu,Zayıflama,Şubat,KIŞ,KARADENİZ
7545,2012-02-01,Erkek,Manisa,Cinsel,Şubat,KIŞ,EGE
7546,2012-02-01,Erkek,Ankara,Bakım,Şubat,KIŞ,İÇ ANADOLU
7547,2012-02-01,Erkek,Muş,DİĞER,Şubat,KIŞ,DOĞU ANADOLU
7548,2012-02-01,Erkek,Konya,Güzellik,Şubat,KIŞ,İÇ ANADOLU
7549,2012-02-01,Bayan,Kocaeli,Cinsel,Şubat,KIŞ,MARMARA
7550,2012-02-01,Bayan,İzmir,Zayıflama,Şubat,KIŞ,EGE
7551,2012-02-01,Bayan,İstanbul,Güzellik,Şubat,KIŞ,MARMARA
7552,2012-02-01,Erkek,İstanbul,Zayıflama,Şubat,KIŞ,MARMARA
7553,2012-02-01,Erkek,Diyarbakır,Saç,Şubat,KIŞ,GÜNEYDOĞU
7554,2012-02-01,Erkek,Ankara,Zayıflama,Şubat,KIŞ,İÇ ANADOLU
7555,2012-02-01,Bayan,Tekirdağ,Zayıflama,Şubat,KIŞ,MARMARA
7556,2012-02-01,Bayan,İzmir,Zayıflama,Şubat,KIŞ,EGE
7557,2012-02-01,Erkek,Erzurum,Cinsel,Şubat,KIŞ,DOĞU ANADOLU
7558,2012-02-01,Bayan,İstanbul,Zayıflama,Şubat,KIŞ,MARMARA
7559,2012-02-01,Erkek,Eskişehir,Zayıflama,Şubat,KIŞ,İÇ ANADOLU
7560,2012-02-01,Erkek,Samsun,Güzellik,Şubat,KIŞ,KARADENİZ
7561,2012-02-01,Bayan,Adana,Zayıflama,Şubat,KIŞ,AKDENİZ
7562,2012-02-01,Erkek,Eskişehir,Zayıflama,Şubat,KIŞ,İÇ ANADOLU
7563,2012-02-01,Erkek,Konya,DİĞER,Şubat,KIŞ,İÇ ANADOLU
7564,2012-02-01,Bayan,İstanbul,Bakım,Şubat,KIŞ,MARMARA
7565,2012-02-01,Erkek,Antalya,DİĞER,Şubat,KIŞ,AKDENİZ
7566,2012-02-01,Bayan,İstanbul,Zayıflama,Şubat,KIŞ,MARMARA
7567,2012-02-02,Bayan,Elazığ,Zayıflama,Şubat,KIŞ,DOĞU ANADOLU
7568,2012-02-02,Bayan,İçel,Zayıflama,Şubat,KIŞ,AKDENİZ
7569,2012-02-02,Erkek,İstanbul,Zayıflama,Şubat,KIŞ,MARMARA
7570,2012-02-02,Erkek,Bursa,Zayıflama,Şubat,KIŞ,MARMARA
7571,2012-02-02,Erkek,İstanbul,Zayıflama,Şubat,KIŞ,MARMARA
7572,2012-02-02,Bayan,Gaziantep,DİĞER,Şubat,KIŞ,GÜNEYDOĞU
7573,2012-02-02,Erkek,Ordu,DİĞER,Şubat,KIŞ,KARADENİZ
7574,2012-02-02,Erkek,Çanakkale,DİĞER,Şubat,KIŞ,MARMARA
7575,2012-02-02,Erkek,Kırıkkale,Cinsel,Şubat,KIŞ,İÇ ANADOLU
7576,2012-02-02,Bayan,İstanbul,Zayıflama,Şubat,KIŞ,MARMARA
7577,2012-02-02,Bayan,Bursa,Zayıflama,Şubat,KIŞ,MARMARA
7578,2012-02-02,Erkek,Burdur,Güzellik,Şubat,KIŞ,AKDENİZ
7579,2012-02-02,Erkek,Çorum,Zayıflama,Şubat,KIŞ,KARADENİZ
7580,2012-02-02,Erkek,Şırnak,Güzellik,Şubat,KIŞ,DOĞU ANADOLU
7581,2012-02-02,Erkek,Muş,Zayıflama,Şubat,KIŞ,DOĞU ANADOLU
7582,2012-02-02,Erkek,Denizli,DİĞER,Şubat,KIŞ,EGE
7583,2012-02-02,Erkek,Hatay,Saç,Şubat,KIŞ,AKDENİZ
7584,2012-02-02,Bayan,İstanbul,Güzellik,Şubat,KIŞ,MARMARA
7585,2012-02-02,Erkek,İzmir,Zayıflama,Şubat,KIŞ,EGE
7586,2012-02-02,Bayan,Kocaeli,Zayıflama,Şubat,KIŞ,MARMARA
7587,2012-02-02,Erkek,İzmir,Zayıflama,Şubat,KIŞ,EGE
7588,2012-02-02,Erkek,İstanbul,Zayıflama,Şubat,KIŞ,MARMARA
7589,2012-02-02,Erkek,Antalya,DİĞER,Şubat,KIŞ,AKDENİZ
7590,2012-02-02,Erkek,İstanbul,Güzellik,Şubat,KIŞ,MARMARA
7591,2012-02-02,Erkek,İstanbul,Zayıflama,Şubat,KIŞ,MARMARA
7592,2012-02-02,Bayan,İstanbul,Saç,Şubat,KIŞ,MARMARA
7593,2012-02-02,Bayan,İstanbul,Zayıflama,Şubat,KIŞ,MARMARA
7594,2012-02-02,Erkek,Ankara,DİĞER,Şubat,KIŞ,İÇ ANADOLU
7595,2012-02-02,Erkek,İstanbul,DİĞER,Şubat,KIŞ,MARMARA
7596,2012-02-03,Bayan,İstanbul,Zayıflama,Şubat,KIŞ,MARMARA
7597,2012-02-03,Erkek,Diyarbakır,Saç,Şubat,KIŞ,GÜNEYDOĞU
7598,2012-02-03,Erkek,İstanbul,Zayıflama,Şubat,KIŞ,MARMARA
7599,2012-02-03,Bayan,Gaziantep,Sağlık,Şubat,KIŞ,GÜNEYDOĞU
7600,2012-02-03,Erkek,Burdur,Cinsel,Şubat,KIŞ,AKDENİZ
7601,2012-02-03,Bayan,İstanbul,Zayıflama,Şubat,KIŞ,MARMARA
7602,2012-02-03,Bayan,Ankara,Zayıflama,Şubat,KIŞ,İÇ ANADOLU
7603,2012-02-03,Bayan,İstanbul,Zayıflama,Şubat,KIŞ,MARMARA
7604,2012-02-03,Erkek,İzmir,Zayıflama,Şubat,KIŞ,EGE
7605,2012-02-03,Bayan,Denizli,Zayıflama,Şubat,KIŞ,EGE
7606,2012-02-03,Bayan,İstanbul,Zayıflama,Şubat,KIŞ,MARMARA
7607,2012-02-03,Erkek,Tekirdağ,Zayıflama,Şubat,KIŞ,MARMARA
7608,2012-02-03,Erkek,Bursa,Zayıflama,Şubat,KIŞ,MARMARA
7609,2012-02-03,Erkek,İstanbul,Cinsel,Şubat,KIŞ,MARMARA
7610,2012-02-03,Bayan,Kars,Güzellik,Şubat,KIŞ,DOĞU ANADOLU
7611,2012-02-03,Bayan,İstanbul,DİĞER,Şubat,KIŞ,MARMARA
7612,2012-02-03,Erkek,Kayseri,Cinsel,Şubat,KIŞ,İÇ ANADOLU
7613,2012-02-03,Bayan,İstanbul,DİĞER,Şubat,KIŞ,MARMARA
7614,2012-02-03,Erkek,Denizli,Zayıflama,Şubat,KIŞ,EGE
7615,2012-02-03,Bayan,İstanbul,Zayıflama,Şubat,KIŞ,MARMARA
7616,2012-02-03,Bayan,Manisa,Zayıflama,Şubat,KIŞ,EGE
7617,2012-02-03,Bayan,İstanbul,Saç,Şubat,KIŞ,MARMARA
7618,2012-02-03,Bayan,Uşak,Güzellik,Şubat,KIŞ,EGE
7619,2012-02-03,Erkek,İstanbul,Cinsel,Şubat,KIŞ,MARMARA
7620,2012-02-03,Bayan,İstanbul,Zayıflama,Şubat,KIŞ,MARMARA
7621,2012-02-04,Bayan,Antalya,Güzellik,Şubat,KIŞ,AKDENİZ
7622,2012-02-04,Erkek,İstanbul,DİĞER,Şubat,KIŞ,MARMARA
7623,2012-02-04,Bayan,Ankara,DİĞER,Şubat,KIŞ,İÇ ANADOLU
7624,2012-02-04,Bayan,İstanbul,Zayıflama,Şubat,KIŞ,MARMARA
7625,2012-02-04,Bayan,Düzce,Zayıflama,Şubat,KIŞ,KARADENİZ
7626,2012-02-04,Erkek,Niğde,Güzellik,Şubat,KIŞ,İÇ ANADOLU
7627,2012-02-04,Erkek,Çorum,Zayıflama,Şubat,KIŞ,KARADENİZ
7628,2012-02-04,Bayan,Bolu,Zayıflama,Şubat,KIŞ,KARADENİZ
7629,2012-02-04,Bayan,Adana,Zayıflama,Şubat,KIŞ,AKDENİZ
7630,2012-02-04,Erkek,Aydın,Cinsel,Şubat,KIŞ,EGE
7631,2012-02-04,Erkek,Eskişehir,Zayıflama,Şubat,KIŞ,İÇ ANADOLU
7632,2012-02-04,Erkek,Antalya,Zayıflama,Şubat,KIŞ,AKDENİZ
7633,2012-02-04,Erkek,Antalya,Cinsel,Şubat,KIŞ,AKDENİZ
7634,2012-02-04,Erkek,Aydın,Zayıflama,Şubat,KIŞ,EGE
7635,2012-02-04,Erkek,İstanbul,Saç,Şubat,KIŞ,MARMARA
7636,2012-02-04,Erkek,Şanlıurfa,DİĞER,Şubat,KIŞ,GÜNEYDOĞU
7637,2012-02-04,Erkek,Gaziantep,Zayıflama,Şubat,KIŞ,GÜNEYDOĞU
7638,2012-02-04,Bayan,Manisa,Zayıflama,Şubat,KIŞ,EGE
7639,2012-02-04,Erkek,İstanbul,Cinsel,Şubat,KIŞ,MARMARA
7640,2012-02-06,Bayan,Balıkesir,DİĞER,Şubat,KIŞ,MARMARA
7641,2012-02-06,Erkek,Samsun,Güzellik,Şubat,KIŞ,KARADENİZ
7642,2012-02-06,Erkek,Konya,Zayıflama,Şubat,KIŞ,İÇ ANADOLU
7643,2012-02-06,Erkek,Zonguldak,DİĞER,Şubat,KIŞ,KARADENİZ
7644,2012-02-06,Bayan,Ordu,Zayıflama,Şubat,KIŞ,KARADENİZ
7645,2012-02-06,Erkek,Kahramanmaraş,DİĞER,Şubat,KIŞ,AKDENİZ
7646,2012-02-06,Bayan,İstanbul,Zayıflama,Şubat,KIŞ,MARMARA
7647,2012-02-06,Erkek,Kırşehir,Güzellik,Şubat,KIŞ,İÇ ANADOLU
7648,2012-02-06,Erkek,İstanbul,Cinsel,Şubat,KIŞ,MARMARA
7649,2012-02-06,Erkek,Kars,Cinsel,Şubat,KIŞ,DOĞU ANADOLU
7650,2012-02-06,Bayan,İzmir,Zayıflama,Şubat,KIŞ,EGE
7651,2012-02-06,Bayan,Tekirdağ,Güzellik,Şubat,KIŞ,MARMARA
7652,2012-02-06,Bayan,Tekirdağ,Zayıflama,Şubat,KIŞ,MARMARA
7653,2012-02-06,Bayan,Ankara,Zayıflama,Şubat,KIŞ,İÇ ANADOLU
7654,2012-02-06,Erkek,Kocaeli,Saç,Şubat,KIŞ,MARMARA
7655,2012-02-06,Bayan,Kayseri,Zayıflama,Şubat,KIŞ,İÇ ANADOLU
7656,2012-02-06,Bayan,Gaziantep,Zayıflama,Şubat,KIŞ,GÜNEYDOĞU
7657,2012-02-06,Bayan,Erzurum,Zayıflama,Şubat,KIŞ,DOĞU ANADOLU
7658,2012-02-06,Erkek,İzmir,Zayıflama,Şubat,KIŞ,EGE
7659,2012-02-06,Erkek,İstanbul,Zayıflama,Şubat,KIŞ,MARMARA
7660,2012-02-06,Erkek,İstanbul,Cinsel,Şubat,KIŞ,MARMARA
7661,2012-02-06,Bayan,Yozgat,Zayıflama,Şubat,KIŞ,İÇ ANADOLU
7662,2012-02-06,Bayan,İstanbul,Bakım,Şubat,KIŞ,MARMARA
7663,2012-02-06,Erkek,Ankara,Cinsel,Şubat,KIŞ,İÇ ANADOLU
7664,2012-02-06,Erkek,Ankara,Zayıflama,Şubat,KIŞ,İÇ ANADOLU
7665,2012-02-06,Bayan,Tekirdağ,Zayıflama,Şubat,KIŞ,MARMARA
7666,2012-02-06,Bayan,İstanbul,Zayıflama,Şubat,KIŞ,MARMARA
7667,2012-02-06,Erkek,Adana,Cinsel,Şubat,KIŞ,AKDENİZ
7668,2012-02-06,Bayan,İstanbul,Zayıflama,Şubat,KIŞ,MARMARA
7669,2012-02-06,Bayan,Gaziantep,Zayıflama,Şubat,KIŞ,GÜNEYDOĞU
7670,2012-02-06,Erkek,Ağrı,Cinsel,Şubat,KIŞ,DOĞU ANADOLU
7671,2012-02-06,Erkek,Artvin,DİĞER,Şubat,KIŞ,KARADENİZ
7672,2012-02-06,Erkek,İstanbul,Zayıflama,Şubat,KIŞ,MARMARA
7673,2012-02-06,Bayan,Çanakkale,Zayıflama,Şubat,KIŞ,MARMARA
7674,2012-02-06,Bayan,Manisa,Zayıflama,Şubat,KIŞ,EGE
7675,2012-02-06,Erkek,İstanbul,Saç,Şubat,KIŞ,MARMARA
7676,2012-02-06,Bayan,İstanbul,Zayıflama,Şubat,KIŞ,MARMARA
7677,2012-02-06,Erkek,İstanbul,Cinsel,Şubat,KIŞ,MARMARA
7678,2012-02-06,Erkek,Tekirdağ,DİĞER,Şubat,KIŞ,MARMARA
7679,2012-02-06,Bayan,İstanbul,Zayıflama,Şubat,KIŞ,MARMARA
7680,2012-02-06,Erkek,Manisa,Zayıflama,Şubat,KIŞ,EGE
7681,2012-02-06,Bayan,İstanbul,Zayıflama,Şubat,KIŞ,MARMARA
7682,2012-02-06,Bayan,Burdur,Güzellik,Şubat,KIŞ,AKDENİZ
7683,2012-02-06,Bayan,İstanbul,Zayıflama,Şubat,KIŞ,MARMARA
7684,2012-02-06,Bayan,Konya,Zayıflama,Şubat,KIŞ,İÇ ANADOLU
7685,2012-02-06,Bayan,Trabzon,Zayıflama,Şubat,KIŞ,KARADENİZ
7686,2012-02-06,Bayan,İstanbul,Zayıflama,Şubat,KIŞ,MARMARA
7687,2012-02-06,Bayan,İzmir,Zayıflama,Şubat,KIŞ,EGE
7688,2012-02-06,Erkek,İstanbul,Sağlık,Şubat,KIŞ,MARMARA
7689,2012-02-06,Bayan,İstanbul,Zayıflama,Şubat,KIŞ,MARMARA
7690,2012-02-06,Bayan,İzmir,DİĞER,Şubat,KIŞ,EGE
7691,2012-02-06,Erkek,Bursa,Cinsel,Şubat,KIŞ,MARMARA
7692,2012-02-06,Erkek,Antalya,DİĞER,Şubat,KIŞ,AKDENİZ
7693,2012-02-06,Erkek,Aksaray,Cinsel,Şubat,KIŞ,İÇ ANADOLU
7694,2012-02-06,Bayan,İstanbul,DİĞER,Şubat,KIŞ,MARMARA
7695,2012-02-06,Bayan,İstanbul,Zayıflama,Şubat,KIŞ,MARMARA
7696,2012-02-07,Bayan,İstanbul,Zayıflama,Şubat,KIŞ,MARMARA
7697,2012-02-07,Bayan,Nevşehir,DİĞER,Şubat,KIŞ,İÇ ANADOLU
7698,2012-02-07,Bayan,Ankara,Zayıflama,Şubat,KIŞ,İÇ ANADOLU
7699,2012-02-07,Bayan,Van,Cinsel,Şubat,KIŞ,DOĞU ANADOLU
7700,2012-02-07,Erkek,Kocaeli,Cinsel,Şubat,KIŞ,MARMARA
7701,2012-02-07,Erkek,Mersin,Cinsel,Şubat,KIŞ,AKDENİZ
7702,2012-02-07,Erkek,İstanbul,Güzellik,Şubat,KIŞ,MARMARA
7703,2012-02-07,Bayan,İstanbul,Zayıflama,Şubat,KIŞ,MARMARA
7704,2012-02-07,Erkek,Muş,Güzellik,Şubat,KIŞ,DOĞU ANADOLU
7705,2012-02-07,Bayan,İstanbul,Güzellik,Şubat,KIŞ,MARMARA
7706,2012-02-07,Erkek,Ağrı,Güzellik,Şubat,KIŞ,DOĞU ANADOLU
7707,2012-02-07,Erkek,Ankara,Zayıflama,Şubat,KIŞ,İÇ ANADOLU
7708,2012-02-07,Bayan,Isparta,DİĞER,Şubat,KIŞ,AKDENİZ
7709,2012-02-07,Erkek,Kocaeli,DİĞER,Şubat,KIŞ,MARMARA
7710,2012-02-07,Bayan,İzmir,DİĞER,Şubat,KIŞ,EGE
7711,2012-02-07,Bayan,Ankara,Zayıflama,Şubat,KIŞ,İÇ ANADOLU
7712,2012-02-07,Erkek,Ankara,DİĞER,Şubat,KIŞ,İÇ ANADOLU
7713,2012-02-07,Bayan,İstanbul,DİĞER,Şubat,KIŞ,MARMARA
7714,2012-02-07,Erkek,Konya,Güzellik,Şubat,KIŞ,İÇ ANADOLU
7715,2012-02-07,Bayan,İstanbul,Bakım,Şubat,KIŞ,MARMARA
7716,2012-02-07,Bayan,İzmir,DİĞER,Şubat,KIŞ,EGE
7717,2012-02-07,Erkek,Muş,Zayıflama,Şubat,KIŞ,DOĞU ANADOLU
7718,2012-02-07,Erkek,Gaziantep,Zayıflama,Şubat,KIŞ,GÜNEYDOĞU
7719,2012-02-07,Erkek,İzmir,Zayıflama,Şubat,KIŞ,EGE
7720,2012-02-07,Erkek,Mersin,Cinsel,Şubat,KIŞ,AKDENİZ
7721,2012-02-07,Erkek,Antalya,Zayıflama,Şubat,KIŞ,AKDENİZ
7722,2012-02-07,Bayan,Balıkesir,Güzellik,Şubat,KIŞ,MARMARA
7723,2012-02-07,Erkek,İstanbul,Cinsel,Şubat,KIŞ,MARMARA
7724,2012-02-07,Bayan,Antalya,Zayıflama,Şubat,KIŞ,AKDENİZ
7725,2012-02-07,Erkek,Gaziantep,Güzellik,Şubat,KIŞ,GÜNEYDOĞU
7726,2012-02-07,Erkek,Konya,Cinsel,Şubat,KIŞ,İÇ ANADOLU
7727,2012-02-07,Erkek,İstanbul,Zayıflama,Şubat,KIŞ,MARMARA
7728,2012-02-07,Erkek,Antalya,Cinsel,Şubat,KIŞ,AKDENİZ
7729,2012-02-07,Bayan,Ankara,Zayıflama,Şubat,KIŞ,İÇ ANADOLU
7730,2012-02-07,Erkek,Burdur,DİĞER,Şubat,KIŞ,AKDENİZ
7731,2012-02-07,Bayan,Konya,Zayıflama,Şubat,KIŞ,İÇ ANADOLU
7732,2012-02-07,Erkek,Muş,DİĞER,Şubat,KIŞ,DOĞU ANADOLU
7733,2012-02-07,Erkek,Manisa,Cinsel,Şubat,KIŞ,EGE
7734,2012-02-07,Bayan,İstanbul,Saç,Şubat,KIŞ,MARMARA
7735,2012-02-08,Erkek,İstanbul,DİĞER,Şubat,KIŞ,MARMARA
7736,2012-02-08,Bayan,İstanbul,Bakım,Şubat,KIŞ,MARMARA
7737,2012-02-08,Erkek,Muğla,Cinsel,Şubat,KIŞ,EGE
7738,2012-02-08,Bayan,İstanbul,Zayıflama,Şubat,KIŞ,MARMARA
7739,2012-02-08,Bayan,İstanbul,Zayıflama,Şubat,KIŞ,MARMARA
7740,2012-02-08,Bayan,Samsun,Zayıflama,Şubat,KIŞ,KARADENİZ
7741,2012-02-08,Erkek,Konya,Saç,Şubat,KIŞ,İÇ ANADOLU
7742,2012-02-08,Erkek,İstanbul,Sağlık,Şubat,KIŞ,MARMARA
7743,2012-02-08,Bayan,İzmir,Zayıflama,Şubat,KIŞ,EGE
7744,2012-02-08,Erkek,İstanbul,Zayıflama,Şubat,KIŞ,MARMARA
7745,2012-02-08,Bayan,İstanbul,Zayıflama,Şubat,KIŞ,MARMARA
7746,2012-02-08,Erkek,İzmir,Saç,Şubat,KIŞ,EGE
7747,2012-02-08,Erkek,Şanlıurfa,Zayıflama,Şubat,KIŞ,GÜNEYDOĞU
7748,2012-02-08,Bayan,İstanbul,Zayıflama,Şubat,KIŞ,MARMARA
7749,2012-02-08,Erkek,İzmir,Zayıflama,Şubat,KIŞ,EGE
7750,2012-02-08,Erkek,Antalya,Cinsel,Şubat,KIŞ,AKDENİZ
7751,2012-02-08,Bayan,İstanbul,Zayıflama,Şubat,KIŞ,MARMARA
7752,2012-02-08,Erkek,İstanbul,Zayıflama,Şubat,KIŞ,MARMARA
7753,2012-02-08,Erkek,Eskişehir,Zayıflama,Şubat,KIŞ,İÇ ANADOLU
7754,2012-02-08,Erkek,Muş,Zayıflama,Şubat,KIŞ,DOĞU ANADOLU
7755,2012-02-08,Erkek,İstanbul,Zayıflama,Şubat,KIŞ,MARMARA
7756,2012-02-08,Bayan,Konya,Zayıflama,Şubat,KIŞ,İÇ ANADOLU
7757,2012-02-08,Bayan,İstanbul,Zayıflama,Şubat,KIŞ,MARMARA
7758,2012-02-08,Erkek,Bolu,Zayıflama,Şubat,KIŞ,KARADENİZ
7759,2012-02-08,Bayan,Ankara,Bakım,Şubat,KIŞ,İÇ ANADOLU
7760,2012-02-08,Bayan,Düzce,Cinsel,Şubat,KIŞ,KARADENİZ
7761,2012-02-08,Erkek,Siirt,Bakım,Şubat,KIŞ,GÜNEYDOĞU
7762,2012-02-08,Erkek,İzmir,Zayıflama,Şubat,KIŞ,EGE
7763,2012-02-08,Erkek,İstanbul,Zayıflama,Şubat,KIŞ,MARMARA
7764,2012-02-08,Bayan,İstanbul,Zayıflama,Şubat,KIŞ,MARMARA
7765,2012-02-08,Erkek,Kocaeli,Cinsel,Şubat,KIŞ,MARMARA
7766,2012-02-08,Erkek,Muğla,Zayıflama,Şubat,KIŞ,EGE
7767,2012-02-08,Bayan,İstanbul,DİĞER,Şubat,KIŞ,MARMARA
7768,2012-02-08,Bayan,Hatay,Zayıflama,Şubat,KIŞ,AKDENİZ
7769,2012-02-08,Erkek,İstanbul,Cinsel,Şubat,KIŞ,MARMARA
7770,2012-02-08,Erkek,Afyon,Zayıflama,Şubat,KIŞ,EGE
7771,2012-02-08,Bayan,Kırıkkale,Zayıflama,Şubat,KIŞ,İÇ ANADOLU
7772,2012-02-08,Bayan,Zonguldak,Zayıflama,Şubat,KIŞ,KARADENİZ
7773,2012-02-08,Bayan,Muş,Zayıflama,Şubat,KIŞ,DOĞU ANADOLU
7774,2012-02-08,Erkek,Malatya,Zayıflama,Şubat,KIŞ,DOĞU ANADOLU
7775,2012-02-08,Erkek,Eskişehir,Zayıflama,Şubat,KIŞ,İÇ ANADOLU
7776,2012-02-08,Erkek,İstanbul,Saç,Şubat,KIŞ,MARMARA
7777,2012-02-09,Erkek,Hakkari,Bakım,Şubat,KIŞ,DOĞU ANADOLU
7778,2012-02-09,Erkek,İstanbul,Saç,Şubat,KIŞ,MARMARA
7779,2012-02-09,Erkek,Aydın,Cinsel,Şubat,KIŞ,EGE
7780,2012-02-09,Erkek,Hatay,Zayıflama,Şubat,KIŞ,AKDENİZ
7781,2012-02-09,Erkek,İstanbul,Zayıflama,Şubat,KIŞ,MARMARA
7782,2012-02-09,Erkek,İstanbul,DİĞER,Şubat,KIŞ,MARMARA
7783,2012-02-09,Bayan,Bitlis,Zayıflama,Şubat,KIŞ,DOĞU ANADOLU
7784,2012-02-09,Bayan,Denizli,Zayıflama,Şubat,KIŞ,EGE
7785,2012-02-09,Erkek,Zonguldak,DİĞER,Şubat,KIŞ,KARADENİZ
7786,2012-02-09,Bayan,İstanbul,Zayıflama,Şubat,KIŞ,MARMARA
7787,2012-02-09,Bayan,Mersin,DİĞER,Şubat,KIŞ,AKDENİZ
7788,2012-02-09,Bayan,Ankara,Zayıflama,Şubat,KIŞ,İÇ ANADOLU
7789,2012-02-09,Erkek,İzmir,Zayıflama,Şubat,KIŞ,EGE
7790,2012-02-09,Erkek,Mardin,Zayıflama,Şubat,KIŞ,GÜNEYDOĞU
7791,2012-02-09,Bayan,Ankara,Zayıflama,Şubat,KIŞ,İÇ ANADOLU
7792,2012-02-09,Bayan,Antalya,Cinsel,Şubat,KIŞ,AKDENİZ
7793,2012-02-09,Erkek,Muğla,Cinsel,Şubat,KIŞ,EGE
7794,2012-02-09,Erkek,İstanbul,Güzellik,Şubat,KIŞ,MARMARA
7795,2012-02-09,Erkek,Amasya,Zayıflama,Şubat,KIŞ,KARADENİZ
7796,2012-02-09,Bayan,İstanbul,Zayıflama,Şubat,KIŞ,MARMARA
7797,2012-02-09,Erkek,Artvin,Zayıflama,Şubat,KIŞ,KARADENİZ
7798,2012-02-09,Bayan,Erzurum,Güzellik,Şubat,KIŞ,DOĞU ANADOLU
7799,2012-02-09,Bayan,Burdur,Güzellik,Şubat,KIŞ,AKDENİZ
7800,2012-02-09,Bayan,Konya,Zayıflama,Şubat,KIŞ,İÇ ANADOLU
7801,2012-02-09,Bayan,Konya,Güzellik,Şubat,KIŞ,İÇ ANADOLU
7802,2012-02-09,Erkek,Mersin,Zayıflama,Şubat,KIŞ,AKDENİZ
7803,2012-02-09,Bayan,İstanbul,Zayıflama,Şubat,KIŞ,MARMARA
7804,2012-02-09,Erkek,Samsun,Güzellik,Şubat,KIŞ,KARADENİZ
7805,2012-02-09,Erkek,Ankara,DİĞER,Şubat,KIŞ,İÇ ANADOLU
7806,2012-02-09,Erkek,İstanbul,Zayıflama,Şubat,KIŞ,MARMARA
7807,2012-02-09,Bayan,Antalya,Zayıflama,Şubat,KIŞ,AKDENİZ
7808,2012-02-09,Erkek,Afyon,Güzellik,Şubat,KIŞ,EGE
7809,2012-02-09,Erkek,İstanbul,Cinsel,Şubat,KIŞ,MARMARA
7810,2012-02-09,Bayan,İstanbul,Zayıflama,Şubat,KIŞ,MARMARA
7811,2012-02-09,Bayan,Manisa,Zayıflama,Şubat,KIŞ,EGE
7812,2012-02-09,Erkek,İstanbul,Cinsel,Şubat,KIŞ,MARMARA
7813,2012-02-09,Bayan,İstanbul,Zayıflama,Şubat,KIŞ,MARMARA
7814,2012-02-09,Erkek,Ordu,Zayıflama,Şubat,KIŞ,KARADENİZ
7815,2012-02-09,Erkek,İstanbul,DİĞER,Şubat,KIŞ,MARMARA
7816,2012-02-10,Erkek,İstanbul,Güzellik,Şubat,KIŞ,MARMARA
7817,2012-02-10,Bayan,İstanbul,Zayıflama,Şubat,KIŞ,MARMARA
7818,2012-02-10,Bayan,Mersin,Zayıflama,Şubat,KIŞ,AKDENİZ
7819,2012-02-10,Bayan,Antalya,Zayıflama,Şubat,KIŞ,AKDENİZ
7820,2012-02-10,Erkek,Konya,Cinsel,Şubat,KIŞ,İÇ ANADOLU
7821,2012-02-10,Erkek,Ankara,Cinsel,Şubat,KIŞ,İÇ ANADOLU
7822,2012-02-10,Bayan,İstanbul,Bakım,Şubat,KIŞ,MARMARA
7823,2012-02-10,Bayan,İstanbul,Zayıflama,Şubat,KIŞ,MARMARA
7824,2012-02-10,Bayan,İstanbul,Zayıflama,Şubat,KIŞ,MARMARA
7825,2012-02-10,Bayan,İzmir,Güzellik,Şubat,KIŞ,EGE
7826,2012-02-10,Bayan,Samsun,Zayıflama,Şubat,KIŞ,KARADENİZ
7827,2012-02-10,Bayan,İzmir,Zayıflama,Şubat,KIŞ,EGE
7828,2012-02-10,Bayan,Çorum,Zayıflama,Şubat,KIŞ,KARADENİZ
7829,2012-02-10,Bayan,İstanbul,Zayıflama,Şubat,KIŞ,MARMARA
7830,2012-02-10,Bayan,Ankara,Zayıflama,Şubat,KIŞ,İÇ ANADOLU
7831,2012-02-10,Erkek,Bursa,Cinsel,Şubat,KIŞ,MARMARA
7832,2012-02-10,Erkek,Erzurum,Cinsel,Şubat,KIŞ,DOĞU ANADOLU
7833,2012-02-10,Erkek,Bursa,Zayıflama,Şubat,KIŞ,MARMARA
7834,2012-02-10,Erkek,Konya,Güzellik,Şubat,KIŞ,İÇ ANADOLU
7835,2012-02-10,Bayan,Antalya,Zayıflama,Şubat,KIŞ,AKDENİZ
7836,2012-02-10,Erkek,İstanbul,Zayıflama,Şubat,KIŞ,MARMARA
7837,2012-02-10,Bayan,İstanbul,Zayıflama,Şubat,KIŞ,MARMARA
7838,2012-02-10,Bayan,Bursa,Zayıflama,Şubat,KIŞ,MARMARA
7839,2012-02-10,Bayan,İstanbul,Cinsel,Şubat,KIŞ,MARMARA
7840,2012-02-10,Bayan,İstanbul,Zayıflama,Şubat,KIŞ,MARMARA
7841,2012-02-10,Erkek,İstanbul,Saç,Şubat,KIŞ,MARMARA
7842,2012-02-10,Bayan,İstanbul,Sağlık,Şubat,KIŞ,MARMARA
7843,2012-02-11,Bayan,İzmir,Zayıflama,Şubat,KIŞ,EGE
7844,2012-02-11,Bayan,Sinop,Zayıflama,Şubat,KIŞ,KARADENİZ
7845,2012-02-11,Erkek,İzmir,Zayıflama,Şubat,KIŞ,EGE
7846,2012-02-11,Bayan,Adana,Zayıflama,Şubat,KIŞ,AKDENİZ
7847,2012-02-11,Erkek,Erzurum,Zayıflama,Şubat,KIŞ,DOĞU ANADOLU
7848,2012-02-11,Erkek,Antalya,Cinsel,Şubat,KIŞ,AKDENİZ
7849,2012-02-11,Bayan,İstanbul,DİĞER,Şubat,KIŞ,MARMARA
7850,2012-02-11,Erkek,Ankara,Zayıflama,Şubat,KIŞ,İÇ ANADOLU
7851,2012-02-11,Bayan,İstanbul,Zayıflama,Şubat,KIŞ,MARMARA
7852,2012-02-11,Erkek,Kütahya,Cinsel,Şubat,KIŞ,EGE
7853,2012-02-11,Erkek,Düzce,DİĞER,Şubat,KIŞ,KARADENİZ
7854,2012-02-11,Erkek,Ankara,Saç,Şubat,KIŞ,İÇ ANADOLU
7855,2012-02-11,Erkek,Muğla,Zayıflama,Şubat,KIŞ,EGE
7856,2012-02-11,Erkek,Ankara,Zayıflama,Şubat,KIŞ,İÇ ANADOLU
7857,2012-02-11,Bayan,Bursa,Zayıflama,Şubat,KIŞ,MARMARA
7858,2012-02-11,Bayan,İstanbul,Bakım,Şubat,KIŞ,MARMARA
7859,2012-02-11,Erkek,Trabzon,Bakım,Şubat,KIŞ,KARADENİZ
7860,2012-02-13,Erkek,Ankara,Cinsel,Şubat,KIŞ,İÇ ANADOLU
7861,2012-02-13,Bayan,Kırıkkale,Zayıflama,Şubat,KIŞ,İÇ ANADOLU
7862,2012-02-13,Erkek,Batman,Cinsel,Şubat,KIŞ,GÜNEYDOĞU
7863,2012-02-13,Erkek,Ankara,Zayıflama,Şubat,KIŞ,İÇ ANADOLU
7864,2012-02-13,Erkek,İstanbul,Zayıflama,Şubat,KIŞ,MARMARA
7865,2012-02-13,Bayan,Kocaeli,Zayıflama,Şubat,KIŞ,MARMARA
7866,2012-02-13,Erkek,İstanbul,Zayıflama,Şubat,KIŞ,MARMARA
7867,2012-02-13,Erkek,Antalya,Saç,Şubat,KIŞ,AKDENİZ
7868,2012-02-13,Bayan,Bursa,Cinsel,Şubat,KIŞ,MARMARA
7869,2012-02-13,Bayan,Elazığ,Zayıflama,Şubat,KIŞ,DOĞU ANADOLU
7870,2012-02-13,Erkek,Tekirdağ,Bakım,Şubat,KIŞ,MARMARA
7871,2012-02-13,Erkek,Afyon,Zayıflama,Şubat,KIŞ,EGE
7872,2012-02-13,Bayan,İstanbul,Zayıflama,Şubat,KIŞ,MARMARA
7873,2012-02-13,Bayan,Gaziantep,Zayıflama,Şubat,KIŞ,GÜNEYDOĞU
7874,2012-02-13,Bayan,İstanbul,Zayıflama,Şubat,KIŞ,MARMARA
7875,2012-02-13,Erkek,Gaziantep,Güzellik,Şubat,KIŞ,GÜNEYDOĞU
7876,2012-02-13,Erkek,İzmir,Güzellik,Şubat,KIŞ,EGE
7877,2012-02-13,Erkek,İstanbul,Cinsel,Şubat,KIŞ,MARMARA
7878,2012-02-13,Erkek,İstanbul,Zayıflama,Şubat,KIŞ,MARMARA
7879,2012-02-13,Erkek,Şırnak,DİĞER,Şubat,KIŞ,DOĞU ANADOLU
7880,2012-02-13,Bayan,İstanbul,Zayıflama,Şubat,KIŞ,MARMARA
7881,2012-02-13,Bayan,Kırıkkale,Zayıflama,Şubat,KIŞ,İÇ ANADOLU
7882,2012-02-13,Erkek,İstanbul,Cinsel,Şubat,KIŞ,MARMARA
7883,2012-02-13,Bayan,İzmir,Sağlık,Şubat,KIŞ,EGE
7884,2012-02-13,Erkek,Ankara,DİĞER,Şubat,KIŞ,İÇ ANADOLU
7885,2012-02-13,Erkek,İstanbul,DİĞER,Şubat,KIŞ,MARMARA
7886,2012-02-13,Bayan,İstanbul,Zayıflama,Şubat,KIŞ,MARMARA
7887,2012-02-13,Bayan,İstanbul,Güzellik,Şubat,KIŞ,MARMARA
7888,2012-02-13,Erkek,Muğla,Zayıflama,Şubat,KIŞ,EGE
7889,2012-02-13,Erkek,Ankara,Zayıflama,Şubat,KIŞ,İÇ ANADOLU
7890,2012-02-13,Bayan,Zonguldak,Saç,Şubat,KIŞ,KARADENİZ
7891,2012-02-13,Erkek,Samsun,DİĞER,Şubat,KIŞ,KARADENİZ
7892,2012-02-13,Bayan,İstanbul,Zayıflama,Şubat,KIŞ,MARMARA
7893,2012-02-13,Erkek,Kars,Zayıflama,Şubat,KIŞ,DOĞU ANADOLU
7894,2012-02-13,Erkek,İstanbul,Cinsel,Şubat,KIŞ,MARMARA
7895,2012-02-13,Erkek,Hakkari,Güzellik,Şubat,KIŞ,DOĞU ANADOLU
7896,2012-02-13,Bayan,İstanbul,Güzellik,Şubat,KIŞ,MARMARA
7897,2012-02-13,Erkek,İstanbul,Bakım,Şubat,KIŞ,MARMARA
7898,2012-02-13,Erkek,Bursa,Zayıflama,Şubat,KIŞ,MARMARA
7899,2012-02-13,Bayan,İstanbul,Zayıflama,Şubat,KIŞ,MARMARA
7900,2012-02-13,Erkek,Antalya,DİĞER,Şubat,KIŞ,AKDENİZ
7901,2012-02-13,Erkek,Manisa,Cinsel,Şubat,KIŞ,EGE
7902,2012-02-13,Erkek,İstanbul,Zayıflama,Şubat,KIŞ,MARMARA
7903,2012-02-13,Bayan,Aydın,Cinsel,Şubat,KIŞ,EGE
7904,2012-02-13,Bayan,Ankara,Zayıflama,Şubat,KIŞ,İÇ ANADOLU
7905,2012-02-13,Erkek,Çanakkale,DİĞER,Şubat,KIŞ,MARMARA
7906,2012-02-13,Erkek,Kırıkkale,DİĞER,Şubat,KIŞ,İÇ ANADOLU
7907,2012-02-13,Erkek,Diyarbakır,Zayıflama,Şubat,KIŞ,GÜNEYDOĞU
7908,2012-02-13,Bayan,Mersin,Zayıflama,Şubat,KIŞ,AKDENİZ
7909,2012-02-13,Erkek,Antalya,DİĞER,Şubat,KIŞ,AKDENİZ
7910,2012-02-13,Erkek,Sivas,Cinsel,Şubat,KIŞ,İÇ ANADOLU
7911,2012-02-13,Bayan,Bursa,Güzellik,Şubat,KIŞ,MARMARA
7912,2012-02-13,Bayan,İstanbul,Zayıflama,Şubat,KIŞ,MARMARA
7913,2012-02-13,Bayan,Kocaeli,Cinsel,Şubat,KIŞ,MARMARA
7914,2012-02-13,Erkek,İstanbul,Cinsel,Şubat,KIŞ,MARMARA
7915,2012-02-13,Erkek,İstanbul,Zayıflama,Şubat,KIŞ,MARMARA
7916,2012-02-13,Bayan,İstanbul,Zayıflama,Şubat,KIŞ,MARMARA
7917,2012-02-14,Bayan,İstanbul,Zayıflama,Şubat,KIŞ,MARMARA
7918,2012-02-14,Erkek,Ankara,Cinsel,Şubat,KIŞ,İÇ ANADOLU
7919,2012-02-14,Erkek,Konya,Cinsel,Şubat,KIŞ,İÇ ANADOLU
7920,2012-02-14,Erkek,Ankara,Zayıflama,Şubat,KIŞ,İÇ ANADOLU
7921,2012-02-14,Erkek,Bitlis,Cinsel,Şubat,KIŞ,DOĞU ANADOLU
7922,2012-02-14,Bayan,İstanbul,Zayıflama,Şubat,KIŞ,MARMARA
7923,2012-02-14,Erkek,Antalya,DİĞER,Şubat,KIŞ,AKDENİZ
7924,2012-02-14,Erkek,Gaziantep,Güzellik,Şubat,KIŞ,GÜNEYDOĞU
7925,2012-02-14,Erkek,Ankara,Güzellik,Şubat,KIŞ,İÇ ANADOLU
7926,2012-02-14,Erkek,İstanbul,Bakım,Şubat,KIŞ,MARMARA
7927,2012-02-14,Bayan,İstanbul,Zayıflama,Şubat,KIŞ,MARMARA
7928,2012-02-14,Bayan,Çanakkale,Zayıflama,Şubat,KIŞ,MARMARA
7929,2012-02-14,Erkek,İstanbul,DİĞER,Şubat,KIŞ,MARMARA
7930,2012-12-27,Erkek,Balıkesir,Cinsel,Aralık,KIŞ,MARMARA
7931,2012-12-27,Erkek,Gaziantep,Cinsel,Aralık,KIŞ,GÜNEYDOĞU
7932,2012-12-27,Erkek,İzmir,Zayıflama,Aralık,KIŞ,EGE
7933,2012-12-27,Erkek,Konya,Cinsel,Aralık,KIŞ,İÇ ANADOLU
7934,2012-12-27,Erkek,Ankara,Zayıflama,Aralık,KIŞ,İÇ ANADOLU
7935,2012-12-27,Erkek,Samsun,Cinsel,Aralık,KIŞ,KARADENİZ
7936,2012-12-27,Erkek,Antalya,Zayıflama,Aralık,KIŞ,AKDENİZ
7937,2012-12-27,Erkek,Antalya,Cinsel,Aralık,KIŞ,AKDENİZ
7938,2012-12-27,Erkek,Çanakkale,Cinsel,Aralık,KIŞ,MARMARA
7939,2012-12-27,Erkek,Manisa,Cinsel,Aralık,KIŞ,EGE
7940,2012-12-27,Erkek,Gaziantep,Cinsel,Aralık,KIŞ,GÜNEYDOĞU
7941,2012-12-27,Erkek,Erzurum,Cinsel,Aralık,KIŞ,DOĞU ANADOLU
7942,2012-12-27,Erkek,Niğde,Cinsel,Aralık,KIŞ,İÇ ANADOLU
7943,2012-12-27,Erkek,İstanbul,Cinsel,Aralık,KIŞ,MARMARA
7944,2012-12-27,Erkek,Manisa,Cinsel,Aralık,KIŞ,EGE
7945,2012-12-27,Erkek,İstanbul,Cinsel,Aralık,KIŞ,MARMARA
7946,2012-12-27,Erkek,İzmir,Cinsel,Aralık,KIŞ,EGE
7947,2012-12-27,Erkek,Düzce,Cinsel,Aralık,KIŞ,KARADENİZ
7948,2012-12-28,Erkek,Muğla,Cinsel,Aralık,KIŞ,EGE
7949,2012-12-28,Erkek,Giresun,Cinsel,Aralık,KIŞ,KARADENİZ
7950,2012-12-28,Erkek,Muğla,Cinsel,Aralık,KIŞ,EGE
7951,2012-12-28,Erkek,Afyon,Cinsel,Aralık,KIŞ,EGE
7952,2012-12-28,Erkek,Antalya,Cinsel,Aralık,KIŞ,AKDENİZ
7953,2012-12-28,Erkek,Ankara,Cinsel,Aralık,KIŞ,İÇ ANADOLU
7954,2012-12-28,Erkek,İstanbul,Cinsel,Aralık,KIŞ,MARMARA
7955,2012-12-28,Bayan,Trabzon,DİĞER,Aralık,KIŞ,KARADENİZ
7956,2012-12-28,Erkek,Ankara,Bakım,Aralık,KIŞ,İÇ ANADOLU
7957,2012-12-28,Bayan,Bursa,DİĞER,Aralık,KIŞ,MARMARA
7958,2012-12-28,Erkek,Balıkesir,Cinsel,Aralık,KIŞ,MARMARA
7959,2012-12-28,Erkek,Muğla,Cinsel,Aralık,KIŞ,EGE
7960,2012-12-28,Erkek,Mersin,Cinsel,Aralık,KIŞ,AKDENİZ
7961,2012-12-28,Bayan,İçel,Cinsel,Aralık,KIŞ,AKDENİZ
7962,2012-12-28,Erkek,İstanbul,Cinsel,Aralık,KIŞ,MARMARA
7963,2012-12-28,Erkek,Uşak,Cinsel,Aralık,KIŞ,EGE
7964,2012-12-28,Erkek,Manisa,Cinsel,Aralık,KIŞ,EGE
7965,2012-12-28,Erkek,İstanbul,Cinsel,Aralık,KIŞ,MARMARA
7966,2012-12-28,Erkek,Edirne,Saç,Aralık,KIŞ,MARMARA
7967,2012-12-28,Erkek,Çanakkale,Cinsel,Aralık,KIŞ,MARMARA
7968,2013-01-01,Erkek,Manisa,Cinsel,Ocak,KIŞ,EGE
7969,2013-01-01,Erkek,İstanbul,Cinsel,Ocak,KIŞ,MARMARA
7970,2013-01-01,Erkek,Rize,Bakım,Ocak,KIŞ,KARADENİZ
7971,2013-01-02,Erkek,Bursa,Cinsel,Ocak,KIŞ,MARMARA
7972,2013-01-02,Bayan,Zonguldak,Bakım,Ocak,KIŞ,KARADENİZ
7973,2013-01-02,Erkek,Samsun,Cinsel,Ocak,KIŞ,KARADENİZ
7974,2013-01-03,Erkek,İstanbul,Bakım,Ocak,KIŞ,MARMARA
7975,2013-01-04,Erkek,İstanbul,Cinsel,Ocak,KIŞ,MARMARA
7976,2013-01-04,Bayan,İstanbul,Güzellik,Ocak,KIŞ,MARMARA
7977,2013-01-05,Erkek,Hatay,Cinsel,Ocak,KIŞ,AKDENİZ
7978,2013-01-06,Erkek,Çanakkale,Cinsel,Ocak,KIŞ,MARMARA
7979,2013-01-06,Bayan,İstanbul,Bakım,Ocak,KIŞ,MARMARA
7980,2013-01-06,Bayan,Konya,DİĞER,Ocak,KIŞ,İÇ ANADOLU
7981,2013-01-07,Erkek,İzmir,Cinsel,Ocak,KIŞ,EGE
7982,2013-01-08,Erkek,Yalova,Cinsel,Ocak,KIŞ,MARMARA
7983,2013-01-08,Erkek,Karabük,Cinsel,Ocak,KIŞ,KARADENİZ
7984,2013-01-08,Bayan,Antalya,Bakım,Ocak,KIŞ,AKDENİZ
7985,2013-01-09,Bayan,Adana,Bakım,Ocak,KIŞ,AKDENİZ
7986,2013-01-09,Bayan,Şanlıurfa,DİĞER,Ocak,KIŞ,GÜNEYDOĞU
7987,2013-01-10,Erkek,Adıyaman,Cinsel,Ocak,KIŞ,GÜNEYDOĞU
7988,2013-01-10,Erkek,Muş,Cinsel,Ocak,KIŞ,DOĞU ANADOLU
7989,2013-01-10,Erkek,Van,Cinsel,Ocak,KIŞ,DOĞU ANADOLU
7990,2013-01-10,Bayan,Trabzon,Bakım,Ocak,KIŞ,KARADENİZ
7991,2013-01-11,Erkek,Tekirdağ,DİĞER,Ocak,KIŞ,MARMARA
7992,2013-01-11,Erkek,Kırıkkale,Cinsel,Ocak,KIŞ,İÇ ANADOLU
7993,2013-01-12,Erkek,Konya,Cinsel,Ocak,KIŞ,İÇ ANADOLU
7994,2013-01-12,Bayan,Manisa,Cinsel,Ocak,KIŞ,EGE
7995,2013-01-13,Bayan,İstanbul,Bakım,Ocak,KIŞ,MARMARA
7996,2013-01-13,Bayan,Bursa,Bakım,Ocak,KIŞ,MARMARA
7997,2013-01-14,Erkek,İstanbul,DİĞER,Ocak,KIŞ,MARMARA
7998,2013-01-14,Erkek,Ankara,Cinsel,Ocak,KIŞ,İÇ ANADOLU
7999,2013-01-14,Erkek,Ankara,Cinsel,Ocak,KIŞ,İÇ ANADOLU
8000,2013-01-15,Bayan,İzmir,Cinsel,Ocak,KIŞ,EGE
8001,2013-01-15,Erkek,Hatay,Bakım,Ocak,KIŞ,AKDENİZ
8002,2013-01-16,Erkek,Tunceli,DİĞER,Ocak,KIŞ,DOĞU ANADOLU
8003,2013-01-16,Erkek,Kayseri,Cinsel,Ocak,KIŞ,İÇ ANADOLU
8004,2013-01-17,Bayan,Konya,Cinsel,Ocak,KIŞ,İÇ ANADOLU
8005,2013-01-17,Bayan,Şanlıurfa,Cinsel,Ocak,KIŞ,GÜNEYDOĞU
8006,2013-01-17,Bayan,Siirt,Bakım,Ocak,KIŞ,GÜNEYDOĞU
8007,2013-01-18,Erkek,Hatay,Bakım,Ocak,KIŞ,AKDENİZ
8008,2013-01-18,Erkek,Kocaeli,DİĞER,Ocak,KIŞ,MARMARA
8009,2013-01-19,Erkek,Denizli,Cinsel,Ocak,KIŞ,EGE
8010,2013-01-19,Erkek,Denizli,Cinsel,Ocak,KIŞ,EGE
8011,2013-01-19,Erkek,Manisa,Cinsel,Ocak,KIŞ,EGE
8012,2013-01-21,Erkek,Konya,Cinsel,Ocak,KIŞ,İÇ ANADOLU
8013,2013-01-21,Erkek,Samsun,Cinsel,Ocak,KIŞ,KARADENİZ
8014,2013-01-21,Erkek,İstanbul,Cinsel,Ocak,KIŞ,MARMARA
8015,2013-01-22,Erkek,Uşak,Cinsel,Ocak,KIŞ,EGE
8016,2013-01-22,Erkek,Antalya,Cinsel,Ocak,KIŞ,AKDENİZ
8017,2013-01-23,Erkek,Ankara,Cinsel,Ocak,KIŞ,İÇ ANADOLU
8018,2013-01-23,Erkek,Bursa,Cinsel,Ocak,KIŞ,MARMARA
8019,2013-01-23,Erkek,Uşak,Cinsel,Ocak,KIŞ,EGE
8020,2013-01-23,Bayan,Tekirdağ,Cinsel,Ocak,KIŞ,MARMARA
8021,2013-01-24,Erkek,Kocaeli,Cinsel,Ocak,KIŞ,MARMARA
8022,2013-01-24,Erkek,Bursa,Bakım,Ocak,KIŞ,MARMARA
8023,2013-01-24,Erkek,İstanbul,Cinsel,Ocak,KIŞ,MARMARA
8024,2013-01-24,Erkek,Konya,Cinsel,Ocak,KIŞ,İÇ ANADOLU
8025,2013-01-25,Erkek,Malatya,Cinsel,Ocak,KIŞ,DOĞU ANADOLU
8026,2013-01-25,Bayan,İstanbul,Bakım,Ocak,KIŞ,MARMARA
8027,2013-01-25,Erkek,İstanbul,Cinsel,Ocak,KIŞ,MARMARA
8028,2013-01-26,Erkek,İstanbul,Bakım,Ocak,KIŞ,MARMARA
8029,2013-01-26,Erkek,Şanlıurfa,Bakım,Ocak,KIŞ,GÜNEYDOĞU
8030,2013-01-29,Bayan,Antalya,Bakım,Ocak,KIŞ,AKDENİZ
8031,2013-01-29,Erkek,Mersin,Bakım,Ocak,KIŞ,AKDENİZ
8032,2013-01-29,Erkek,Antalya,Bakım,Ocak,KIŞ,AKDENİZ
8033,2013-01-29,Erkek,İstanbul,Bakım,Ocak,KIŞ,MARMARA
8034,2013-01-29,Bayan,İstanbul,Bakım,Ocak,KIŞ,MARMARA
8035,2013-01-29,Erkek,Samsun,Bakım,Ocak,KIŞ,KARADENİZ
8036,2013-01-30,Erkek,Ankara,Bakım,Ocak,KIŞ,İÇ ANADOLU
8037,2013-01-30,Erkek,Konya,Cinsel,Ocak,KIŞ,İÇ ANADOLU
8038,2013-01-30,Erkek,İstanbul,Cinsel,Ocak,KIŞ,MARMARA
8039,2013-01-30,Erkek,Bursa,Cinsel,Ocak,KIŞ,MARMARA
8040,2013-01-30,Erkek,Van,Cinsel,Ocak,KIŞ,DOĞU ANADOLU
8041,2013-01-31,Erkek,Çanakkale,Cinsel,Ocak,KIŞ,MARMARA
8042,2013-01-31,Erkek,İçel,Cinsel,Ocak,KIŞ,AKDENİZ
8043,2013-01-31,Bayan,Sinop,Cinsel,Ocak,KIŞ,KARADENİZ
8044,2013-01-31,Erkek,İstanbul,Cinsel,Ocak,KIŞ,MARMARA
8045,2013-01-31,Erkek,Manisa,Cinsel,Ocak,KIŞ,EGE
8046,2013-01-31,Erkek,Kars,Cinsel,Ocak,KIŞ,DOĞU ANADOLU
8047,2013-01-31,Erkek,İzmir,Cinsel,Ocak,KIŞ,EGE
8048,2013-01-31,Erkek,İstanbul,Cinsel,Ocak,KIŞ,MARMARA
8049,2013-01-31,Erkek,Konya,Cinsel,Ocak,KIŞ,İÇ ANADOLU
8050,2013-01-31,Bayan,İstanbul,Bakım,Ocak,KIŞ,MARMARA
8051,2013-01-31,Erkek,Mersin,Cinsel,Ocak,KIŞ,AKDENİZ
8052,2013-01-31,Erkek,Denizli,Cinsel,Ocak,KIŞ,EGE
8053,2013-01-31,Bayan,Hatay,Bakım,Ocak,KIŞ,AKDENİZ
8054,2013-02-01,Erkek,Kırıkkale,Bakım,Şubat,KIŞ,İÇ ANADOLU
8055,2013-02-01,Erkek,Edirne,Cinsel,Şubat,KIŞ,MARMARA
8056,2013-02-01,Erkek,Bartın,Bakım,Şubat,KIŞ,KARADENİZ
8057,2013-02-02,Erkek,Hatay,Bakım,Şubat,KIŞ,AKDENİZ
8058,2013-02-02,Erkek,İstanbul,Cinsel,Şubat,KIŞ,MARMARA
8059,2013-02-02,Erkek,Adana,Cinsel,Şubat,KIŞ,AKDENİZ
8060,2013-02-02,Erkek,Amasya,Cinsel,Şubat,KIŞ,KARADENİZ
8061,2013-02-02,Erkek,İstanbul,Cinsel,Şubat,KIŞ,MARMARA
8062,2013-02-02,Erkek,Konya,Cinsel,Şubat,KIŞ,İÇ ANADOLU
8063,2013-02-02,Erkek,Konya,Cinsel,Şubat,KIŞ,İÇ ANADOLU
8064,2013-02-02,Erkek,Gaziantep,Cinsel,Şubat,KIŞ,GÜNEYDOĞU
8065,2013-02-02,Erkek,Kayseri,DİĞER,Şubat,KIŞ,İÇ ANADOLU
8066,2013-02-02,Erkek,Denizli,Cinsel,Şubat,KIŞ,EGE
8067,2013-02-02,Bayan,Mersin,Cinsel,Şubat,KIŞ,AKDENİZ
8068,2013-02-02,Erkek,İstanbul,Cinsel,Şubat,KIŞ,MARMARA
8069,2013-02-02,Erkek,Yalova,Cinsel,Şubat,KIŞ,MARMARA
8070,2013-02-02,Erkek,Van,Cinsel,Şubat,KIŞ,DOĞU ANADOLU
8071,2013-02-04,Erkek,Antalya,Bakım,Şubat,KIŞ,AKDENİZ
8072,2013-02-04,Erkek,Adana,Bakım,Şubat,KIŞ,AKDENİZ
8073,2013-02-05,Erkek,Bursa,Cinsel,Şubat,KIŞ,MARMARA
8074,2013-02-05,Erkek,Şanlıurfa,Cinsel,Şubat,KIŞ,GÜNEYDOĞU
8075,2013-02-05,Erkek,Antalya,Cinsel,Şubat,KIŞ,AKDENİZ
8076,2013-02-05,Erkek,Antalya,Cinsel,Şubat,KIŞ,AKDENİZ
8077,2013-02-05,Erkek,Kahramanmaraş,Bakım,Şubat,KIŞ,AKDENİZ
8078,2013-02-05,Erkek,İstanbul,Cinsel,Şubat,KIŞ,MARMARA
8079,2013-02-05,Erkek,Kütahya,Cinsel,Şubat,KIŞ,EGE
8080,2013-02-05,Erkek,Tokat,Cinsel,Şubat,KIŞ,KARADENİZ
8081,2013-02-05,Erkek,Antalya,Cinsel,Şubat,KIŞ,AKDENİZ
8082,2013-02-05,Erkek,Isparta,Cinsel,Şubat,KIŞ,AKDENİZ
8083,2013-02-05,Bayan,Zonguldak,Bakım,Şubat,KIŞ,KARADENİZ
8084,2013-02-05,Erkek,İstanbul,Cinsel,Şubat,KIŞ,MARMARA
8085,2013-02-05,Erkek,İzmir,Cinsel,Şubat,KIŞ,EGE
8086,2013-02-05,Erkek,İzmir,Cinsel,Şubat,KIŞ,EGE
8087,2013-02-05,Erkek,İçel,Cinsel,Şubat,KIŞ,AKDENİZ
8088,2013-02-05,Erkek,Malatya,Cinsel,Şubat,KIŞ,DOĞU ANADOLU
8089,2013-02-05,Erkek,İstanbul,Cinsel,Şubat,KIŞ,MARMARA
8090,2013-02-05,Erkek,Ankara,Cinsel,Şubat,KIŞ,İÇ ANADOLU
8091,2013-02-06,Bayan,İstanbul,Bakım,Şubat,KIŞ,MARMARA
8092,2013-02-06,Erkek,İstanbul,Bakım,Şubat,KIŞ,MARMARA
8093,2013-02-06,Erkek,Zonguldak,Cinsel,Şubat,KIŞ,KARADENİZ
8094,2013-02-06,Erkek,Şanlıurfa,Cinsel,Şubat,KIŞ,GÜNEYDOĞU
8095,2013-02-06,Erkek,Manisa,Cinsel,Şubat,KIŞ,EGE
8096,2013-02-06,Erkek,Kocaeli,Cinsel,Şubat,KIŞ,MARMARA
8097,2013-02-06,Erkek,Artvin,Cinsel,Şubat,KIŞ,KARADENİZ
8098,2013-02-06,Erkek,Eskişehir,Cinsel,Şubat,KIŞ,İÇ ANADOLU
8099,2013-02-06,Erkek,Eskişehir,Cinsel,Şubat,KIŞ,İÇ ANADOLU
8100,2013-02-06,Erkek,Manisa,Cinsel,Şubat,KIŞ,EGE
8101,2013-02-06,Erkek,İstanbul,Bakım,Şubat,KIŞ,MARMARA
8102,2013-02-06,Erkek,Antalya,Bakım,Şubat,KIŞ,AKDENİZ
8103,2013-02-06,Erkek,Kocaeli,Cinsel,Şubat,KIŞ,MARMARA
8104,2013-02-07,Erkek,İstanbul,DİĞER,Şubat,KIŞ,MARMARA
8105,2013-02-07,Erkek,İstanbul,Cinsel,Şubat,KIŞ,MARMARA
8106,2013-02-08,Erkek,Kocaeli,Cinsel,Şubat,KIŞ,MARMARA
8107,2013-02-08,Erkek,Zonguldak,Cinsel,Şubat,KIŞ,KARADENİZ
8108,2013-02-08,Erkek,Kocaeli,Cinsel,Şubat,KIŞ,MARMARA
8109,2013-02-08,Erkek,Kütahya,Cinsel,Şubat,KIŞ,EGE
8110,2013-02-08,Erkek,Aydın,Cinsel,Şubat,KIŞ,EGE
8111,2013-02-08,Erkek,Kastamonu,Cinsel,Şubat,KIŞ,KARADENİZ
8112,2013-02-08,Erkek,Kocaeli,DİĞER,Şubat,KIŞ,MARMARA
8113,2013-02-08,Erkek,İzmir,DİĞER,Şubat,KIŞ,EGE
8114,2013-02-08,Erkek,İzmir,Cinsel,Şubat,KIŞ,EGE
8115,2013-02-08,Erkek,Ankara,Cinsel,Şubat,KIŞ,İÇ ANADOLU
8116,2013-02-08,Erkek,Ankara,Cinsel,Şubat,KIŞ,İÇ ANADOLU
8117,2013-02-08,Erkek,Niğde,Cinsel,Şubat,KIŞ,İÇ ANADOLU
8118,2013-02-08,Erkek,İstanbul,Cinsel,Şubat,KIŞ,MARMARA
8119,2013-02-08,Erkek,Muş,Cinsel,Şubat,KIŞ,DOĞU ANADOLU
8120,2013-02-08,Erkek,Zonguldak,Cinsel,Şubat,KIŞ,KARADENİZ
8121,2013-02-08,Erkek,Antalya,Cinsel,Şubat,KIŞ,AKDENİZ
8122,2013-02-09,Erkek,Zonguldak,Cinsel,Şubat,KIŞ,KARADENİZ
8123,2013-02-09,Erkek,Kocaeli,Cinsel,Şubat,KIŞ,MARMARA
8124,2013-02-09,Erkek,İstanbul,Bakım,Şubat,KIŞ,MARMARA
8125,2013-02-09,Bayan,İstanbul,Bakım,Şubat,KIŞ,MARMARA
8126,2013-02-09,Erkek,Mersin,Bakım,Şubat,KIŞ,AKDENİZ
8127,2013-02-09,Erkek,Kilis,Bakım,Şubat,KIŞ,GÜNEYDOĞU
8128,2013-02-11,Erkek,Adana,Cinsel,Şubat,KIŞ,AKDENİZ
8129,2013-02-11,Erkek,Manisa,Cinsel,Şubat,KIŞ,EGE
8130,2013-02-11,Erkek,İstanbul,Cinsel,Şubat,KIŞ,MARMARA
8131,2013-02-11,Erkek,İstanbul,Cinsel,Şubat,KIŞ,MARMARA
8132,2013-02-11,Erkek,Ankara,Cinsel,Şubat,KIŞ,İÇ ANADOLU
8133,2013-02-11,Erkek,Tekirdağ,Cinsel,Şubat,KIŞ,MARMARA
8134,2013-02-11,Erkek,İstanbul,Cinsel,Şubat,KIŞ,MARMARA
8135,2013-02-11,Erkek,İstanbul,Bakım,Şubat,KIŞ,MARMARA
8136,2013-02-11,Erkek,Denizli,Cinsel,Şubat,KIŞ,EGE
8137,2013-02-11,Erkek,Bursa,Bakım,Şubat,KIŞ,MARMARA
8138,2013-02-11,Erkek,Bursa,Cinsel,Şubat,KIŞ,MARMARA
8139,2013-02-11,Erkek,İzmir,Cinsel,Şubat,KIŞ,EGE
8140,2013-02-11,Erkek,Adana,Cinsel,Şubat,KIŞ,AKDENİZ
8141,2013-02-11,Erkek,Konya,Cinsel,Şubat,KIŞ,İÇ ANADOLU
8142,2013-02-11,Erkek,Balıkesir,Cinsel,Şubat,KIŞ,MARMARA
8143,2013-02-12,Erkek,Giresun,Cinsel,Şubat,KIŞ,KARADENİZ
8144,2013-02-12,Erkek,Konya,Cinsel,Şubat,KIŞ,İÇ ANADOLU
8145,2013-02-12,Erkek,Tekirdağ,Cinsel,Şubat,KIŞ,MARMARA
8146,2013-02-12,Erkek,Karaman,Bakım,Şubat,KIŞ,İÇ ANADOLU
8147,2013-02-12,Erkek,Eskişehir,Bakım,Şubat,KIŞ,İÇ ANADOLU
8148,2013-02-13,Erkek,Amasya,Cinsel,Şubat,KIŞ,KARADENİZ
8149,2013-02-13,Erkek,Ankara,Cinsel,Şubat,KIŞ,İÇ ANADOLU
8150,2013-02-13,Erkek,Balıkesir,Cinsel,Şubat,KIŞ,MARMARA
8151,2013-02-13,Erkek,Samsun,Cinsel,Şubat,KIŞ,KARADENİZ
8152,2013-02-13,Erkek,Ankara,Cinsel,Şubat,KIŞ,İÇ ANADOLU
8153,2013-02-13,Erkek,İstanbul,Cinsel,Şubat,KIŞ,MARMARA
8154,2013-02-13,Erkek,Balıkesir,Cinsel,Şubat,KIŞ,MARMARA
8155,2013-02-13,Erkek,Ankara,Cinsel,Şubat,KIŞ,İÇ ANADOLU
8156,2013-02-13,Erkek,Diyarbakır,Cinsel,Şubat,KIŞ,GÜNEYDOĞU
8157,2013-02-13,Erkek,Denizli,Cinsel,Şubat,KIŞ,EGE
8158,2013-02-13,Erkek,Sivas,Cinsel,Şubat,KIŞ,İÇ ANADOLU
8159,2013-02-13,Bayan,Eskişehir,Cinsel,Şubat,KIŞ,İÇ ANADOLU
8160,2013-02-13,Erkek,Aydın,Cinsel,Şubat,KIŞ,EGE
8161,2013-02-13,Erkek,Düzce,Cinsel,Şubat,KIŞ,KARADENİZ
8162,2013-02-13,Erkek,İstanbul,Cinsel,Şubat,KIŞ,MARMARA
8163,2013-02-13,Erkek,İstanbul,Cinsel,Şubat,KIŞ,MARMARA
8164,2013-02-13,Erkek,Kocaeli,Cinsel,Şubat,KIŞ,MARMARA
8165,2013-02-14,Erkek,İzmir,Cinsel,Şubat,KIŞ,EGE
8166,2013-02-14,Erkek,Manisa,Cinsel,Şubat,KIŞ,EGE
8167,2013-02-14,Erkek,Balıkesir,Cinsel,Şubat,KIŞ,MARMARA
8168,2013-02-14,Erkek,Bursa,Bakım,Şubat,KIŞ,MARMARA
8169,2013-02-14,Erkek,Ankara,Cinsel,Şubat,KIŞ,İÇ ANADOLU
8170,2013-02-14,Erkek,Kırıkkale,Cinsel,Şubat,KIŞ,İÇ ANADOLU
8171,2013-02-14,Erkek,İstanbul,Cinsel,Şubat,KIŞ,MARMARA
8172,2013-02-14,Erkek,Ankara,DİĞER,Şubat,KIŞ,İÇ ANADOLU
8173,2013-02-14,Erkek,Ankara,Cinsel,Şubat,KIŞ,İÇ ANADOLU
8174,2013-02-14,Erkek,Malatya,Cinsel,Şubat,KIŞ,DOĞU ANADOLU
8175,2013-02-14,Erkek,Şırnak,Cinsel,Şubat,KIŞ,DOĞU ANADOLU
8176,2013-02-15,Bayan,Artvin,Zayıflama,Şubat,KIŞ,KARADENİZ
8177,2013-02-15,Erkek,İzmir,Cinsel,Şubat,KIŞ,EGE
8178,2013-02-15,Erkek,İstanbul,Cinsel,Şubat,KIŞ,MARMARA
8179,2013-02-15,Erkek,Denizli,Bakım,Şubat,KIŞ,EGE
8180,2013-02-15,Bayan,İstanbul,Bakım,Şubat,KIŞ,MARMARA
8181,2013-02-15,Erkek,Aksaray,Cinsel,Şubat,KIŞ,İÇ ANADOLU
8182,2013-02-15,Erkek,Mersin,Cinsel,Şubat,KIŞ,AKDENİZ
8183,2013-02-15,Erkek,İstanbul,Cinsel,Şubat,KIŞ,MARMARA
8184,2013-02-15,Erkek,Kayseri,DİĞER,Şubat,KIŞ,İÇ ANADOLU
8185,2013-02-15,Erkek,Kayseri,Cinsel,Şubat,KIŞ,İÇ ANADOLU
8186,2013-02-15,Erkek,İstanbul,Cinsel,Şubat,KIŞ,MARMARA
8187,2013-02-16,Bayan,Ankara,Bakım,Şubat,KIŞ,İÇ ANADOLU
8188,2013-02-16,Erkek,Nevşehir,Cinsel,Şubat,KIŞ,İÇ ANADOLU
8189,2013-02-16,Erkek,Ankara,Cinsel,Şubat,KIŞ,İÇ ANADOLU
8190,2013-02-16,Erkek,Balıkesir,Cinsel,Şubat,KIŞ,MARMARA
8191,2013-02-16,Erkek,Erzurum,Cinsel,Şubat,KIŞ,DOĞU ANADOLU
8192,2013-02-16,Bayan,Ankara,DİĞER,Şubat,KIŞ,İÇ ANADOLU
8193,2013-02-16,Erkek,Konya,Cinsel,Şubat,KIŞ,İÇ ANADOLU
8194,2013-02-16,Erkek,Bursa,Cinsel,Şubat,KIŞ,MARMARA
8195,2013-02-16,Erkek,İstanbul,Cinsel,Şubat,KIŞ,MARMARA
8196,2013-02-18,Erkek,Mardin,DİĞER,Şubat,KIŞ,GÜNEYDOĞU
8197,2013-02-18,Erkek,Bursa,Bakım,Şubat,KIŞ,MARMARA
8198,2013-02-18,Erkek,Karabük,Cinsel,Şubat,KIŞ,KARADENİZ
8199,2013-02-18,Erkek,Muğla,Cinsel,Şubat,KIŞ,EGE
8200,2013-02-18,Erkek,Yozgat,Cinsel,Şubat,KIŞ,İÇ ANADOLU
8201,2013-02-18,Bayan,Ankara,Bakım,Şubat,KIŞ,İÇ ANADOLU
8202,2013-02-18,Erkek,Hatay,Bakım,Şubat,KIŞ,AKDENİZ
8203,2013-02-18,Erkek,Denizli,Bakım,Şubat,KIŞ,EGE
8204,2013-02-18,Erkek,İstanbul,Cinsel,Şubat,KIŞ,MARMARA
8205,2013-02-19,Erkek,Çanakkale,Cinsel,Şubat,KIŞ,MARMARA
8206,2013-02-20,Erkek,Manisa,Cinsel,Şubat,KIŞ,EGE
8207,2013-02-20,Erkek,Diyarbakır,Cinsel,Şubat,KIŞ,GÜNEYDOĞU
8208,2013-02-20,Erkek,Ankara,Cinsel,Şubat,KIŞ,İÇ ANADOLU
8209,2013-02-20,Erkek,Isparta,Cinsel,Şubat,KIŞ,AKDENİZ
8210,2013-02-20,Erkek,Kocaeli,Cinsel,Şubat,KIŞ,MARMARA
8211,2013-02-20,Erkek,Konya,Cinsel,Şubat,KIŞ,İÇ ANADOLU
8212,2013-02-20,Erkek,Isparta,Cinsel,Şubat,KIŞ,AKDENİZ
8213,2013-02-20,Erkek,Şanlıurfa,DİĞER,Şubat,KIŞ,GÜNEYDOĞU
8214,2013-02-20,Bayan,İstanbul,Bakım,Şubat,KIŞ,MARMARA
8215,2013-02-20,Erkek,Ordu,Cinsel,Şubat,KIŞ,KARADENİZ
8216,2013-02-20,Erkek,Hatay,Cinsel,Şubat,KIŞ,AKDENİZ
8217,2013-02-20,Erkek,İstanbul,Cinsel,Şubat,KIŞ,MARMARA
8218,2013-02-21,Erkek,Afyon,Cinsel,Şubat,KIŞ,EGE
8219,2013-02-21,Erkek,İzmir,Cinsel,Şubat,KIŞ,EGE
8220,2013-02-21,Erkek,Ankara,Bakım,Şubat,KIŞ,İÇ ANADOLU
8221,2013-02-21,Erkek,Konya,Cinsel,Şubat,KIŞ,İÇ ANADOLU
8222,2013-02-21,Bayan,Ankara,Bakım,Şubat,KIŞ,İÇ ANADOLU
8223,2013-02-21,Erkek,Denizli,DİĞER,Şubat,KIŞ,EGE
8224,2013-02-21,Erkek,İzmir,DİĞER,Şubat,KIŞ,EGE
8225,2013-02-21,Erkek,Tekirdağ,Cinsel,Şubat,KIŞ,MARMARA
8226,2013-02-21,Bayan,Samsun,Bakım,Şubat,KIŞ,KARADENİZ
8227,2013-02-21,Erkek,Konya,Cinsel,Şubat,KIŞ,İÇ ANADOLU
8228,2013-02-21,Erkek,Hatay,Cinsel,Şubat,KIŞ,AKDENİZ
8229,2013-02-21,Erkek,Denizli,Cinsel,Şubat,KIŞ,EGE
8230,2013-02-21,Erkek,Tokat,DİĞER,Şubat,KIŞ,KARADENİZ
8231,2013-02-21,Bayan,Eskişehir,Cinsel,Şubat,KIŞ,İÇ ANADOLU
8232,2013-02-21,Erkek,Bursa,Cinsel,Şubat,KIŞ,MARMARA
8233,2013-02-22,Erkek,Tekirdağ,DİĞER,Şubat,KIŞ,MARMARA
8234,2013-02-22,Erkek,Zonguldak,Cinsel,Şubat,KIŞ,KARADENİZ
8235,2013-02-22,Erkek,Tekirdağ,Cinsel,Şubat,KIŞ,MARMARA
8236,2013-02-22,Erkek,Niğde,Cinsel,Şubat,KIŞ,İÇ ANADOLU
8237,2013-02-22,Erkek,Zonguldak,Cinsel,Şubat,KIŞ,KARADENİZ
8238,2013-02-22,Erkek,İstanbul,Cinsel,Şubat,KIŞ,MARMARA
8239,2013-02-22,Erkek,İstanbul,Bakım,Şubat,KIŞ,MARMARA
8240,2013-02-22,Bayan,Adana,Bakım,Şubat,KIŞ,AKDENİZ
8241,2013-02-22,Erkek,Kocaeli,Cinsel,Şubat,KIŞ,MARMARA
8242,2013-02-22,Bayan,İstanbul,Bakım,Şubat,KIŞ,MARMARA
8243,2013-02-23,Erkek,Konya,Cinsel,Şubat,KIŞ,İÇ ANADOLU
8244,2013-02-23,Erkek,İstanbul,Cinsel,Şubat,KIŞ,MARMARA
8245,2013-02-23,Erkek,Ankara,DİĞER,Şubat,KIŞ,İÇ ANADOLU
8246,2013-02-23,Erkek,Bursa,Cinsel,Şubat,KIŞ,MARMARA
8247,2013-02-25,Erkek,İstanbul,Bakım,Şubat,KIŞ,MARMARA
8248,2013-02-25,Erkek,İstanbul,Cinsel,Şubat,KIŞ,MARMARA
8249,2013-02-25,Erkek,Gaziantep,DİĞER,Şubat,KIŞ,GÜNEYDOĞU
8250,2013-02-25,Erkek,Afyon,Cinsel,Şubat,KIŞ,EGE
8251,2013-02-25,Erkek,Samsun,Cinsel,Şubat,KIŞ,KARADENİZ
8252,2013-02-25,Erkek,İstanbul,Cinsel,Şubat,KIŞ,MARMARA
8253,2013-02-25,Erkek,Kocaeli,Cinsel,Şubat,KIŞ,MARMARA
8254,2013-02-25,Bayan,Çorum,Cinsel,Şubat,KIŞ,KARADENİZ
8255,2013-02-25,Erkek,Eskişehir,Cinsel,Şubat,KIŞ,İÇ ANADOLU
8256,2013-02-26,Erkek,İstanbul,Cinsel,Şubat,KIŞ,MARMARA
8257,2013-02-26,Erkek,Aydın,DİĞER,Şubat,KIŞ,EGE
8258,2013-02-26,Erkek,Şanlıurfa,Cinsel,Şubat,KIŞ,GÜNEYDOĞU
8259,2013-02-27,Erkek,Erzurum,Cinsel,Şubat,KIŞ,DOĞU ANADOLU
8260,2013-02-27,Erkek,Antalya,Cinsel,Şubat,KIŞ,AKDENİZ
8261,2013-02-27,Erkek,Kocaeli,Cinsel,Şubat,KIŞ,MARMARA
8262,2013-02-27,Erkek,Hatay,Cinsel,Şubat,KIŞ,AKDENİZ
8263,2013-02-27,Erkek,İstanbul,Cinsel,Şubat,KIŞ,MARMARA
8264,2013-02-27,Erkek,İstanbul,Cinsel,Şubat,KIŞ,MARMARA
8265,2013-02-27,Erkek,İstanbul,Bakım,Şubat,KIŞ,MARMARA
8266,2013-02-27,Erkek,İstanbul,Bakım,Şubat,KIŞ,MARMARA
8267,2013-02-27,Erkek,İstanbul,Bakım,Şubat,KIŞ,MARMARA
8268,2013-02-27,Erkek,Malatya,DİĞER,Şubat,KIŞ,DOĞU ANADOLU
8269,2013-02-27,Erkek,Ankara,Cinsel,Şubat,KIŞ,İÇ ANADOLU
8270,2013-02-27,Erkek,Ankara,Bakım,Şubat,KIŞ,İÇ ANADOLU
8271,2013-02-27,Erkek,Tekirdağ,Cinsel,Şubat,KIŞ,MARMARA
8272,2013-02-27,Erkek,Samsun,Bakım,Şubat,KIŞ,KARADENİZ
8273,2013-02-28,Erkek,Samsun,Cinsel,Şubat,KIŞ,KARADENİZ
8274,2013-02-28,Erkek,İstanbul,Cinsel,Şubat,KIŞ,MARMARA
8275,2013-02-28,Erkek,Sivas,Cinsel,Şubat,KIŞ,İÇ ANADOLU
8276,2013-02-28,Bayan,Ankara,Bakım,Şubat,KIŞ,İÇ ANADOLU
8277,2013-02-28,Erkek,Konya,Cinsel,Şubat,KIŞ,İÇ ANADOLU
8278,2013-02-28,Erkek,Gaziantep,Cinsel,Şubat,KIŞ,GÜNEYDOĞU
8279,2013-02-28,Erkek,Denizli,Cinsel,Şubat,KIŞ,EGE
8280,2013-02-28,Erkek,İstanbul,Cinsel,Şubat,KIŞ,MARMARA
8281,2013-02-28,Erkek,Zonguldak,DİĞER,Şubat,KIŞ,KARADENİZ
8282,2013-02-28,Bayan,Tekirdağ,Cinsel,Şubat,KIŞ,MARMARA
8283,2013-02-28,Erkek,İstanbul,Cinsel,Şubat,KIŞ,MARMARA
8284,2013-02-28,Bayan,Kocaeli,DİĞER,Şubat,KIŞ,MARMARA
8285,2013-03-01,Erkek,Hatay,Cinsel,Mart,İLKBAHAR,AKDENİZ
8286,2013-03-01,Erkek,Denizli,DİĞER,Mart,İLKBAHAR,EGE
8287,2013-03-01,Erkek,Bursa,Cinsel,Mart,İLKBAHAR,MARMARA
8288,2013-03-01,Erkek,Hatay,Cinsel,Mart,İLKBAHAR,AKDENİZ
8289,2013-03-01,Erkek,Yozgat,DİĞER,Mart,İLKBAHAR,İÇ ANADOLU
8290,2013-03-01,Erkek,Adana,Cinsel,Mart,İLKBAHAR,AKDENİZ
8291,2013-03-01,Erkek,Amasya,Cinsel,Mart,İLKBAHAR,KARADENİZ
8292,2013-03-01,Erkek,Hatay,DİĞER,Mart,İLKBAHAR,AKDENİZ
8293,2013-03-01,Erkek,İstanbul,Cinsel,Mart,İLKBAHAR,MARMARA
8294,2013-03-01,Erkek,İzmir,Cinsel,Mart,İLKBAHAR,EGE
8295,2013-03-01,Bayan,İstanbul,DİĞER,Mart,İLKBAHAR,MARMARA
8296,2013-03-01,Erkek,Niğde,DİĞER,Mart,İLKBAHAR,İÇ ANADOLU
8297,2013-03-01,Erkek,Malatya,Cinsel,Mart,İLKBAHAR,DOĞU ANADOLU
8298,2013-03-01,Erkek,Konya,Cinsel,Mart,İLKBAHAR,İÇ ANADOLU
8299,2013-03-01,Erkek,Kars,Cinsel,Mart,İLKBAHAR,DOĞU ANADOLU
8300,2013-03-01,Erkek,İstanbul,DİĞER,Mart,İLKBAHAR,MARMARA
8301,2013-03-01,Erkek,Kocaeli,Cinsel,Mart,İLKBAHAR,MARMARA
8302,2013-03-02,Erkek,Bursa,DİĞER,Mart,İLKBAHAR,MARMARA
8303,2013-03-02,Erkek,Erzurum,Cinsel,Mart,İLKBAHAR,DOĞU ANADOLU
8304,2013-03-02,Erkek,Bolu,Cinsel,Mart,İLKBAHAR,KARADENİZ
8305,2013-03-02,Erkek,İstanbul,Cinsel,Mart,İLKBAHAR,MARMARA
8306,2013-03-02,Erkek,Konya,Cinsel,Mart,İLKBAHAR,İÇ ANADOLU
8307,2013-03-02,Erkek,İstanbul,Cinsel,Mart,İLKBAHAR,MARMARA
8308,2013-03-02,Erkek,İstanbul,Cinsel,Mart,İLKBAHAR,MARMARA
8309,2013-03-02,Erkek,Kahramanmaraş,Cinsel,Mart,İLKBAHAR,AKDENİZ
8310,2013-03-02,Erkek,İstanbul,DİĞER,Mart,İLKBAHAR,MARMARA
8311,2013-03-03,Erkek,İstanbul,Cinsel,Mart,İLKBAHAR,MARMARA
8312,2013-03-04,Erkek,Ankara,Bakım,Mart,İLKBAHAR,İÇ ANADOLU
8313,2013-03-04,Erkek,İstanbul,Bakım,Mart,İLKBAHAR,MARMARA
8314,2013-03-04,Erkek,Gaziantep,DİĞER,Mart,İLKBAHAR,GÜNEYDOĞU
8315,2013-03-04,Erkek,Şanlıurfa,DİĞER,Mart,İLKBAHAR,GÜNEYDOĞU
8316,2013-03-04,Erkek,Antalya,Cinsel,Mart,İLKBAHAR,AKDENİZ
8317,2013-03-04,Erkek,Tokat,Cinsel,Mart,İLKBAHAR,KARADENİZ
8318,2013-03-04,Erkek,Şırnak,DİĞER,Mart,İLKBAHAR,DOĞU ANADOLU
8319,2013-03-04,Erkek,İstanbul,Cinsel,Mart,İLKBAHAR,MARMARA
8320,2013-03-04,Erkek,İzmir,Cinsel,Mart,İLKBAHAR,EGE
8321,2013-03-04,Erkek,Şanlıurfa,Cinsel,Mart,İLKBAHAR,GÜNEYDOĞU
8322,2013-03-04,Erkek,Kahramanmaraş,Cinsel,Mart,İLKBAHAR,AKDENİZ
8323,2013-03-04,Erkek,Uşak,Bakım,Mart,İLKBAHAR,EGE
8324,2013-03-04,Erkek,Çorum,Cinsel,Mart,İLKBAHAR,KARADENİZ
8325,2013-03-04,Bayan,İstanbul,Bakım,Mart,İLKBAHAR,MARMARA
8326,2013-03-04,Bayan,Yozgat,Cinsel,Mart,İLKBAHAR,İÇ ANADOLU
8327,2013-03-04,Erkek,Hatay,Cinsel,Mart,İLKBAHAR,AKDENİZ
8328,2013-03-04,Erkek,Antalya,Cinsel,Mart,İLKBAHAR,AKDENİZ
8329,2013-03-04,Erkek,Bursa,Cinsel,Mart,İLKBAHAR,MARMARA
8330,2013-03-04,Erkek,İstanbul,Cinsel,Mart,İLKBAHAR,MARMARA
8331,2013-03-05,Erkek,Niğde,Cinsel,Mart,İLKBAHAR,İÇ ANADOLU
8332,2013-03-05,Erkek,Niğde,Cinsel,Mart,İLKBAHAR,İÇ ANADOLU
8333,2013-03-05,Erkek,Manisa,DİĞER,Mart,İLKBAHAR,EGE
8334,2013-03-05,Erkek,Zonguldak,Bakım,Mart,İLKBAHAR,KARADENİZ
8335,2013-03-05,Erkek,Konya,Cinsel,Mart,İLKBAHAR,İÇ ANADOLU
8336,2013-03-05,Erkek,İzmir,Cinsel,Mart,İLKBAHAR,EGE
8337,2013-03-05,Erkek,Gaziantep,Bakım,Mart,İLKBAHAR,GÜNEYDOĞU
8338,2013-03-05,Erkek,İstanbul,Cinsel,Mart,İLKBAHAR,MARMARA
8339,2013-03-05,Erkek,Konya,Cinsel,Mart,İLKBAHAR,İÇ ANADOLU
8340,2013-03-05,Erkek,Hatay,Cinsel,Mart,İLKBAHAR,AKDENİZ
8341,2013-03-05,Bayan,İstanbul,Bakım,Mart,İLKBAHAR,MARMARA
8342,2013-03-05,Erkek,İstanbul,Cinsel,Mart,İLKBAHAR,MARMARA
8343,2013-03-05,Erkek,Diyarbakır,Cinsel,Mart,İLKBAHAR,GÜNEYDOĞU
8344,2013-03-05,Erkek,Erzurum,Cinsel,Mart,İLKBAHAR,DOĞU ANADOLU
8345,2013-03-05,Erkek,Artvin,Cinsel,Mart,İLKBAHAR,KARADENİZ
8346,2013-03-05,Bayan,İstanbul,Bakım,Mart,İLKBAHAR,MARMARA
8347,2013-03-05,Erkek,İstanbul,Cinsel,Mart,İLKBAHAR,MARMARA
8348,2013-03-05,Erkek,Şırnak,Cinsel,Mart,İLKBAHAR,DOĞU ANADOLU
8349,2013-03-05,Erkek,Ankara,Bakım,Mart,İLKBAHAR,İÇ ANADOLU
8350,2013-03-05,Erkek,Manisa,Cinsel,Mart,İLKBAHAR,EGE
8351,2013-03-05,Bayan,İstanbul,DİĞER,Mart,İLKBAHAR,MARMARA
8352,2013-03-06,Bayan,İstanbul,Bakım,Mart,İLKBAHAR,MARMARA
8353,2013-03-06,Erkek,İstanbul,DİĞER,Mart,İLKBAHAR,MARMARA
8354,2013-03-06,Erkek,Niğde,Cinsel,Mart,İLKBAHAR,İÇ ANADOLU
8355,2013-03-06,Erkek,İstanbul,Bakım,Mart,İLKBAHAR,MARMARA
8356,2013-03-06,Erkek,Konya,Cinsel,Mart,İLKBAHAR,İÇ ANADOLU
8357,2013-03-06,Erkek,İstanbul,Cinsel,Mart,İLKBAHAR,MARMARA
8358,2013-03-06,Erkek,Zonguldak,DİĞER,Mart,İLKBAHAR,KARADENİZ
8359,2013-03-06,Bayan,Karaman,Bakım,Mart,İLKBAHAR,İÇ ANADOLU
8360,2013-03-06,Erkek,Afyon,Bakım,Mart,İLKBAHAR,EGE
8361,2013-03-06,Bayan,Denizli,Bakım,Mart,İLKBAHAR,EGE
8362,2013-03-06,Erkek,Kocaeli,Cinsel,Mart,İLKBAHAR,MARMARA
8363,2013-03-06,Erkek,Antalya,Cinsel,Mart,İLKBAHAR,AKDENİZ
8364,2013-03-06,Erkek,Yalova,Bakım,Mart,İLKBAHAR,MARMARA
8365,2013-03-06,Erkek,İstanbul,Cinsel,Mart,İLKBAHAR,MARMARA
8366,2013-03-06,Erkek,Ordu,Bakım,Mart,İLKBAHAR,KARADENİZ
8367,2013-03-06,Erkek,İstanbul,Cinsel,Mart,İLKBAHAR,MARMARA
8368,2013-03-06,Erkek,Kars,DİĞER,Mart,İLKBAHAR,DOĞU ANADOLU
8369,2013-03-06,Erkek,Yozgat,Cinsel,Mart,İLKBAHAR,İÇ ANADOLU
8370,2013-03-06,Erkek,İstanbul,Cinsel,Mart,İLKBAHAR,MARMARA
8371,2013-03-07,Erkek,Zonguldak,Cinsel,Mart,İLKBAHAR,KARADENİZ
8372,2013-03-07,Erkek,Batman,Cinsel,Mart,İLKBAHAR,GÜNEYDOĞU
8373,2013-03-07,Erkek,Kütahya,Cinsel,Mart,İLKBAHAR,EGE
8374,2013-03-07,Erkek,Gaziantep,Cinsel,Mart,İLKBAHAR,GÜNEYDOĞU
8375,2013-03-07,Erkek,Tokat,Bakım,Mart,İLKBAHAR,KARADENİZ
8376,2013-03-07,Erkek,Batman,Bakım,Mart,İLKBAHAR,GÜNEYDOĞU
8377,2013-03-07,Erkek,Karabük,Bakım,Mart,İLKBAHAR,KARADENİZ
8378,2013-03-07,Erkek,İstanbul,Bakım,Mart,İLKBAHAR,MARMARA
8379,2013-03-07,Erkek,Çanakkale,Cinsel,Mart,İLKBAHAR,MARMARA
8380,2013-03-07,Erkek,İstanbul,Cinsel,Mart,İLKBAHAR,MARMARA
8381,2013-03-07,Erkek,Adana,Cinsel,Mart,İLKBAHAR,AKDENİZ
8382,2013-03-07,Erkek,İstanbul,Bakım,Mart,İLKBAHAR,MARMARA
8383,2013-03-07,Erkek,Bursa,Cinsel,Mart,İLKBAHAR,MARMARA
8384,2013-03-07,Erkek,Ankara,Cinsel,Mart,İLKBAHAR,İÇ ANADOLU
8385,2013-03-07,Erkek,İstanbul,Cinsel,Mart,İLKBAHAR,MARMARA
8386,2013-03-07,Erkek,Ankara,Cinsel,Mart,İLKBAHAR,İÇ ANADOLU
8387,2013-03-07,Erkek,Kocaeli,Cinsel,Mart,İLKBAHAR,MARMARA
8388,2013-03-07,Erkek,İstanbul,Cinsel,Mart,İLKBAHAR,MARMARA
8389,2013-03-07,Erkek,Şanlıurfa,DİĞER,Mart,İLKBAHAR,GÜNEYDOĞU
8390,2013-03-07,Bayan,Mardin,DİĞER,Mart,İLKBAHAR,GÜNEYDOĞU
8391,2013-03-07,Bayan,İstanbul,Güzellik,Mart,İLKBAHAR,MARMARA
8392,2013-03-07,Bayan,Ordu,Güzellik,Mart,İLKBAHAR,KARADENİZ
8393,2013-03-07,Bayan,İstanbul,Güzellik,Mart,İLKBAHAR,MARMARA
8394,2013-03-07,Bayan,Bursa,Güzellik,Mart,İLKBAHAR,MARMARA
8395,2013-03-07,Erkek,Erzincan,DİĞER,Mart,İLKBAHAR,DOĞU ANADOLU
8396,2013-03-07,Bayan,Gaziantep,Güzellik,Mart,İLKBAHAR,GÜNEYDOĞU
8397,2013-03-07,Bayan,Hakkari,Güzellik,Mart,İLKBAHAR,DOĞU ANADOLU
8398,2013-03-07,Bayan,İstanbul,Güzellik,Mart,İLKBAHAR,MARMARA
8399,2013-03-07,Erkek,İstanbul,Güzellik,Mart,İLKBAHAR,MARMARA
8400,2013-03-07,Bayan,Tunceli,Güzellik,Mart,İLKBAHAR,DOĞU ANADOLU
8401,2013-03-07,Erkek,İzmir,Güzellik,Mart,İLKBAHAR,EGE
8402,2013-03-07,Erkek,İstanbul,Güzellik,Mart,İLKBAHAR,MARMARA
8403,2013-03-07,Erkek,Balıkesir,Cinsel,Mart,İLKBAHAR,MARMARA
8404,2013-03-07,Erkek,Bursa,Bakım,Mart,İLKBAHAR,MARMARA
8405,2013-03-07,Erkek,Sinop,Cinsel,Mart,İLKBAHAR,KARADENİZ
8406,2013-03-07,Erkek,Adana,Bakım,Mart,İLKBAHAR,AKDENİZ
8407,2013-03-08,Erkek,Iğdır,Güzellik,Mart,İLKBAHAR,DOĞU ANADOLU
8408,2013-03-08,Bayan,Konya,Güzellik,Mart,İLKBAHAR,İÇ ANADOLU
8409,2013-03-08,Bayan,Bursa,Güzellik,Mart,İLKBAHAR,MARMARA
8410,2013-03-08,Erkek,Hatay,Cinsel,Mart,İLKBAHAR,AKDENİZ
8411,2013-03-08,Erkek,Bingöl,Cinsel,Mart,İLKBAHAR,DOĞU ANADOLU
8412,2013-03-08,Erkek,İstanbul,Güzellik,Mart,İLKBAHAR,MARMARA
8413,2013-03-08,Bayan,Van,Güzellik,Mart,İLKBAHAR,DOĞU ANADOLU
8414,2013-03-08,Erkek,İstanbul,Güzellik,Mart,İLKBAHAR,MARMARA
8415,2013-03-08,Erkek,Malatya,Cinsel,Mart,İLKBAHAR,DOĞU ANADOLU
8416,2013-03-08,Erkek,Aydın,Güzellik,Mart,İLKBAHAR,EGE
8417,2013-03-08,Erkek,İstanbul,Güzellik,Mart,İLKBAHAR,MARMARA
8418,2013-03-08,Erkek,Balıkesir,Cinsel,Mart,İLKBAHAR,MARMARA
8419,2013-03-08,Bayan,İstanbul,Güzellik,Mart,İLKBAHAR,MARMARA
8420,2013-03-08,Bayan,Diyarbakır,Bakım,Mart,İLKBAHAR,GÜNEYDOĞU
8421,2013-03-08,Erkek,İstanbul,Cinsel,Mart,İLKBAHAR,MARMARA
8422,2013-03-08,Erkek,İstanbul,Cinsel,Mart,İLKBAHAR,MARMARA
8423,2013-03-08,Erkek,İstanbul,Cinsel,Mart,İLKBAHAR,MARMARA
8424,2013-03-08,Bayan,İstanbul,Güzellik,Mart,İLKBAHAR,MARMARA
8425,2013-03-08,Erkek,İstanbul,Güzellik,Mart,İLKBAHAR,MARMARA
8426,2013-03-08,Erkek,Ankara,Cinsel,Mart,İLKBAHAR,İÇ ANADOLU
8427,2013-03-08,Bayan,İzmir,DİĞER,Mart,İLKBAHAR,EGE
8428,2013-03-09,Bayan,İstanbul,DİĞER,Mart,İLKBAHAR,MARMARA
8429,2013-03-09,Erkek,İstanbul,Cinsel,Mart,İLKBAHAR,MARMARA
8430,2013-03-11,Bayan,Kırşehir,DİĞER,Mart,İLKBAHAR,İÇ ANADOLU
8431,2013-03-11,Erkek,İstanbul,Bakım,Mart,İLKBAHAR,MARMARA
8432,2013-03-11,Erkek,Manisa,Bakım,Mart,İLKBAHAR,EGE
8433,2013-03-11,Bayan,İstanbul,Güzellik,Mart,İLKBAHAR,MARMARA
8434,2013-03-12,Bayan,İçel,Güzellik,Mart,İLKBAHAR,AKDENİZ
8435,2013-03-12,Erkek,Edirne,Güzellik,Mart,İLKBAHAR,MARMARA
8436,2013-03-12,Erkek,Muğla,Cinsel,Mart,İLKBAHAR,EGE
8437,2013-03-12,Erkek,Elazığ,Cinsel,Mart,İLKBAHAR,DOĞU ANADOLU
8438,2013-03-12,Bayan,Karabük,Güzellik,Mart,İLKBAHAR,KARADENİZ
8439,2013-03-12,Erkek,İstanbul,Cinsel,Mart,İLKBAHAR,MARMARA
8440,2013-03-12,Erkek,Manisa,DİĞER,Mart,İLKBAHAR,EGE
8441,2013-03-12,Erkek,Mersin,Cinsel,Mart,İLKBAHAR,AKDENİZ
8442,2013-03-12,Erkek,Trabzon,DİĞER,Mart,İLKBAHAR,KARADENİZ
8443,2013-03-12,Bayan,İstanbul,Bakım,Mart,İLKBAHAR,MARMARA
8444,2013-03-12,Erkek,Hatay,Cinsel,Mart,İLKBAHAR,AKDENİZ
8445,2013-03-12,Erkek,İstanbul,Güzellik,Mart,İLKBAHAR,MARMARA
8446,2013-03-12,Erkek,Denizli,DİĞER,Mart,İLKBAHAR,EGE
8447,2013-03-12,Erkek,İstanbul,Güzellik,Mart,İLKBAHAR,MARMARA
8448,2013-03-12,Bayan,İstanbul,Güzellik,Mart,İLKBAHAR,MARMARA
8449,2013-03-12,Erkek,Ankara,Cinsel,Mart,İLKBAHAR,İÇ ANADOLU
8450,2013-03-12,Bayan,İstanbul,Güzellik,Mart,İLKBAHAR,MARMARA
8451,2013-03-13,Erkek,Van,Bakım,Mart,İLKBAHAR,DOĞU ANADOLU
8452,2013-03-13,Bayan,Gaziantep,Bakım,Mart,İLKBAHAR,GÜNEYDOĞU
8453,2013-03-13,Bayan,Bursa,Bakım,Mart,İLKBAHAR,MARMARA
8454,2013-03-13,Erkek,İstanbul,Bakım,Mart,İLKBAHAR,MARMARA
8455,2013-03-13,Erkek,İstanbul,Bakım,Mart,İLKBAHAR,MARMARA
8456,2013-03-13,Bayan,Aydın,Bakım,Mart,İLKBAHAR,EGE
8457,2013-03-13,Bayan,Bursa,Bakım,Mart,İLKBAHAR,MARMARA
8458,2013-03-13,Erkek,İstanbul,Bakım,Mart,İLKBAHAR,MARMARA
8459,2013-03-13,Erkek,Kocaeli,Cinsel,Mart,İLKBAHAR,MARMARA
8460,2013-03-13,Erkek,Çorum,Cinsel,Mart,İLKBAHAR,KARADENİZ
8461,2013-03-13,Erkek,Ankara,Cinsel,Mart,İLKBAHAR,İÇ ANADOLU
8462,2013-03-13,Erkek,Eskişehir,Cinsel,Mart,İLKBAHAR,İÇ ANADOLU
8463,2013-03-13,Erkek,Giresun,Cinsel,Mart,İLKBAHAR,KARADENİZ
8464,2013-03-13,Erkek,Ankara,Cinsel,Mart,İLKBAHAR,İÇ ANADOLU
8465,2013-06-12,Erkek,Artvin,Cinsel,Haziran,YAZ,KARADENİZ
8466,2013-06-12,Bayan,İzmir,Cinsel,Haziran,YAZ,EGE
8467,2013-06-13,Erkek,Balıkesir,Cinsel,Haziran,YAZ,MARMARA
8468,2013-06-13,Erkek,Malatya,Cinsel,Haziran,YAZ,DOĞU ANADOLU
8469,2013-06-13,Erkek,İstanbul,Bakım,Haziran,YAZ,MARMARA
8470,2013-06-13,Bayan,Antalya,Bakım,Haziran,YAZ,AKDENİZ
8471,2013-06-13,Erkek,Bingöl,Cinsel,Haziran,YAZ,DOĞU ANADOLU
8472,2013-06-13,Erkek,Konya,Cinsel,Haziran,YAZ,İÇ ANADOLU
8473,2013-06-13,Erkek,Antalya,Cinsel,Haziran,YAZ,AKDENİZ
8474,2013-06-14,Bayan,İstanbul,Bakım,Haziran,YAZ,MARMARA
8475,2013-06-14,Bayan,İstanbul,Bakım,Haziran,YAZ,MARMARA
8476,2013-06-14,Bayan,Ankara,Bakım,Haziran,YAZ,İÇ ANADOLU
8477,2013-06-14,Erkek,Manisa,Bakım,Haziran,YAZ,EGE
8478,2013-06-14,Erkek,Trabzon,Cinsel,Haziran,YAZ,KARADENİZ
8479,2013-06-14,Erkek,Ankara,Bakım,Haziran,YAZ,İÇ ANADOLU
8480,2013-06-14,Erkek,İstanbul,Bakım,Haziran,YAZ,MARMARA
8481,2013-06-14,Erkek,İstanbul,Cinsel,Haziran,YAZ,MARMARA
8482,2013-06-14,Bayan,İzmir,Bakım,Haziran,YAZ,EGE
8483,2013-06-15,Erkek,Ordu,Cinsel,Haziran,YAZ,KARADENİZ
8484,2013-06-15,Erkek,Sivas,Cinsel,Haziran,YAZ,İÇ ANADOLU
8485,2013-06-15,Erkek,Bursa,Cinsel,Haziran,YAZ,MARMARA
8486,2013-06-15,Erkek,Antalya,Cinsel,Haziran,YAZ,AKDENİZ
8487,2013-06-15,Erkek,İstanbul,Cinsel,Haziran,YAZ,MARMARA
8488,2013-06-15,Bayan,Erzurum,Cinsel,Haziran,YAZ,DOĞU ANADOLU
8489,2013-06-17,Erkek,Mersin,Cinsel,Haziran,YAZ,AKDENİZ
8490,2013-06-17,Erkek,Antalya,Bakım,Haziran,YAZ,AKDENİZ
8491,2013-06-17,Erkek,Kocaeli,Bakım,Haziran,YAZ,MARMARA
8492,2013-06-17,Bayan,İstanbul,Bakım,Haziran,YAZ,MARMARA
8493,2013-06-17,Erkek,Ordu,Cinsel,Haziran,YAZ,KARADENİZ
8494,2013-06-17,Erkek,İzmir,Cinsel,Haziran,YAZ,EGE
8495,2013-06-17,Bayan,Karabük,Bakım,Haziran,YAZ,KARADENİZ
8496,2013-06-17,Erkek,Kırıkkale,Cinsel,Haziran,YAZ,İÇ ANADOLU
8497,2013-06-17,Bayan,İstanbul,Cinsel,Haziran,YAZ,MARMARA
8498,2013-06-17,Erkek,Kahramanmaraş,Bakım,Haziran,YAZ,AKDENİZ
8499,2013-06-17,Erkek,İstanbul,Cinsel,Haziran,YAZ,MARMARA
8500,2013-06-18,Erkek,Şanlıurfa,Cinsel,Haziran,YAZ,GÜNEYDOĞU
8501,2013-06-18,Erkek,İstanbul,Zayıflama,Haziran,YAZ,MARMARA
8502,2013-06-18,Erkek,İstanbul,Cinsel,Haziran,YAZ,MARMARA
8503,2013-06-18,Erkek,Mersin,Cinsel,Haziran,YAZ,AKDENİZ
8504,2013-06-18,Erkek,İstanbul,Cinsel,Haziran,YAZ,MARMARA
8505,2013-06-18,Erkek,Düzce,Cinsel,Haziran,YAZ,KARADENİZ
8506,2013-06-18,Erkek,Çanakkale,Cinsel,Haziran,YAZ,MARMARA
8507,2013-06-18,Erkek,Edirne,Cinsel,Haziran,YAZ,MARMARA
8508,2013-06-18,Erkek,Van,Cinsel,Haziran,YAZ,DOĞU ANADOLU
8509,2013-06-18,Erkek,İstanbul,Cinsel,Haziran,YAZ,MARMARA
8510,2013-06-18,Bayan,İstanbul,Bakım,Haziran,YAZ,MARMARA
8511,2013-06-19,Erkek,Antalya,Cinsel,Haziran,YAZ,AKDENİZ
8512,2013-06-19,Bayan,Bursa,Bakım,Haziran,YAZ,MARMARA
8513,2013-06-19,Erkek,Kocaeli,Bakım,Haziran,YAZ,MARMARA
8514,2013-06-19,Erkek,Mersin,Bakım,Haziran,YAZ,AKDENİZ
8515,2013-06-19,Bayan,Antalya,Bakım,Haziran,YAZ,AKDENİZ
8516,2013-06-19,Erkek,Kayseri,Bakım,Haziran,YAZ,İÇ ANADOLU
8517,2013-06-19,Bayan,Zonguldak,Bakım,Haziran,YAZ,KARADENİZ
8518,2013-06-19,Erkek,Antalya,Cinsel,Haziran,YAZ,AKDENİZ
8519,2013-06-19,Erkek,Ankara,Cinsel,Haziran,YAZ,İÇ ANADOLU
8520,2013-06-19,Erkek,İstanbul,Cinsel,Haziran,YAZ,MARMARA
8521,2013-06-19,Erkek,İstanbul,Cinsel,Haziran,YAZ,MARMARA
8522,2013-06-19,Bayan,Kayseri,Cinsel,Haziran,YAZ,İÇ ANADOLU
8523,2013-06-19,Erkek,Denizli,DİĞER,Haziran,YAZ,EGE
8524,2013-06-19,Erkek,Antalya,Cinsel,Haziran,YAZ,AKDENİZ
8525,2013-06-19,Erkek,İstanbul,Cinsel,Haziran,YAZ,MARMARA
8526,2013-06-20,Erkek,İstanbul,Bakım,Haziran,YAZ,MARMARA
8527,2013-06-20,Erkek,İzmir,Cinsel,Haziran,YAZ,EGE
8528,2013-06-20,Erkek,İstanbul,Cinsel,Haziran,YAZ,MARMARA
8529,2013-06-20,Bayan,İstanbul,Cinsel,Haziran,YAZ,MARMARA
8530,2013-06-20,Erkek,Samsun,Cinsel,Haziran,YAZ,KARADENİZ
8531,2013-06-20,Erkek,İzmir,Cinsel,Haziran,YAZ,EGE
8532,2013-06-20,Erkek,Ankara,Bakım,Haziran,YAZ,İÇ ANADOLU
8533,2013-06-20,Erkek,Antalya,Bakım,Haziran,YAZ,AKDENİZ
8534,2013-06-20,Erkek,Bursa,Bakım,Haziran,YAZ,MARMARA
8535,2013-06-20,Erkek,Aydın,Bakım,Haziran,YAZ,EGE
8536,2013-06-20,Erkek,İstanbul,Bakım,Haziran,YAZ,MARMARA
8537,2013-06-21,Erkek,İstanbul,Cinsel,Haziran,YAZ,MARMARA
8538,2013-06-21,Bayan,Ankara,Cinsel,Haziran,YAZ,İÇ ANADOLU
8539,2013-06-21,Erkek,Kırşehir,Cinsel,Haziran,YAZ,İÇ ANADOLU
8540,2013-06-21,Erkek,Hatay,Cinsel,Haziran,YAZ,AKDENİZ
8541,2013-06-21,Erkek,Manisa,Cinsel,Haziran,YAZ,EGE
8542,2013-06-21,Erkek,Ankara,Cinsel,Haziran,YAZ,İÇ ANADOLU
8543,2013-06-21,Erkek,Ordu,Cinsel,Haziran,YAZ,KARADENİZ
8544,2013-06-21,Erkek,İçel,Bakım,Haziran,YAZ,AKDENİZ
8545,2013-06-22,Bayan,İstanbul,Zayıflama,Haziran,YAZ,MARMARA
8546,2013-06-22,Bayan,İstanbul,Zayıflama,Haziran,YAZ,MARMARA
8547,2013-06-22,Erkek,Ankara,Bakım,Haziran,YAZ,İÇ ANADOLU
8548,2013-06-22,Erkek,Bartın,Bakım,Haziran,YAZ,KARADENİZ
8549,2013-06-22,Erkek,İstanbul,Cinsel,Haziran,YAZ,MARMARA
8550,2013-06-22,Bayan,Zonguldak,Cinsel,Haziran,YAZ,KARADENİZ
8551,2013-06-22,Bayan,Bursa,Bakım,Haziran,YAZ,MARMARA
8552,2013-06-22,Erkek,İstanbul,Cinsel,Haziran,YAZ,MARMARA
8553,2013-06-22,Erkek,Balıkesir,Cinsel,Haziran,YAZ,MARMARA
8554,2013-06-22,Erkek,Bolu,Cinsel,Haziran,YAZ,KARADENİZ
8555,2013-06-22,Erkek,İstanbul,Cinsel,Haziran,YAZ,MARMARA
8556,2013-06-24,Bayan,İstanbul,DİĞER,Haziran,YAZ,MARMARA
8557,2013-06-24,Bayan,Muş,Cinsel,Haziran,YAZ,DOĞU ANADOLU
8558,2013-06-24,Erkek,İstanbul,Bakım,Haziran,YAZ,MARMARA
8559,2013-06-24,Erkek,Kahramanmaraş,Cinsel,Haziran,YAZ,AKDENİZ
8560,2013-06-24,Erkek,Hatay,Cinsel,Haziran,YAZ,AKDENİZ
8561,2013-06-24,Erkek,Trabzon,Cinsel,Haziran,YAZ,KARADENİZ
8562,2013-06-24,Erkek,Aksaray,Cinsel,Haziran,YAZ,İÇ ANADOLU
8563,2013-06-24,Erkek,Muş,Cinsel,Haziran,YAZ,DOĞU ANADOLU
8564,2013-06-24,Erkek,İstanbul,Cinsel,Haziran,YAZ,MARMARA
8565,2013-06-24,Erkek,Niğde,Bakım,Haziran,YAZ,İÇ ANADOLU
8566,2013-06-24,Erkek,İstanbul,Cinsel,Haziran,YAZ,MARMARA
8567,2013-06-24,Erkek,Kocaeli,Saç,Haziran,YAZ,MARMARA
8568,2013-06-24,Erkek,Artvin,Cinsel,Haziran,YAZ,KARADENİZ
8569,2013-06-24,Erkek,İstanbul,Cinsel,Haziran,YAZ,MARMARA
8570,2013-06-24,Erkek,Tekirdağ,Bakım,Haziran,YAZ,MARMARA
8571,2013-06-25,Erkek,Sivas,Cinsel,Haziran,YAZ,İÇ ANADOLU
8572,2013-06-25,Bayan,Samsun,Cinsel,Haziran,YAZ,KARADENİZ
8573,2013-06-25,Erkek,Hatay,Cinsel,Haziran,YAZ,AKDENİZ
8574,2013-06-25,Bayan,İstanbul,Bakım,Haziran,YAZ,MARMARA
8575,2013-06-25,Erkek,Hatay,Cinsel,Haziran,YAZ,AKDENİZ
8576,2013-06-25,Bayan,İstanbul,Cinsel,Haziran,YAZ,MARMARA
8577,2013-06-25,Erkek,İstanbul,Cinsel,Haziran,YAZ,MARMARA
8578,2013-06-25,Erkek,Ankara,Cinsel,Haziran,YAZ,İÇ ANADOLU
8579,2013-06-25,Erkek,Niğde,Cinsel,Haziran,YAZ,İÇ ANADOLU
8580,2013-06-25,Bayan,Diyarbakır,Cinsel,Haziran,YAZ,GÜNEYDOĞU
8581,2013-06-25,Erkek,Isparta,Cinsel,Haziran,YAZ,AKDENİZ
8582,2013-06-25,Bayan,Antalya,Zayıflama,Haziran,YAZ,AKDENİZ
8583,2013-06-25,Erkek,Kocaeli,Cinsel,Haziran,YAZ,MARMARA
8584,2013-06-25,Bayan,İstanbul,Bakım,Haziran,YAZ,MARMARA
8585,2013-06-25,Erkek,İstanbul,Cinsel,Haziran,YAZ,MARMARA
8586,2013-06-25,Erkek,İstanbul,Cinsel,Haziran,YAZ,MARMARA
8587,2013-06-26,Erkek,Artvin,Cinsel,Haziran,YAZ,KARADENİZ
8588,2013-06-26,Bayan,Çanakkale,Bakım,Haziran,YAZ,MARMARA
8589,2013-06-26,Erkek,Yozgat,Bakım,Haziran,YAZ,İÇ ANADOLU
8590,2013-06-26,Erkek,Batman,Cinsel,Haziran,YAZ,GÜNEYDOĞU
8591,2013-06-26,Bayan,İstanbul,DİĞER,Haziran,YAZ,MARMARA
8592,2013-06-26,Erkek,Kırıkkale,Cinsel,Haziran,YAZ,İÇ ANADOLU
8593,2013-06-26,Erkek,Aksaray,Cinsel,Haziran,YAZ,İÇ ANADOLU
8594,2013-06-26,Bayan,Kocaeli,Bakım,Haziran,YAZ,MARMARA
8595,2013-06-26,Erkek,Kocaeli,Cinsel,Haziran,YAZ,MARMARA
8596,2013-06-26,Bayan,Ankara,Bakım,Haziran,YAZ,İÇ ANADOLU
8597,2013-06-26,Bayan,İstanbul,Zayıflama,Haziran,YAZ,MARMARA
8598,2013-06-26,Erkek,Konya,Cinsel,Haziran,YAZ,İÇ ANADOLU
8599,2013-06-26,Erkek,Muş,Cinsel,Haziran,YAZ,DOĞU ANADOLU
8600,2013-06-26,Erkek,Konya,Cinsel,Haziran,YAZ,İÇ ANADOLU
8601,2013-06-26,Erkek,Hatay,Bakım,Haziran,YAZ,AKDENİZ
8602,2013-06-27,Erkek,Bursa,Cinsel,Haziran,YAZ,MARMARA
8603,2013-06-27,Erkek,İstanbul,Cinsel,Haziran,YAZ,MARMARA
8604,2013-06-27,Bayan,Bursa,Cinsel,Haziran,YAZ,MARMARA
8605,2013-06-27,Erkek,İstanbul,Güzellik,Haziran,YAZ,MARMARA
8606,2013-06-27,Erkek,Tekirdağ,Cinsel,Haziran,YAZ,MARMARA
8607,2013-06-27,Erkek,Ankara,Cinsel,Haziran,YAZ,İÇ ANADOLU
8608,2013-06-27,Erkek,Isparta,Cinsel,Haziran,YAZ,AKDENİZ
8609,2013-06-27,Erkek,Kocaeli,Cinsel,Haziran,YAZ,MARMARA
8610,2013-06-27,Bayan,İstanbul,Zayıflama,Haziran,YAZ,MARMARA
8611,2013-06-27,Erkek,İstanbul,Bakım,Haziran,YAZ,MARMARA
8612,2013-06-27,Bayan,Muğla,Bakım,Haziran,YAZ,EGE
8613,2013-06-28,Bayan,Aydın,Cinsel,Haziran,YAZ,EGE
8614,2013-06-28,Erkek,Balıkesir,Cinsel,Haziran,YAZ,MARMARA
8615,2013-06-28,Bayan,Hatay,Cinsel,Haziran,YAZ,AKDENİZ
8616,2013-06-28,Erkek,İstanbul,Cinsel,Haziran,YAZ,MARMARA
8617,2013-06-28,Erkek,İstanbul,Cinsel,Haziran,YAZ,MARMARA
8618,2013-06-28,Erkek,Sivas,Cinsel,Haziran,YAZ,İÇ ANADOLU
8619,2013-06-28,Erkek,Kars,Cinsel,Haziran,YAZ,DOĞU ANADOLU
8620,2013-06-28,Bayan,İstanbul,Bakım,Haziran,YAZ,MARMARA
8621,2013-06-28,Erkek,Gaziantep,Cinsel,Haziran,YAZ,GÜNEYDOĞU
8622,2013-06-28,Erkek,Aksaray,DİĞER,Haziran,YAZ,İÇ ANADOLU
8623,2013-06-28,Bayan,İstanbul,Cinsel,Haziran,YAZ,MARMARA
8624,2013-06-28,Bayan,İstanbul,Bakım,Haziran,YAZ,MARMARA
8625,2013-06-28,Erkek,Van,Cinsel,Haziran,YAZ,DOĞU ANADOLU
8626,2013-06-28,Bayan,Ordu,Cinsel,Haziran,YAZ,KARADENİZ
8627,2013-06-28,Erkek,Muğla,Cinsel,Haziran,YAZ,EGE
8628,2013-06-28,Erkek,Mersin,Cinsel,Haziran,YAZ,AKDENİZ
8629,2013-06-28,Erkek,Diyarbakır,Cinsel,Haziran,YAZ,GÜNEYDOĞU
8630,2013-06-29,Erkek,Antalya,Bakım,Haziran,YAZ,AKDENİZ
8631,2013-07-01,Erkek,Çanakkale,Bakım,Temmuz,YAZ,MARMARA
8632,2013-07-01,Bayan,Konya,Bakım,Temmuz,YAZ,İÇ ANADOLU
8633,2013-07-01,Erkek,Şanlıurfa,Cinsel,Temmuz,YAZ,GÜNEYDOĞU
8634,2013-07-01,Bayan,Balıkesir,Cinsel,Temmuz,YAZ,MARMARA
8635,2013-07-01,Erkek,Aksaray,Cinsel,Temmuz,YAZ,İÇ ANADOLU
8636,2013-07-01,Erkek,İstanbul,Cinsel,Temmuz,YAZ,MARMARA
8637,2013-07-01,Erkek,İstanbul,Cinsel,Temmuz,YAZ,MARMARA
8638,2013-07-01,Bayan,Erzurum,Cinsel,Temmuz,YAZ,DOĞU ANADOLU
8639,2013-07-01,Erkek,İstanbul,Cinsel,Temmuz,YAZ,MARMARA
8640,2013-07-01,Erkek,Yozgat,Cinsel,Temmuz,YAZ,İÇ ANADOLU
8641,2013-07-01,Erkek,Tekirdağ,Bakım,Temmuz,YAZ,MARMARA
8642,2013-07-01,Bayan,Zonguldak,Bakım,Temmuz,YAZ,KARADENİZ
8643,2013-07-01,Erkek,İstanbul,Bakım,Temmuz,YAZ,MARMARA
8644,2013-07-01,Erkek,İstanbul,Bakım,Temmuz,YAZ,MARMARA
8645,2013-07-01,Bayan,Eskişehir,Bakım,Temmuz,YAZ,İÇ ANADOLU
8646,2013-07-01,Erkek,Muğla,Cinsel,Temmuz,YAZ,EGE
8647,2013-07-01,Erkek,Antalya,Cinsel,Temmuz,YAZ,AKDENİZ
8648,2013-07-02,Erkek,İstanbul,Cinsel,Temmuz,YAZ,MARMARA
8649,2013-07-02,Bayan,İstanbul,DİĞER,Temmuz,YAZ,MARMARA
8650,2013-07-02,Erkek,Kırıkkale,Cinsel,Temmuz,YAZ,İÇ ANADOLU
8651,2013-07-02,Bayan,Ankara,Bakım,Temmuz,YAZ,İÇ ANADOLU
8652,2013-07-02,Erkek,Balıkesir,Cinsel,Temmuz,YAZ,MARMARA
8653,2013-07-02,Erkek,Artvin,Bakım,Temmuz,YAZ,KARADENİZ
8654,2013-07-02,Bayan,Gaziantep,Bakım,Temmuz,YAZ,GÜNEYDOĞU
8655,2013-07-02,Bayan,Adana,Bakım,Temmuz,YAZ,AKDENİZ
8656,2013-07-03,Erkek,Konya,Cinsel,Temmuz,YAZ,İÇ ANADOLU
8657,2013-07-03,Bayan,İzmir,Zayıflama,Temmuz,YAZ,EGE
8658,2013-07-03,Erkek,İstanbul,Cinsel,Temmuz,YAZ,MARMARA
8659,2013-07-03,Erkek,Tokat,Bakım,Temmuz,YAZ,KARADENİZ
8660,2013-07-03,Erkek,İstanbul,Cinsel,Temmuz,YAZ,MARMARA
8661,2013-07-03,Erkek,Ankara,Cinsel,Temmuz,YAZ,İÇ ANADOLU
8662,2013-07-03,Erkek,Mersin,Cinsel,Temmuz,YAZ,AKDENİZ
8663,2013-07-03,Bayan,Eskişehir,Bakım,Temmuz,YAZ,İÇ ANADOLU
8664,2013-07-03,Erkek,Denizli,Güzellik,Temmuz,YAZ,EGE
8665,2013-07-03,Erkek,İstanbul,Saç,Temmuz,YAZ,MARMARA
8666,2013-07-03,Erkek,İstanbul,Cinsel,Temmuz,YAZ,MARMARA
8667,2013-07-03,Erkek,Kahramanmaraş,Cinsel,Temmuz,YAZ,AKDENİZ
8668,2013-07-04,Erkek,Eskişehir,Zayıflama,Temmuz,YAZ,İÇ ANADOLU
8669,2013-07-04,Erkek,Hakkari,Zayıflama,Temmuz,YAZ,DOĞU ANADOLU
8670,2013-07-04,Erkek,Antalya,Cinsel,Temmuz,YAZ,AKDENİZ
8671,2013-07-04,Erkek,Eskişehir,Cinsel,Temmuz,YAZ,İÇ ANADOLU
8672,2013-07-04,Erkek,Ankara,Bakım,Temmuz,YAZ,İÇ ANADOLU
8673,2013-07-04,Erkek,Şanlıurfa,Zayıflama,Temmuz,YAZ,GÜNEYDOĞU
8674,2013-07-04,Bayan,İzmir,Bakım,Temmuz,YAZ,EGE
8675,2013-07-04,Erkek,Zonguldak,Cinsel,Temmuz,YAZ,KARADENİZ
8676,2013-07-04,Bayan,Bursa,Bakım,Temmuz,YAZ,MARMARA
8677,2013-07-04,Erkek,Antalya,Cinsel,Temmuz,YAZ,AKDENİZ
8678,2013-07-04,Erkek,İzmir,DİĞER,Temmuz,YAZ,EGE
8679,2013-07-04,Erkek,İstanbul,Bakım,Temmuz,YAZ,MARMARA
8680,2013-07-05,Erkek,İzmir,DİĞER,Temmuz,YAZ,EGE
8681,2013-07-05,Erkek,Eskişehir,Cinsel,Temmuz,YAZ,İÇ ANADOLU
8682,2013-07-05,Erkek,Erzurum,Cinsel,Temmuz,YAZ,DOĞU ANADOLU
8683,2013-07-05,Erkek,İstanbul,Bakım,Temmuz,YAZ,MARMARA
8684,2013-07-05,Erkek,Erzurum,Bakım,Temmuz,YAZ,DOĞU ANADOLU
8685,2013-07-05,Erkek,Eskişehir,Cinsel,Temmuz,YAZ,İÇ ANADOLU
8686,2013-07-05,Erkek,Adıyaman,Cinsel,Temmuz,YAZ,GÜNEYDOĞU
8687,2013-07-05,Erkek,İstanbul,Cinsel,Temmuz,YAZ,MARMARA
8688,2013-07-08,Erkek,Konya,Bakım,Temmuz,YAZ,İÇ ANADOLU
8689,2013-07-08,Erkek,Konya,Bakım,Temmuz,YAZ,İÇ ANADOLU
8690,2013-07-08,Erkek,İstanbul,DİĞER,Temmuz,YAZ,MARMARA
8691,2013-07-08,Erkek,Antalya,Cinsel,Temmuz,YAZ,AKDENİZ
8692,2013-07-08,Erkek,Trabzon,Bakım,Temmuz,YAZ,KARADENİZ
8693,2013-07-08,Erkek,Samsun,Bakım,Temmuz,YAZ,KARADENİZ
8694,2013-07-08,Erkek,Gaziantep,Zayıflama,Temmuz,YAZ,GÜNEYDOĞU
8695,2013-07-09,Erkek,Van,Cinsel,Temmuz,YAZ,DOĞU ANADOLU
8696,2013-07-09,Erkek,İstanbul,Cinsel,Temmuz,YAZ,MARMARA
8697,2013-07-09,Erkek,İzmir,Bakım,Temmuz,YAZ,EGE
8698,2013-07-09,Erkek,Manisa,Cinsel,Temmuz,YAZ,EGE
8699,2013-07-09,Erkek,Muş,Zayıflama,Temmuz,YAZ,DOĞU ANADOLU
8700,2013-07-10,Erkek,Düzce,Cinsel,Temmuz,YAZ,KARADENİZ
8701,2013-07-10,Erkek,Şanlıurfa,Cinsel,Temmuz,YAZ,GÜNEYDOĞU
8702,2013-07-10,Erkek,Denizli,DİĞER,Temmuz,YAZ,EGE
8703,2013-07-10,Bayan,Kocaeli,Cinsel,Temmuz,YAZ,MARMARA
8704,2013-07-10,Bayan,Aydın,DİĞER,Temmuz,YAZ,EGE
8705,2013-07-10,Bayan,İstanbul,DİĞER,Temmuz,YAZ,MARMARA
8706,2013-07-10,Erkek,İstanbul,Bakım,Temmuz,YAZ,MARMARA
8707,2013-07-11,Erkek,İstanbul,Bakım,Temmuz,YAZ,MARMARA
8708,2013-07-11,Bayan,İstanbul,Bakım,Temmuz,YAZ,MARMARA
8709,2013-07-11,Erkek,İstanbul,Cinsel,Temmuz,YAZ,MARMARA
8710,2013-07-11,Erkek,Antalya,Cinsel,Temmuz,YAZ,AKDENİZ
8711,2013-07-11,Bayan,Ankara,Bakım,Temmuz,YAZ,İÇ ANADOLU
8712,2013-07-11,Erkek,Tekirdağ,Bakım,Temmuz,YAZ,MARMARA
8713,2013-07-11,Erkek,Bursa,DİĞER,Temmuz,YAZ,MARMARA
8714,2013-07-11,Bayan,İstanbul,Cinsel,Temmuz,YAZ,MARMARA
8715,2013-07-11,Erkek,İstanbul,Bakım,Temmuz,YAZ,MARMARA
8716,2013-07-11,Bayan,Hatay,Cinsel,Temmuz,YAZ,AKDENİZ
8717,2013-07-11,Erkek,Kahramanmaraş,Cinsel,Temmuz,YAZ,AKDENİZ
8718,2013-07-12,Bayan,Tekirdağ,Bakım,Temmuz,YAZ,MARMARA
8719,2013-07-12,Erkek,Ankara,Zayıflama,Temmuz,YAZ,İÇ ANADOLU
8720,2013-07-12,Erkek,Aksaray,Bakım,Temmuz,YAZ,İÇ ANADOLU
8721,2013-07-12,Erkek,Karaman,Bakım,Temmuz,YAZ,İÇ ANADOLU
8722,2013-07-12,Bayan,İstanbul,Zayıflama,Temmuz,YAZ,MARMARA
8723,2013-07-12,Erkek,Aydın,Cinsel,Temmuz,YAZ,EGE
8724,2013-07-12,Erkek,Ankara,DİĞER,Temmuz,YAZ,İÇ ANADOLU
8725,2013-07-12,Erkek,Adıyaman,Bakım,Temmuz,YAZ,GÜNEYDOĞU
8726,2013-07-12,Erkek,Antalya,Cinsel,Temmuz,YAZ,AKDENİZ
8727,2013-07-12,Erkek,Ankara,Bakım,Temmuz,YAZ,İÇ ANADOLU
8728,2013-07-12,Erkek,Konya,Cinsel,Temmuz,YAZ,İÇ ANADOLU
8729,2013-07-12,Erkek,İstanbul,Cinsel,Temmuz,YAZ,MARMARA
8730,2013-07-12,Erkek,Bursa,DİĞER,Temmuz,YAZ,MARMARA
8731,2013-07-12,Erkek,Kahramanmaraş,Bakım,Temmuz,YAZ,AKDENİZ
8732,2013-07-12,Erkek,Bursa,Güzellik,Temmuz,YAZ,MARMARA
8733,2013-07-13,Erkek,İstanbul,Cinsel,Temmuz,YAZ,MARMARA
8734,2013-07-13,Bayan,İstanbul,Bakım,Temmuz,YAZ,MARMARA
8735,2013-07-13,Erkek,Antalya,Bakım,Temmuz,YAZ,AKDENİZ
8736,2013-07-13,Erkek,İstanbul,Cinsel,Temmuz,YAZ,MARMARA
8737,2013-07-13,Erkek,Kırıkkale,Bakım,Temmuz,YAZ,İÇ ANADOLU
8738,2013-07-13,Erkek,İstanbul,Saç,Temmuz,YAZ,MARMARA
8739,2013-07-13,Erkek,Kastamonu,Cinsel,Temmuz,YAZ,KARADENİZ
8740,2013-07-13,Erkek,İstanbul,Bakım,Temmuz,YAZ,MARMARA
8741,2013-07-13,Bayan,Bolu,Cinsel,Temmuz,YAZ,KARADENİZ
8742,2013-07-15,Bayan,Adana,Bakım,Temmuz,YAZ,AKDENİZ
8743,2013-07-15,Bayan,İstanbul,Zayıflama,Temmuz,YAZ,MARMARA
8744,2013-07-15,Erkek,İstanbul,Cinsel,Temmuz,YAZ,MARMARA
8745,2013-07-15,Bayan,Zonguldak,Bakım,Temmuz,YAZ,KARADENİZ
8746,2013-07-15,Erkek,Bursa,Bakım,Temmuz,YAZ,MARMARA
8747,2013-07-15,Bayan,Mersin,Bakım,Temmuz,YAZ,AKDENİZ
8748,2013-07-15,Erkek,İstanbul,DİĞER,Temmuz,YAZ,MARMARA
8749,2013-07-16,Bayan,Ankara,Cinsel,Temmuz,YAZ,İÇ ANADOLU
8750,2013-07-16,Erkek,Malatya,DİĞER,Temmuz,YAZ,DOĞU ANADOLU
8751,2013-07-16,Erkek,Edirne,Cinsel,Temmuz,YAZ,MARMARA
8752,2013-07-16,Erkek,Malatya,Bakım,Temmuz,YAZ,DOĞU ANADOLU
8753,2013-07-16,Erkek,İstanbul,Bakım,Temmuz,YAZ,MARMARA
8754,2013-07-16,Erkek,İstanbul,Bakım,Temmuz,YAZ,MARMARA
8755,2013-07-16,Bayan,İstanbul,Bakım,Temmuz,YAZ,MARMARA
8756,2013-07-16,Erkek,Ankara,Cinsel,Temmuz,YAZ,İÇ ANADOLU
8757,2013-07-16,Bayan,Mersin,Bakım,Temmuz,YAZ,AKDENİZ
8758,2013-07-16,Erkek,İstanbul,Zayıflama,Temmuz,YAZ,MARMARA
8759,2013-07-16,Erkek,Mersin,Zayıflama,Temmuz,YAZ,AKDENİZ
8760,2013-07-16,Erkek,Muğla,Zayıflama,Temmuz,YAZ,EGE
8761,2013-07-16,Erkek,Erzurum,Cinsel,Temmuz,YAZ,DOĞU ANADOLU
8762,2013-07-16,Erkek,İstanbul,Cinsel,Temmuz,YAZ,MARMARA
8763,2013-07-16,Erkek,Ankara,Cinsel,Temmuz,YAZ,İÇ ANADOLU
8764,2013-07-16,Erkek,Ankara,Cinsel,Temmuz,YAZ,İÇ ANADOLU
8765,2013-07-16,Erkek,Ankara,Cinsel,Temmuz,YAZ,İÇ ANADOLU
8766,2013-07-16,Bayan,İstanbul,Bakım,Temmuz,YAZ,MARMARA
8767,2013-07-16,Erkek,İstanbul,Cinsel,Temmuz,YAZ,MARMARA
8768,2013-07-16,Erkek,İzmir,Bakım,Temmuz,YAZ,EGE
8769,2013-07-16,Bayan,Niğde,Zayıflama,Temmuz,YAZ,İÇ ANADOLU
8770,2013-07-17,Bayan,Trabzon,Bakım,Temmuz,YAZ,KARADENİZ
8771,2013-07-17,Erkek,Isparta,DİĞER,Temmuz,YAZ,AKDENİZ
8772,2013-07-17,Erkek,Aksaray,Cinsel,Temmuz,YAZ,İÇ ANADOLU
8773,2013-07-17,Erkek,Kocaeli,Cinsel,Temmuz,YAZ,MARMARA
8774,2013-07-17,Erkek,Samsun,Bakım,Temmuz,YAZ,KARADENİZ
8775,2013-07-17,Erkek,Zonguldak,DİĞER,Temmuz,YAZ,KARADENİZ
8776,2013-07-17,Erkek,Balıkesir,Cinsel,Temmuz,YAZ,MARMARA
8777,2013-07-17,Erkek,İstanbul,Zayıflama,Temmuz,YAZ,MARMARA
8778,2013-07-17,Erkek,Sivas,Bakım,Temmuz,YAZ,İÇ ANADOLU
8779,2013-07-17,Erkek,Manisa,Cinsel,Temmuz,YAZ,EGE
8780,2013-07-17,Erkek,Kocaeli,Bakım,Temmuz,YAZ,MARMARA
8781,2013-07-17,Bayan,Manisa,Bakım,Temmuz,YAZ,EGE
8782,2013-07-18,Bayan,Çorum,DİĞER,Temmuz,YAZ,KARADENİZ
8783,2013-07-18,Erkek,İstanbul,DİĞER,Temmuz,YAZ,MARMARA
8784,2013-07-18,Erkek,Antalya,Cinsel,Temmuz,YAZ,AKDENİZ
8785,2013-07-18,Erkek,Muğla,Cinsel,Temmuz,YAZ,EGE
8786,2013-07-18,Erkek,Antalya,DİĞER,Temmuz,YAZ,AKDENİZ
8787,2013-07-18,Erkek,Kahramanmaraş,Bakım,Temmuz,YAZ,AKDENİZ
8788,2013-07-18,Erkek,İstanbul,Cinsel,Temmuz,YAZ,MARMARA
8789,2013-07-18,Erkek,Antalya,Cinsel,Temmuz,YAZ,AKDENİZ
8790,2013-07-18,Erkek,İstanbul,Cinsel,Temmuz,YAZ,MARMARA
8791,2013-07-18,Bayan,İstanbul,Zayıflama,Temmuz,YAZ,MARMARA
8792,2013-07-18,Bayan,Konya,Bakım,Temmuz,YAZ,İÇ ANADOLU
8793,2013-07-18,Erkek,İstanbul,Bakım,Temmuz,YAZ,MARMARA
8794,2013-07-18,Erkek,Antalya,Cinsel,Temmuz,YAZ,AKDENİZ
8795,2013-07-19,Erkek,Van,Cinsel,Temmuz,YAZ,DOĞU ANADOLU
8796,2013-07-19,Erkek,Muğla,Cinsel,Temmuz,YAZ,EGE
8797,2013-07-19,Erkek,Ankara,Cinsel,Temmuz,YAZ,İÇ ANADOLU
8798,2013-07-19,Erkek,Van,Bakım,Temmuz,YAZ,DOĞU ANADOLU
8799,2013-07-19,Erkek,Bursa,Bakım,Temmuz,YAZ,MARMARA
8800,2013-07-19,Bayan,İstanbul,Bakım,Temmuz,YAZ,MARMARA
8801,2013-07-19,Erkek,Tekirdağ,Cinsel,Temmuz,YAZ,MARMARA
8802,2013-07-19,Erkek,İstanbul,Cinsel,Temmuz,YAZ,MARMARA
8803,2013-07-19,Erkek,İstanbul,Cinsel,Temmuz,YAZ,MARMARA
8804,2013-07-19,Erkek,Kırıkkale,Cinsel,Temmuz,YAZ,İÇ ANADOLU
8805,2013-07-19,Erkek,Adana,Zayıflama,Temmuz,YAZ,AKDENİZ
8806,2013-07-19,Erkek,Konya,Bakım,Temmuz,YAZ,İÇ ANADOLU
8807,2013-07-19,Erkek,Kayseri,Cinsel,Temmuz,YAZ,İÇ ANADOLU
8808,2013-07-19,Erkek,Kocaeli,Cinsel,Temmuz,YAZ,MARMARA
8809,2013-07-20,Erkek,İstanbul,Saç,Temmuz,YAZ,MARMARA
8810,2013-07-20,Erkek,Ankara,Saç,Temmuz,YAZ,İÇ ANADOLU
8811,2013-07-20,Erkek,Kütahya,Cinsel,Temmuz,YAZ,EGE
8812,2013-07-20,Erkek,Ankara,Bakım,Temmuz,YAZ,İÇ ANADOLU
8813,2013-07-20,Erkek,Diyarbakır,DİĞER,Temmuz,YAZ,GÜNEYDOĞU
8814,2013-07-20,Erkek,Manisa,Cinsel,Temmuz,YAZ,EGE
8815,2013-07-20,Erkek,Niğde,Cinsel,Temmuz,YAZ,İÇ ANADOLU
8816,2013-07-20,Bayan,İstanbul,Bakım,Temmuz,YAZ,MARMARA
8817,2013-07-20,Erkek,Isparta,Bakım,Temmuz,YAZ,AKDENİZ
8818,2013-07-20,Erkek,Sinop,DİĞER,Temmuz,YAZ,KARADENİZ
8819,2013-07-22,Erkek,İstanbul,Saç,Temmuz,YAZ,MARMARA
8820,2013-07-22,Erkek,Manisa,Bakım,Temmuz,YAZ,EGE
8821,2013-07-22,Erkek,Kütahya,Bakım,Temmuz,YAZ,EGE
8822,2013-07-22,Erkek,Karaman,Bakım,Temmuz,YAZ,İÇ ANADOLU
8823,2013-07-22,Erkek,Antalya,DİĞER,Temmuz,YAZ,AKDENİZ
8824,2013-07-22,Erkek,İstanbul,DİĞER,Temmuz,YAZ,MARMARA
8825,2013-07-22,Erkek,İzmir,DİĞER,Temmuz,YAZ,EGE
8826,2013-07-23,Erkek,Afyon,DİĞER,Temmuz,YAZ,EGE
8827,2013-07-23,Bayan,Adıyaman,Zayıflama,Temmuz,YAZ,GÜNEYDOĞU
8828,2013-07-23,Bayan,Malatya,Bakım,Temmuz,YAZ,DOĞU ANADOLU
8829,2013-07-23,Erkek,Uşak,DİĞER,Temmuz,YAZ,EGE
8830,2013-07-23,Erkek,Kocaeli,Cinsel,Temmuz,YAZ,MARMARA
8831,2013-07-23,Bayan,İzmir,Bakım,Temmuz,YAZ,EGE
8832,2013-07-23,Erkek,Konya,Cinsel,Temmuz,YAZ,İÇ ANADOLU
8833,2013-07-23,Erkek,Van,Bakım,Temmuz,YAZ,DOĞU ANADOLU
8834,2013-07-23,Erkek,Kırıkkale,Cinsel,Temmuz,YAZ,İÇ ANADOLU
8835,2013-07-24,Bayan,Ankara,Zayıflama,Temmuz,YAZ,İÇ ANADOLU
8836,2013-07-24,Bayan,Bursa,Zayıflama,Temmuz,YAZ,MARMARA
8837,2013-07-24,Erkek,Van,Zayıflama,Temmuz,YAZ,DOĞU ANADOLU
8838,2013-07-24,Bayan,İzmir,Bakım,Temmuz,YAZ,EGE
8839,2013-07-24,Erkek,İstanbul,Cinsel,Temmuz,YAZ,MARMARA
8840,2013-07-24,Erkek,Bartın,Zayıflama,Temmuz,YAZ,KARADENİZ
8841,2013-07-24,Bayan,İstanbul,Zayıflama,Temmuz,YAZ,MARMARA
8842,2013-07-24,Bayan,Bursa,Bakım,Temmuz,YAZ,MARMARA
8843,2013-07-24,Bayan,İstanbul,Zayıflama,Temmuz,YAZ,MARMARA
8844,2013-07-24,Erkek,Ankara,Cinsel,Temmuz,YAZ,İÇ ANADOLU
8845,2013-07-24,Erkek,Konya,Cinsel,Temmuz,YAZ,İÇ ANADOLU
8846,2013-07-24,Erkek,Yalova,Cinsel,Temmuz,YAZ,MARMARA
8847,2013-07-24,Bayan,İstanbul,Bakım,Temmuz,YAZ,MARMARA
8848,2013-07-25,Erkek,Kırıkkale,DİĞER,Temmuz,YAZ,İÇ ANADOLU
8849,2013-07-25,Erkek,İzmir,DİĞER,Temmuz,YAZ,EGE
8850,2013-07-25,Erkek,İstanbul,Cinsel,Temmuz,YAZ,MARMARA
8851,2013-07-25,Erkek,Çorum,Zayıflama,Temmuz,YAZ,KARADENİZ
8852,2013-07-25,Erkek,Ankara,Zayıflama,Temmuz,YAZ,İÇ ANADOLU
8853,2013-07-25,Erkek,İstanbul,DİĞER,Temmuz,YAZ,MARMARA
8854,2013-07-25,Erkek,İstanbul,Cinsel,Temmuz,YAZ,MARMARA
8855,2013-07-25,Bayan,İstanbul,DİĞER,Temmuz,YAZ,MARMARA
8856,2013-07-25,Bayan,İstanbul,DİĞER,Temmuz,YAZ,MARMARA
8857,2013-07-25,Bayan,İstanbul,Cinsel,Temmuz,YAZ,MARMARA
8858,2013-07-26,Erkek,İstanbul,Saç,Temmuz,YAZ,MARMARA
8859,2013-07-26,Erkek,Kars,Bakım,Temmuz,YAZ,DOĞU ANADOLU
8860,2013-07-26,Bayan,Trabzon,Bakım,Temmuz,YAZ,KARADENİZ
8861,2013-07-26,Bayan,Antalya,Cinsel,Temmuz,YAZ,AKDENİZ
8862,2013-07-26,Erkek,İstanbul,Bakım,Temmuz,YAZ,MARMARA
8863,2013-07-26,Bayan,Ankara,Bakım,Temmuz,YAZ,İÇ ANADOLU
8864,2013-07-26,Erkek,İstanbul,Cinsel,Temmuz,YAZ,MARMARA
8865,2013-07-26,Erkek,Ankara,Cinsel,Temmuz,YAZ,İÇ ANADOLU
8866,2013-07-26,Erkek,İstanbul,Bakım,Temmuz,YAZ,MARMARA
8867,2013-07-26,Erkek,Malatya,Cinsel,Temmuz,YAZ,DOĞU ANADOLU
8868,2013-07-26,Erkek,Zonguldak,Cinsel,Temmuz,YAZ,KARADENİZ
8869,2013-07-26,Bayan,Diyarbakır,Bakım,Temmuz,YAZ,GÜNEYDOĞU
8870,2013-07-27,Bayan,İzmir,Saç,Temmuz,YAZ,EGE
8871,2013-07-27,Bayan,Konya,Sağlık,Temmuz,YAZ,İÇ ANADOLU
8872,2013-07-27,Erkek,İstanbul,Bakım,Temmuz,YAZ,MARMARA
8873,2013-07-27,Erkek,Bursa,DİĞER,Temmuz,YAZ,MARMARA
8874,2013-07-27,Erkek,Muğla,Cinsel,Temmuz,YAZ,EGE
8875,2013-07-27,Bayan,Samsun,Cinsel,Temmuz,YAZ,KARADENİZ
8876,2013-07-27,Erkek,İstanbul,Zayıflama,Temmuz,YAZ,MARMARA
8877,2013-07-27,Erkek,İstanbul,DİĞER,Temmuz,YAZ,MARMARA
8878,2013-07-27,Erkek,Hatay,Cinsel,Temmuz,YAZ,AKDENİZ
8879,2013-07-27,Erkek,Çanakkale,Cinsel,Temmuz,YAZ,MARMARA
8880,2013-07-29,Erkek,Zonguldak,Bakım,Temmuz,YAZ,KARADENİZ
8881,2013-07-29,Erkek,Antalya,Zayıflama,Temmuz,YAZ,AKDENİZ
8882,2013-07-29,Erkek,Giresun,Bakım,Temmuz,YAZ,KARADENİZ
8883,2013-07-29,Erkek,Niğde,Güzellik,Temmuz,YAZ,İÇ ANADOLU
8884,2013-07-30,Erkek,Kayseri,Bakım,Temmuz,YAZ,İÇ ANADOLU
8885,2013-07-30,Erkek,İstanbul,Saç,Temmuz,YAZ,MARMARA
8886,2013-07-30,Erkek,Tokat,Bakım,Temmuz,YAZ,KARADENİZ
8887,2013-07-30,Bayan,Kayseri,Bakım,Temmuz,YAZ,İÇ ANADOLU
8888,2013-07-30,Erkek,Ankara,Bakım,Temmuz,YAZ,İÇ ANADOLU
8889,2013-07-30,Erkek,Edirne,Cinsel,Temmuz,YAZ,MARMARA
8890,2013-07-30,Erkek,İzmir,Bakım,Temmuz,YAZ,EGE
8891,2013-07-30,Erkek,Van,Bakım,Temmuz,YAZ,DOĞU ANADOLU
8892,2013-07-30,Erkek,İstanbul,Bakım,Temmuz,YAZ,MARMARA
8893,2013-07-30,Erkek,Kırıkkale,Cinsel,Temmuz,YAZ,İÇ ANADOLU
8894,2013-07-30,Erkek,Isparta,Cinsel,Temmuz,YAZ,AKDENİZ
8895,2013-07-30,Erkek,Kocaeli,Bakım,Temmuz,YAZ,MARMARA
8896,2013-07-30,Bayan,Kocaeli,DİĞER,Temmuz,YAZ,MARMARA
8897,2013-07-30,Erkek,Van,DİĞER,Temmuz,YAZ,DOĞU ANADOLU
8898,2013-07-30,Erkek,Uşak,DİĞER,Temmuz,YAZ,EGE
8899,2013-07-30,Erkek,Diyarbakır,DİĞER,Temmuz,YAZ,GÜNEYDOĞU
8900,2013-07-30,Erkek,Manisa,Cinsel,Temmuz,YAZ,EGE
8901,2013-07-30,Bayan,İstanbul,DİĞER,Temmuz,YAZ,MARMARA
8902,2013-07-31,Erkek,İzmir,DİĞER,Temmuz,YAZ,EGE
8903,2013-07-31,Erkek,Kastamonu,Cinsel,Temmuz,YAZ,KARADENİZ
8904,2013-07-31,Erkek,İstanbul,Bakım,Temmuz,YAZ,MARMARA
8905,2013-07-31,Erkek,Sivas,Bakım,Temmuz,YAZ,İÇ ANADOLU
8906,2013-07-31,Erkek,Karaman,Cinsel,Temmuz,YAZ,İÇ ANADOLU
8907,2013-07-31,Erkek,İzmir,Cinsel,Temmuz,YAZ,EGE
8908,2013-07-31,Bayan,Gaziantep,Bakım,Temmuz,YAZ,GÜNEYDOĞU
8909,2013-07-31,Erkek,Diyarbakır,Bakım,Temmuz,YAZ,GÜNEYDOĞU
8910,2013-08-01,Erkek,Bursa,Bakım,Ağustos,YAZ,MARMARA
8911,2013-08-01,Erkek,İzmir,Bakım,Ağustos,YAZ,EGE
8912,2013-08-01,Erkek,İzmir,Bakım,Ağustos,YAZ,EGE
8913,2013-08-01,Bayan,Kırıkkale,DİĞER,Ağustos,YAZ,İÇ ANADOLU
8914,2013-08-01,Erkek,Diyarbakır,DİĞER,Ağustos,YAZ,GÜNEYDOĞU
8915,2013-08-01,Erkek,Manisa,Cinsel,Ağustos,YAZ,EGE
8916,2013-08-01,Erkek,Bursa,Zayıflama,Ağustos,YAZ,MARMARA
8917,2013-08-01,Erkek,Bursa,Bakım,Ağustos,YAZ,MARMARA
8918,2013-08-01,Erkek,Samsun,Bakım,Ağustos,YAZ,KARADENİZ
8919,2013-08-02,Erkek,İstanbul,DİĞER,Ağustos,YAZ,MARMARA
8920,2013-08-02,Bayan,Afyon,Bakım,Ağustos,YAZ,EGE
8921,2013-08-02,Erkek,Antalya,Cinsel,Ağustos,YAZ,AKDENİZ
8922,2013-08-02,Erkek,Yozgat,Bakım,Ağustos,YAZ,İÇ ANADOLU
8923,2013-08-03,Bayan,Ankara,DİĞER,Ağustos,YAZ,İÇ ANADOLU
8924,2013-08-03,Erkek,Eskişehir,Zayıflama,Ağustos,YAZ,İÇ ANADOLU
8925,2013-08-03,Erkek,Bursa,Cinsel,Ağustos,YAZ,MARMARA
8926,2013-08-03,Erkek,İstanbul,Cinsel,Ağustos,YAZ,MARMARA
8927,2013-08-03,Erkek,Balıkesir,Bakım,Ağustos,YAZ,MARMARA
8928,2013-08-03,Erkek,Adana,Bakım,Ağustos,YAZ,AKDENİZ
8929,2013-08-05,Erkek,Zonguldak,Cinsel,Ağustos,YAZ,KARADENİZ
8930,2013-08-05,Bayan,İzmir,DİĞER,Ağustos,YAZ,EGE
8931,2013-08-05,Bayan,İstanbul,Bakım,Ağustos,YAZ,MARMARA
8932,2013-08-05,Erkek,Şanlıurfa,Cinsel,Ağustos,YAZ,GÜNEYDOĞU
8933,2013-08-05,Erkek,İzmir,DİĞER,Ağustos,YAZ,EGE
8934,2013-08-05,Bayan,Diyarbakır,Cinsel,Ağustos,YAZ,GÜNEYDOĞU
8935,2013-08-05,Erkek,İstanbul,Cinsel,Ağustos,YAZ,MARMARA
8936,2013-08-05,Erkek,İstanbul,Bakım,Ağustos,YAZ,MARMARA
8937,2013-08-05,Erkek,Zonguldak,Cinsel,Ağustos,YAZ,KARADENİZ
8938,2013-08-06,Erkek,İstanbul,Bakım,Ağustos,YAZ,MARMARA
8939,2013-08-06,Erkek,Manisa,DİĞER,Ağustos,YAZ,EGE
8940,2013-08-06,Erkek,İzmir,Bakım,Ağustos,YAZ,EGE
8941,2013-08-06,Erkek,İstanbul,Zayıflama,Ağustos,YAZ,MARMARA
8942,2013-08-06,Erkek,Şanlıurfa,Cinsel,Ağustos,YAZ,GÜNEYDOĞU
8943,2013-08-06,Erkek,Kahramanmaraş,Cinsel,Ağustos,YAZ,AKDENİZ
8944,2013-08-12,Erkek,İstanbul,Bakım,Ağustos,YAZ,MARMARA
8945,2013-08-12,Erkek,Muş,DİĞER,Ağustos,YAZ,DOĞU ANADOLU
8946,2013-08-12,Bayan,Hatay,DİĞER,Ağustos,YAZ,AKDENİZ
8947,2013-08-12,Erkek,Bursa,Zayıflama,Ağustos,YAZ,MARMARA
8948,2013-08-12,Erkek,Adana,Bakım,Ağustos,YAZ,AKDENİZ
8949,2013-08-12,Bayan,Yalova,DİĞER,Ağustos,YAZ,MARMARA
8950,2013-08-12,Erkek,Hatay,Bakım,Ağustos,YAZ,AKDENİZ
8951,2013-08-12,Erkek,Bursa,Cinsel,Ağustos,YAZ,MARMARA
8952,2013-08-12,Bayan,Ankara,DİĞER,Ağustos,YAZ,İÇ ANADOLU
8953,2013-08-12,Erkek,Manisa,Cinsel,Ağustos,YAZ,EGE
8954,2013-08-12,Erkek,İstanbul,Cinsel,Ağustos,YAZ,MARMARA
8955,2013-08-12,Erkek,Van,Cinsel,Ağustos,YAZ,DOĞU ANADOLU
8956,2013-08-13,Bayan,İstanbul,Bakım,Ağustos,YAZ,MARMARA
8957,2013-08-13,Erkek,Kahramanmaraş,Bakım,Ağustos,YAZ,AKDENİZ
8958,2013-08-13,Bayan,İstanbul,DİĞER,Ağustos,YAZ,MARMARA
8959,2013-08-13,Erkek,İstanbul,Bakım,Ağustos,YAZ,MARMARA
8960,2013-08-13,Erkek,İstanbul,Bakım,Ağustos,YAZ,MARMARA
8961,2013-08-13,Erkek,İstanbul,Bakım,Ağustos,YAZ,MARMARA
8962,2013-08-13,Erkek,Amasya,Bakım,Ağustos,YAZ,KARADENİZ
8963,2013-08-13,Erkek,İstanbul,Cinsel,Ağustos,YAZ,MARMARA
8964,2013-08-13,Erkek,İstanbul,Cinsel,Ağustos,YAZ,MARMARA
8965,2013-08-13,Erkek,Afyon,Cinsel,Ağustos,YAZ,EGE
8966,2013-08-13,Erkek,Tekirdağ,Cinsel,Ağustos,YAZ,MARMARA
8967,2013-08-13,Erkek,Hatay,Saç,Ağustos,YAZ,AKDENİZ
8968,2013-08-13,Erkek,Muş,Cinsel,Ağustos,YAZ,DOĞU ANADOLU
8969,2013-08-13,Bayan,İstanbul,Zayıflama,Ağustos,YAZ,MARMARA
8970,2013-08-14,Erkek,Ağrı,Bakım,Ağustos,YAZ,DOĞU ANADOLU
8971,2013-08-14,Erkek,İstanbul,Bakım,Ağustos,YAZ,MARMARA
8972,2013-08-14,Erkek,Bartın,Bakım,Ağustos,YAZ,KARADENİZ
8973,2013-08-14,Erkek,Muş,DİĞER,Ağustos,YAZ,DOĞU ANADOLU
8974,2013-08-14,Erkek,İstanbul,Bakım,Ağustos,YAZ,MARMARA
8975,2013-08-14,Bayan,Ankara,Güzellik,Ağustos,YAZ,İÇ ANADOLU
8976,2013-08-14,Bayan,Elazığ,Bakım,Ağustos,YAZ,DOĞU ANADOLU
8977,2013-08-14,Erkek,Adana,Güzellik,Ağustos,YAZ,AKDENİZ
8978,2013-08-14,Erkek,İstanbul,Bakım,Ağustos,YAZ,MARMARA
8979,2013-08-14,Erkek,Zonguldak,Cinsel,Ağustos,YAZ,KARADENİZ
8980,2013-08-14,Erkek,Manisa,DİĞER,Ağustos,YAZ,EGE
8981,2013-08-14,Erkek,Kars,Cinsel,Ağustos,YAZ,DOĞU ANADOLU
8982,2013-08-15,Erkek,Kahramanmaraş,Cinsel,Ağustos,YAZ,AKDENİZ
8983,2013-08-15,Erkek,Eskişehir,Cinsel,Ağustos,YAZ,İÇ ANADOLU
8984,2013-08-15,Erkek,Karaman,Cinsel,Ağustos,YAZ,İÇ ANADOLU
8985,2013-08-15,Erkek,Hatay,Cinsel,Ağustos,YAZ,AKDENİZ
8986,2013-08-15,Erkek,Antalya,Cinsel,Ağustos,YAZ,AKDENİZ
8987,2013-08-15,Bayan,Ankara,Bakım,Ağustos,YAZ,İÇ ANADOLU
8988,2013-08-15,Erkek,Bursa,Cinsel,Ağustos,YAZ,MARMARA
8989,2013-08-15,Erkek,Gaziantep,Bakım,Ağustos,YAZ,GÜNEYDOĞU
8990,2013-08-16,Bayan,Sivas,Bakım,Ağustos,YAZ,İÇ ANADOLU
8991,2013-08-16,Erkek,Trabzon,Cinsel,Ağustos,YAZ,KARADENİZ
8992,2013-08-16,Erkek,Bursa,Cinsel,Ağustos,YAZ,MARMARA
8993,2013-08-16,Erkek,İstanbul,Cinsel,Ağustos,YAZ,MARMARA
8994,2013-08-16,Erkek,Hatay,DİĞER,Ağustos,YAZ,AKDENİZ
8995,2013-08-16,Erkek,Adana,Cinsel,Ağustos,YAZ,AKDENİZ
8996,2013-08-16,Erkek,İstanbul,Cinsel,Ağustos,YAZ,MARMARA
8997,2013-08-17,Bayan,Adana,Güzellik,Ağustos,YAZ,AKDENİZ
8998,2013-08-19,Erkek,Bartın,Bakım,Ağustos,YAZ,KARADENİZ
8999,2013-08-19,Erkek,Denizli,Cinsel,Ağustos,YAZ,EGE
9000,2013-08-19,Erkek,İstanbul,Zayıflama,Ağustos,YAZ,MARMARA
9001,2013-08-19,Erkek,Kocaeli,Bakım,Ağustos,YAZ,MARMARA
9002,2013-08-19,Erkek,Antalya,Cinsel,Ağustos,YAZ,AKDENİZ
9003,2012-10-10,Bayan,Bursa,Bakım,Ekim,SONBAHAR,MARMARA
9004,2012-10-10,Erkek,Aydın,Güzellik,Ekim,SONBAHAR,EGE
9005,2012-10-10,Erkek,İçel,Cinsel,Ekim,SONBAHAR,AKDENİZ
9006,2012-10-10,Erkek,Hatay,Cinsel,Ekim,SONBAHAR,AKDENİZ
9007,2012-10-10,Erkek,İstanbul,Cinsel,Ekim,SONBAHAR,MARMARA
9008,2012-10-10,Erkek,Kütahya,Cinsel,Ekim,SONBAHAR,EGE
9009,2012-10-10,Bayan,Antalya,Zayıflama,Ekim,SONBAHAR,AKDENİZ
9010,2012-10-10,Erkek,İstanbul,Sağlık,Ekim,SONBAHAR,MARMARA
9011,2012-10-10,Erkek,Manisa,Cinsel,Ekim,SONBAHAR,EGE
9012,2012-10-10,Bayan,Hatay,DİĞER,Ekim,SONBAHAR,AKDENİZ
9013,2012-10-10,Bayan,İzmir,Zayıflama,Ekim,SONBAHAR,EGE
9014,2012-10-11,Erkek,İstanbul,Cinsel,Ekim,SONBAHAR,MARMARA
9015,2012-10-11,Erkek,İstanbul,Cinsel,Ekim,SONBAHAR,MARMARA
9016,2012-10-11,Erkek,İstanbul,Cinsel,Ekim,SONBAHAR,MARMARA
9017,2012-10-11,Erkek,İstanbul,Cinsel,Ekim,SONBAHAR,MARMARA
9018,2012-10-11,Erkek,Bursa,Bakım,Ekim,SONBAHAR,MARMARA
9019,2012-10-11,Erkek,Tekirdağ,Zayıflama,Ekim,SONBAHAR,MARMARA
9020,2012-10-11,Bayan,Kütahya,Bakım,Ekim,SONBAHAR,EGE
9021,2012-10-11,Bayan,İstanbul,Bakım,Ekim,SONBAHAR,MARMARA
9022,2012-10-11,Erkek,İstanbul,Cinsel,Ekim,SONBAHAR,MARMARA
9023,2012-10-11,Erkek,Ankara,Cinsel,Ekim,SONBAHAR,İÇ ANADOLU
9024,2012-10-11,Erkek,Aydın,Zayıflama,Ekim,SONBAHAR,EGE
9025,2012-10-11,Erkek,İzmir,Bakım,Ekim,SONBAHAR,EGE
9026,2012-10-11,Erkek,İstanbul,DİĞER,Ekim,SONBAHAR,MARMARA
9027,2012-10-11,Erkek,Muğla,Zayıflama,Ekim,SONBAHAR,EGE
9028,2012-10-11,Bayan,Kocaeli,Cinsel,Ekim,SONBAHAR,MARMARA
9029,2012-10-12,Bayan,Elazığ,DİĞER,Ekim,SONBAHAR,DOĞU ANADOLU
9030,2012-10-12,Bayan,Gaziantep,Bakım,Ekim,SONBAHAR,GÜNEYDOĞU
9031,2012-10-12,Erkek,Manisa,Zayıflama,Ekim,SONBAHAR,EGE
9032,2012-10-12,Bayan,İzmir,Bakım,Ekim,SONBAHAR,EGE
9033,2012-10-12,Bayan,Edirne,Cinsel,Ekim,SONBAHAR,MARMARA
9034,2012-10-12,Erkek,Şırnak,Bakım,Ekim,SONBAHAR,DOĞU ANADOLU
9035,2012-10-12,Erkek,İstanbul,Cinsel,Ekim,SONBAHAR,MARMARA
9036,2012-10-12,Bayan,Mersin,Zayıflama,Ekim,SONBAHAR,AKDENİZ
9037,2012-10-12,Bayan,İstanbul,Zayıflama,Ekim,SONBAHAR,MARMARA
9038,2012-10-12,Erkek,İstanbul,Cinsel,Ekim,SONBAHAR,MARMARA
9039,2012-10-13,Erkek,Hatay,Güzellik,Ekim,SONBAHAR,AKDENİZ
9040,2012-10-13,Erkek,Zonguldak,Sağlık,Ekim,SONBAHAR,KARADENİZ
9041,2012-10-13,Bayan,Antalya,Zayıflama,Ekim,SONBAHAR,AKDENİZ
9042,2012-10-13,Erkek,İstanbul,DİĞER,Ekim,SONBAHAR,MARMARA
9043,2012-10-13,Erkek,Amasya,Cinsel,Ekim,SONBAHAR,KARADENİZ
9044,2012-10-13,Erkek,İstanbul,Güzellik,Ekim,SONBAHAR,MARMARA
9045,2012-10-13,Erkek,İstanbul,Zayıflama,Ekim,SONBAHAR,MARMARA
9046,2012-10-13,Erkek,Muş,DİĞER,Ekim,SONBAHAR,DOĞU ANADOLU
9047,2012-10-13,Erkek,İstanbul,Cinsel,Ekim,SONBAHAR,MARMARA
9048,2012-10-13,Bayan,Ankara,Zayıflama,Ekim,SONBAHAR,İÇ ANADOLU
9049,2012-10-15,Erkek,Aydın,Bakım,Ekim,SONBAHAR,EGE
9050,2012-10-15,Erkek,Kahramanmaraş,Zayıflama,Ekim,SONBAHAR,AKDENİZ
9051,2012-10-15,Erkek,Afyon,Cinsel,Ekim,SONBAHAR,EGE
9052,2012-10-15,Erkek,İstanbul,Bakım,Ekim,SONBAHAR,MARMARA
9053,2012-10-15,Erkek,İzmir,Saç,Ekim,SONBAHAR,EGE
9054,2012-10-15,Bayan,Ankara,Zayıflama,Ekim,SONBAHAR,İÇ ANADOLU
9055,2012-10-15,Erkek,İzmir,Saç,Ekim,SONBAHAR,EGE
9056,2012-10-15,Bayan,İstanbul,Bakım,Ekim,SONBAHAR,MARMARA
9057,2012-10-15,Bayan,Adana,Zayıflama,Ekim,SONBAHAR,AKDENİZ
9058,2012-10-15,Erkek,Bingöl,Saç,Ekim,SONBAHAR,DOĞU ANADOLU
9059,2012-10-15,Bayan,İstanbul,Zayıflama,Ekim,SONBAHAR,MARMARA
9060,2012-10-15,Erkek,İstanbul,Ağrılar,Ekim,SONBAHAR,MARMARA
9061,2012-10-15,Bayan,İstanbul,Bakım,Ekim,SONBAHAR,MARMARA
9062,2012-10-15,Erkek,Adana,Saç,Ekim,SONBAHAR,AKDENİZ
9063,2012-10-15,Erkek,Tunceli,Bakım,Ekim,SONBAHAR,DOĞU ANADOLU
9064,2012-10-15,Bayan,İzmir,Zayıflama,Ekim,SONBAHAR,EGE
9065,2012-10-15,Erkek,Şırnak,Cinsel,Ekim,SONBAHAR,DOĞU ANADOLU
9066,2012-10-15,Erkek,İstanbul,Cinsel,Ekim,SONBAHAR,MARMARA
9067,2012-10-15,Erkek,Bursa,Ağrılar,Ekim,SONBAHAR,MARMARA
9068,2012-10-15,Erkek,İzmir,Bakım,Ekim,SONBAHAR,EGE
9069,2012-10-15,Erkek,İstanbul,Bakım,Ekim,SONBAHAR,MARMARA
9070,2012-10-15,Bayan,İstanbul,Cinsel,Ekim,SONBAHAR,MARMARA
9071,2012-10-15,Erkek,İstanbul,Zayıflama,Ekim,SONBAHAR,MARMARA
9072,2012-10-15,Erkek,Adana,Cinsel,Ekim,SONBAHAR,AKDENİZ
9073,2012-10-15,Bayan,İzmir,Zayıflama,Ekim,SONBAHAR,EGE
9074,2012-10-15,Erkek,Aksaray,Bakım,Ekim,SONBAHAR,İÇ ANADOLU
9075,2012-10-15,Bayan,Bursa,Saç,Ekim,SONBAHAR,MARMARA
9076,2012-10-15,Erkek,Manisa,Cinsel,Ekim,SONBAHAR,EGE
9077,2012-10-15,Bayan,İstanbul,Zayıflama,Ekim,SONBAHAR,MARMARA
9078,2012-10-15,Erkek,Kahramanmaraş,Ağrılar,Ekim,SONBAHAR,AKDENİZ
9079,2012-10-15,Bayan,Antalya,Cinsel,Ekim,SONBAHAR,AKDENİZ
9080,2012-10-15,Erkek,İstanbul,Cinsel,Ekim,SONBAHAR,MARMARA
9081,2012-10-15,Erkek,İstanbul,Zayıflama,Ekim,SONBAHAR,MARMARA
9082,2012-10-16,Erkek,Giresun,Zayıflama,Ekim,SONBAHAR,KARADENİZ
9083,2012-10-16,Erkek,Ankara,Saç,Ekim,SONBAHAR,İÇ ANADOLU
9084,2012-10-16,Bayan,Muş,Güzellik,Ekim,SONBAHAR,DOĞU ANADOLU
9085,2012-10-16,Bayan,İstanbul,Zayıflama,Ekim,SONBAHAR,MARMARA
9086,2012-10-16,Bayan,İzmir,Zayıflama,Ekim,SONBAHAR,EGE
9087,2012-10-16,Erkek,Tokat,Ağrılar,Ekim,SONBAHAR,KARADENİZ
9088,2012-10-16,Bayan,Adana,Saç,Ekim,SONBAHAR,AKDENİZ
9089,2012-10-16,Bayan,İzmir,Ağrılar,Ekim,SONBAHAR,EGE
9090,2012-10-16,Erkek,İzmir,Saç,Ekim,SONBAHAR,EGE
9091,2012-10-16,Erkek,Bursa,Cinsel,Ekim,SONBAHAR,MARMARA
9092,2012-10-16,Erkek,Konya,Cinsel,Ekim,SONBAHAR,İÇ ANADOLU
9093,2012-10-16,Erkek,Trabzon,Cinsel,Ekim,SONBAHAR,KARADENİZ
9094,2012-10-16,Erkek,İstanbul,Cinsel,Ekim,SONBAHAR,MARMARA
9095,2012-10-16,Erkek,Mersin,Saç,Ekim,SONBAHAR,AKDENİZ
9096,2012-10-16,Bayan,İzmir,Bakım,Ekim,SONBAHAR,EGE
9097,2012-10-16,Erkek,Sivas,Saç,Ekim,SONBAHAR,İÇ ANADOLU
9098,2012-10-16,Erkek,Diyarbakır,Cinsel,Ekim,SONBAHAR,GÜNEYDOĞU
9099,2012-10-16,Bayan,Bursa,Cinsel,Ekim,SONBAHAR,MARMARA
9100,2012-10-16,Erkek,İçel,Cinsel,Ekim,SONBAHAR,AKDENİZ
9101,2012-10-16,Erkek,Bursa,Bakım,Ekim,SONBAHAR,MARMARA
9102,2012-10-16,Erkek,Kocaeli,Zayıflama,Ekim,SONBAHAR,MARMARA
9103,2012-10-16,Erkek,Aydın,Bakım,Ekim,SONBAHAR,EGE
9104,2012-10-16,Erkek,Ankara,Bakım,Ekim,SONBAHAR,İÇ ANADOLU
9105,2012-10-16,Erkek,Kars,Cinsel,Ekim,SONBAHAR,DOĞU ANADOLU
9106,2012-10-16,Erkek,Muğla,Bakım,Ekim,SONBAHAR,EGE
9107,2012-10-16,Erkek,Trabzon,Bakım,Ekim,SONBAHAR,KARADENİZ
9108,2012-10-16,Erkek,İstanbul,Cinsel,Ekim,SONBAHAR,MARMARA
9109,2012-10-16,Bayan,İstanbul,Sağlık,Ekim,SONBAHAR,MARMARA
9110,2012-10-16,Erkek,İstanbul,Zayıflama,Ekim,SONBAHAR,MARMARA
9111,2012-10-17,Bayan,Kocaeli,Zayıflama,Ekim,SONBAHAR,MARMARA
9112,2012-10-17,Erkek,Muğla,Zayıflama,Ekim,SONBAHAR,EGE
9113,2012-10-17,Bayan,İstanbul,Bakım,Ekim,SONBAHAR,MARMARA
9114,2012-10-17,Bayan,İzmir,Zayıflama,Ekim,SONBAHAR,EGE
9115,2012-10-17,Erkek,Kayseri,Cinsel,Ekim,SONBAHAR,İÇ ANADOLU
9116,2012-10-17,Erkek,İzmir,Zayıflama,Ekim,SONBAHAR,EGE
9117,2012-10-17,Erkek,Adana,Zayıflama,Ekim,SONBAHAR,AKDENİZ
9118,2012-10-17,Erkek,Uşak,Cinsel,Ekim,SONBAHAR,EGE
9119,2012-10-17,Erkek,İstanbul,Zayıflama,Ekim,SONBAHAR,MARMARA
9120,2012-10-17,Bayan,İstanbul,Sağlık,Ekim,SONBAHAR,MARMARA
9121,2012-10-17,Bayan,Muş,Bakım,Ekim,SONBAHAR,DOĞU ANADOLU
9122,2012-10-17,Erkek,Denizli,Cinsel,Ekim,SONBAHAR,EGE
9123,2012-10-17,Erkek,Adıyaman,Cinsel,Ekim,SONBAHAR,GÜNEYDOĞU
9124,2012-10-17,Erkek,Muş,Bakım,Ekim,SONBAHAR,DOĞU ANADOLU
9125,2012-10-17,Bayan,Sivas,Cinsel,Ekim,SONBAHAR,İÇ ANADOLU
9126,2012-10-17,Bayan,İzmir,Bakım,Ekim,SONBAHAR,EGE
9127,2012-10-17,Erkek,Karabük,Bakım,Ekim,SONBAHAR,KARADENİZ
9128,2012-10-17,Bayan,Ankara,Güzellik,Ekim,SONBAHAR,İÇ ANADOLU
9129,2012-10-17,Bayan,İzmir,Zayıflama,Ekim,SONBAHAR,EGE
9130,2012-10-18,Erkek,Afyon,Ağrılar,Ekim,SONBAHAR,EGE
9131,2012-10-18,Erkek,İstanbul,Cinsel,Ekim,SONBAHAR,MARMARA
9132,2012-10-18,Bayan,İstanbul,Zayıflama,Ekim,SONBAHAR,MARMARA
9133,2012-10-18,Bayan,İstanbul,DİĞER,Ekim,SONBAHAR,MARMARA
9134,2012-10-18,Bayan,Antalya,Ağrılar,Ekim,SONBAHAR,AKDENİZ
9135,2012-10-18,Bayan,Isparta,Bakım,Ekim,SONBAHAR,AKDENİZ
9136,2012-10-18,Erkek,Afyon,Cinsel,Ekim,SONBAHAR,EGE
9137,2012-10-18,Erkek,İzmir,Cinsel,Ekim,SONBAHAR,EGE
9138,2012-10-18,Erkek,Kocaeli,Ağrılar,Ekim,SONBAHAR,MARMARA
9139,2012-10-18,Bayan,İstanbul,Cinsel,Ekim,SONBAHAR,MARMARA
9140,2012-10-18,Bayan,Hatay,Zayıflama,Ekim,SONBAHAR,AKDENİZ
9141,2012-10-18,Bayan,Ordu,Cinsel,Ekim,SONBAHAR,KARADENİZ
9142,2012-10-18,Bayan,Hatay,Cinsel,Ekim,SONBAHAR,AKDENİZ
9143,2012-10-18,Erkek,Kayseri,DİĞER,Ekim,SONBAHAR,İÇ ANADOLU
9144,2012-10-18,Bayan,Balıkesir,Zayıflama,Ekim,SONBAHAR,MARMARA
9145,2012-10-18,Erkek,İstanbul,Zayıflama,Ekim,SONBAHAR,MARMARA
9146,2012-10-18,Bayan,İstanbul,Cinsel,Ekim,SONBAHAR,MARMARA
9147,2012-10-18,Bayan,Antalya,Ağrılar,Ekim,SONBAHAR,AKDENİZ
9148,2012-10-18,Bayan,İstanbul,Zayıflama,Ekim,SONBAHAR,MARMARA
9149,2012-10-18,Erkek,Mersin,Cinsel,Ekim,SONBAHAR,AKDENİZ
9150,2012-10-18,Erkek,Van,Bakım,Ekim,SONBAHAR,DOĞU ANADOLU
9151,2012-10-18,Erkek,İzmir,Ağrılar,Ekim,SONBAHAR,EGE
9152,2012-10-18,Bayan,Muş,Zayıflama,Ekim,SONBAHAR,DOĞU ANADOLU
9153,2012-10-19,Erkek,Antalya,Cinsel,Ekim,SONBAHAR,AKDENİZ
9154,2012-10-19,Erkek,Elazığ,DİĞER,Ekim,SONBAHAR,DOĞU ANADOLU
9155,2012-10-19,Erkek,Samsun,Bakım,Ekim,SONBAHAR,KARADENİZ
9156,2012-10-19,Erkek,İstanbul,Cinsel,Ekim,SONBAHAR,MARMARA
9157,2012-10-19,Erkek,Ankara,Cinsel,Ekim,SONBAHAR,İÇ ANADOLU
9158,2012-10-19,Bayan,İstanbul,Güzellik,Ekim,SONBAHAR,MARMARA
9159,2012-10-19,Erkek,İstanbul,Ağrılar,Ekim,SONBAHAR,MARMARA
9160,2012-10-19,Bayan,Antalya,Zayıflama,Ekim,SONBAHAR,AKDENİZ
9161,2012-10-19,Erkek,Afyon,Cinsel,Ekim,SONBAHAR,EGE
9162,2012-10-19,Erkek,İstanbul,Cinsel,Ekim,SONBAHAR,MARMARA
9163,2012-10-19,Erkek,Antalya,DİĞER,Ekim,SONBAHAR,AKDENİZ
9164,2012-10-19,Erkek,Hatay,Cinsel,Ekim,SONBAHAR,AKDENİZ
9165,2012-10-19,Erkek,İstanbul,Cinsel,Ekim,SONBAHAR,MARMARA
9166,2012-10-19,Erkek,Ankara,DİĞER,Ekim,SONBAHAR,İÇ ANADOLU
9167,2012-10-20,Erkek,İstanbul,Ağrılar,Ekim,SONBAHAR,MARMARA
9168,2012-10-20,Erkek,Şırnak,Bakım,Ekim,SONBAHAR,DOĞU ANADOLU
9169,2012-10-20,Erkek,Bursa,Bakım,Ekim,SONBAHAR,MARMARA
9170,2012-10-20,Bayan,Bursa,Zayıflama,Ekim,SONBAHAR,MARMARA
9171,2012-10-20,Erkek,Zonguldak,Bakım,Ekim,SONBAHAR,KARADENİZ
9172,2012-10-20,Bayan,Bursa,Bakım,Ekim,SONBAHAR,MARMARA
9173,2012-10-20,Erkek,Ankara,Cinsel,Ekim,SONBAHAR,İÇ ANADOLU
9174,2012-10-20,Erkek,Van,Cinsel,Ekim,SONBAHAR,DOĞU ANADOLU
9175,2012-10-20,Bayan,Bartın,Cinsel,Ekim,SONBAHAR,KARADENİZ
9176,2012-10-20,Bayan,Muş,Zayıflama,Ekim,SONBAHAR,DOĞU ANADOLU
9177,2012-10-20,Erkek,Afyon,Cinsel,Ekim,SONBAHAR,EGE
9178,2012-10-20,Bayan,İstanbul,Zayıflama,Ekim,SONBAHAR,MARMARA
9179,2012-10-22,Erkek,İstanbul,Cinsel,Ekim,SONBAHAR,MARMARA
9180,2012-10-22,Bayan,Zonguldak,Sağlık,Ekim,SONBAHAR,KARADENİZ
9181,2012-10-22,Bayan,Tekirdağ,Zayıflama,Ekim,SONBAHAR,MARMARA
9182,2012-10-22,Erkek,İstanbul,Saç,Ekim,SONBAHAR,MARMARA
9183,2012-10-22,Erkek,Kilis,Saç,Ekim,SONBAHAR,GÜNEYDOĞU
9184,2012-10-22,Erkek,Ankara,Güzellik,Ekim,SONBAHAR,İÇ ANADOLU
9185,2012-10-22,Erkek,Diyarbakır,Cinsel,Ekim,SONBAHAR,GÜNEYDOĞU
9186,2012-10-22,Erkek,İstanbul,Bakım,Ekim,SONBAHAR,MARMARA
9187,2012-10-22,Bayan,İstanbul,Bakım,Ekim,SONBAHAR,MARMARA
9188,2012-10-22,Erkek,İstanbul,Cinsel,Ekim,SONBAHAR,MARMARA
9189,2012-10-22,Bayan,Batman,Saç,Ekim,SONBAHAR,GÜNEYDOĞU
9190,2012-10-22,Erkek,Yalova,Cinsel,Ekim,SONBAHAR,MARMARA
9191,2012-10-22,Erkek,İzmir,Cinsel,Ekim,SONBAHAR,EGE
9192,2012-10-22,Erkek,Bursa,Zayıflama,Ekim,SONBAHAR,MARMARA
9193,2012-10-22,Erkek,İzmir,Bakım,Ekim,SONBAHAR,EGE
9194,2012-10-22,Erkek,İzmir,Zayıflama,Ekim,SONBAHAR,EGE
9195,2012-10-22,Bayan,İstanbul,Cinsel,Ekim,SONBAHAR,MARMARA
9196,2012-10-22,Bayan,Muğla,Zayıflama,Ekim,SONBAHAR,EGE
9197,2012-10-22,Bayan,İzmir,Ağrılar,Ekim,SONBAHAR,EGE
9198,2012-10-22,Erkek,Diyarbakır,Cinsel,Ekim,SONBAHAR,GÜNEYDOĞU
9199,2012-10-22,Bayan,İstanbul,Zayıflama,Ekim,SONBAHAR,MARMARA
9200,2012-10-22,Erkek,Tokat,Saç,Ekim,SONBAHAR,KARADENİZ
9201,2012-10-22,Bayan,İstanbul,Cinsel,Ekim,SONBAHAR,MARMARA
9202,2012-10-22,Erkek,İstanbul,Zayıflama,Ekim,SONBAHAR,MARMARA
9203,2012-10-22,Bayan,Denizli,Zayıflama,Ekim,SONBAHAR,EGE
9204,2012-10-22,Erkek,Diyarbakır,Cinsel,Ekim,SONBAHAR,GÜNEYDOĞU
9205,2012-10-22,Erkek,İstanbul,Zayıflama,Ekim,SONBAHAR,MARMARA
9206,2012-10-22,Erkek,Malatya,Bakım,Ekim,SONBAHAR,DOĞU ANADOLU
9207,2012-10-22,Bayan,İstanbul,Bakım,Ekim,SONBAHAR,MARMARA
9208,2012-10-22,Erkek,Ordu,Cinsel,Ekim,SONBAHAR,KARADENİZ
9209,2012-10-22,Erkek,Eskişehir,Zayıflama,Ekim,SONBAHAR,İÇ ANADOLU
9210,2012-10-22,Erkek,Zonguldak,Cinsel,Ekim,SONBAHAR,KARADENİZ
9211,2012-10-22,Bayan,İstanbul,Güzellik,Ekim,SONBAHAR,MARMARA
9212,2012-10-22,Erkek,Ankara,Zayıflama,Ekim,SONBAHAR,İÇ ANADOLU
9213,2012-10-23,Erkek,Zonguldak,Sağlık,Ekim,SONBAHAR,KARADENİZ
9214,2012-10-23,Erkek,Bayburt,Cinsel,Ekim,SONBAHAR,KARADENİZ
9215,2012-10-23,Bayan,Adana,Cinsel,Ekim,SONBAHAR,AKDENİZ
9216,2012-10-23,Erkek,İstanbul,Bakım,Ekim,SONBAHAR,MARMARA
9217,2012-10-23,Erkek,Burdur,DİĞER,Ekim,SONBAHAR,AKDENİZ
9218,2012-10-23,Bayan,Ankara,DİĞER,Ekim,SONBAHAR,İÇ ANADOLU
9219,2012-10-23,Erkek,Niğde,Cinsel,Ekim,SONBAHAR,İÇ ANADOLU
9220,2012-10-23,Bayan,Mersin,Zayıflama,Ekim,SONBAHAR,AKDENİZ
9221,2012-10-23,Erkek,İzmir,Cinsel,Ekim,SONBAHAR,EGE
9222,2012-10-30,Erkek,Gaziantep,Ağrılar,Ekim,SONBAHAR,GÜNEYDOĞU
9223,2012-10-30,Erkek,Kırıkkale,Bakım,Ekim,SONBAHAR,İÇ ANADOLU
9224,2012-10-30,Erkek,Kahramanmaraş,Cinsel,Ekim,SONBAHAR,AKDENİZ
9225,2012-10-30,Erkek,İstanbul,Cinsel,Ekim,SONBAHAR,MARMARA
9226,2012-10-30,Erkek,İstanbul,Bakım,Ekim,SONBAHAR,MARMARA
9227,2012-10-30,Bayan,Bursa,Ağrılar,Ekim,SONBAHAR,MARMARA
9228,2012-10-30,Erkek,İstanbul,Cinsel,Ekim,SONBAHAR,MARMARA
9229,2012-10-30,Erkek,Samsun,Cinsel,Ekim,SONBAHAR,KARADENİZ
9230,2012-10-30,Erkek,Antalya,Bakım,Ekim,SONBAHAR,AKDENİZ
9231,2012-10-30,Erkek,İzmir,Saç,Ekim,SONBAHAR,EGE
9232,2012-10-30,Erkek,Kocaeli,Cinsel,Ekim,SONBAHAR,MARMARA
9233,2012-10-30,Bayan,İstanbul,DİĞER,Ekim,SONBAHAR,MARMARA
9234,2012-10-30,Erkek,Bursa,Zayıflama,Ekim,SONBAHAR,MARMARA
9235,2012-10-30,Bayan,Ankara,Saç,Ekim,SONBAHAR,İÇ ANADOLU
9236,2012-10-30,Erkek,İstanbul,Cinsel,Ekim,SONBAHAR,MARMARA
9237,2012-10-30,Erkek,İstanbul,Cinsel,Ekim,SONBAHAR,MARMARA
9238,2012-10-30,Erkek,Ordu,Cinsel,Ekim,SONBAHAR,KARADENİZ
9239,2012-10-30,Erkek,İstanbul,Cinsel,Ekim,SONBAHAR,MARMARA
9240,2012-10-31,Bayan,Hatay,Cinsel,Ekim,SONBAHAR,AKDENİZ
9241,2012-10-31,Erkek,İstanbul,Zayıflama,Ekim,SONBAHAR,MARMARA
9242,2012-10-31,Erkek,Afyon,Bakım,Ekim,SONBAHAR,EGE
9243,2012-10-31,Bayan,Antalya,Ağrılar,Ekim,SONBAHAR,AKDENİZ
9244,2012-10-31,Erkek,İstanbul,Cinsel,Ekim,SONBAHAR,MARMARA
9245,2012-10-31,Bayan,İçel,Zayıflama,Ekim,SONBAHAR,AKDENİZ
9246,2012-10-31,Erkek,İstanbul,Cinsel,Ekim,SONBAHAR,MARMARA
9247,2012-10-31,Erkek,Gaziantep,Zayıflama,Ekim,SONBAHAR,GÜNEYDOĞU
9248,2012-10-31,Erkek,Kayseri,Cinsel,Ekim,SONBAHAR,İÇ ANADOLU
9249,2012-10-31,Erkek,Bursa,Cinsel,Ekim,SONBAHAR,MARMARA
9250,2012-11-01,Erkek,Malatya,DİĞER,Kasım,SONBAHAR,DOĞU ANADOLU
9251,2012-11-01,Erkek,İstanbul,Zayıflama,Kasım,SONBAHAR,MARMARA
9252,2012-11-01,Erkek,Şanlıurfa,Cinsel,Kasım,SONBAHAR,GÜNEYDOĞU
9253,2012-11-01,Erkek,İçel,Saç,Kasım,SONBAHAR,AKDENİZ
9254,2012-11-01,Bayan,Iğdır,Zayıflama,Kasım,SONBAHAR,DOĞU ANADOLU
9255,2012-11-01,Erkek,Malatya,Cinsel,Kasım,SONBAHAR,DOĞU ANADOLU
9256,2012-11-01,Erkek,Trabzon,Bakım,Kasım,SONBAHAR,KARADENİZ
9257,2012-11-01,Erkek,İzmir,Saç,Kasım,SONBAHAR,EGE
9258,2012-11-01,Erkek,Samsun,Zayıflama,Kasım,SONBAHAR,KARADENİZ
9259,2012-11-01,Bayan,Antalya,Bakım,Kasım,SONBAHAR,AKDENİZ
9260,2012-11-01,Erkek,Antalya,Bakım,Kasım,SONBAHAR,AKDENİZ
9261,2012-11-01,Erkek,İstanbul,Cinsel,Kasım,SONBAHAR,MARMARA
9262,2012-11-01,Bayan,İzmir,Zayıflama,Kasım,SONBAHAR,EGE
9263,2012-11-01,Bayan,Niğde,Cinsel,Kasım,SONBAHAR,İÇ ANADOLU
9264,2012-11-02,Erkek,Hatay,Saç,Kasım,SONBAHAR,AKDENİZ
9265,2012-11-02,Erkek,Trabzon,Cinsel,Kasım,SONBAHAR,KARADENİZ
9266,2012-11-02,Bayan,İstanbul,Güzellik,Kasım,SONBAHAR,MARMARA
9267,2012-11-02,Erkek,İstanbul,Bakım,Kasım,SONBAHAR,MARMARA
9268,2012-11-02,Erkek,Artvin,Cinsel,Kasım,SONBAHAR,KARADENİZ
9269,2012-11-02,Bayan,İstanbul,Cinsel,Kasım,SONBAHAR,MARMARA
9270,2012-11-02,Bayan,Yalova,Zayıflama,Kasım,SONBAHAR,MARMARA
9271,2012-11-02,Bayan,Kocaeli,Cinsel,Kasım,SONBAHAR,MARMARA
9272,2012-11-02,Erkek,Balıkesir,Cinsel,Kasım,SONBAHAR,MARMARA
9273,2012-11-02,Erkek,Bursa,Cinsel,Kasım,SONBAHAR,MARMARA
9274,2012-11-02,Bayan,Bursa,Güzellik,Kasım,SONBAHAR,MARMARA
9275,2012-11-02,Erkek,İstanbul,Cinsel,Kasım,SONBAHAR,MARMARA
9276,2012-11-02,Bayan,Kırşehir,Saç,Kasım,SONBAHAR,İÇ ANADOLU
9277,2012-11-02,Erkek,Ankara,Cinsel,Kasım,SONBAHAR,İÇ ANADOLU
9278,2012-11-02,Erkek,Uşak,Saç,Kasım,SONBAHAR,EGE
9279,2012-11-02,Erkek,Trabzon,Saç,Kasım,SONBAHAR,KARADENİZ
9280,2012-11-02,Erkek,Diyarbakır,Güzellik,Kasım,SONBAHAR,GÜNEYDOĞU
9281,2012-11-02,Erkek,İstanbul,Zayıflama,Kasım,SONBAHAR,MARMARA
9282,2012-11-02,Erkek,Denizli,Ağrılar,Kasım,SONBAHAR,EGE
9283,2012-11-02,Bayan,Samsun,Cinsel,Kasım,SONBAHAR,KARADENİZ
9284,2012-11-02,Erkek,Aydın,Zayıflama,Kasım,SONBAHAR,EGE
9285,2012-11-03,Bayan,Erzincan,Bakım,Kasım,SONBAHAR,DOĞU ANADOLU
9286,2012-11-03,Erkek,İstanbul,Saç,Kasım,SONBAHAR,MARMARA
9287,2012-11-03,Bayan,Denizli,Zayıflama,Kasım,SONBAHAR,EGE
9288,2012-11-03,Erkek,İzmir,Zayıflama,Kasım,SONBAHAR,EGE
9289,2012-11-03,Erkek,İstanbul,Zayıflama,Kasım,SONBAHAR,MARMARA
9290,2012-11-03,Erkek,Ankara,Zayıflama,Kasım,SONBAHAR,İÇ ANADOLU
9291,2012-11-05,Bayan,Muğla,Zayıflama,Kasım,SONBAHAR,EGE
9292,2012-11-05,Erkek,Kocaeli,Cinsel,Kasım,SONBAHAR,MARMARA
9293,2012-11-05,Erkek,Kocaeli,Cinsel,Kasım,SONBAHAR,MARMARA
9294,2012-11-05,Erkek,İstanbul,Zayıflama,Kasım,SONBAHAR,MARMARA
9295,2012-11-05,Erkek,Denizli,Cinsel,Kasım,SONBAHAR,EGE
9296,2012-11-05,Erkek,İstanbul,Cinsel,Kasım,SONBAHAR,MARMARA
9297,2012-11-05,Erkek,Balıkesir,Bakım,Kasım,SONBAHAR,MARMARA
9298,2012-11-05,Bayan,Ankara,Zayıflama,Kasım,SONBAHAR,İÇ ANADOLU
9299,2012-11-05,Erkek,Kars,Cinsel,Kasım,SONBAHAR,DOĞU ANADOLU
9300,2012-11-05,Bayan,Ankara,Ağrılar,Kasım,SONBAHAR,İÇ ANADOLU
9301,2012-11-05,Erkek,Bursa,Cinsel,Kasım,SONBAHAR,MARMARA
9302,2012-11-05,Bayan,Afyon,Zayıflama,Kasım,SONBAHAR,EGE
9303,2012-11-05,Bayan,İstanbul,Zayıflama,Kasım,SONBAHAR,MARMARA
9304,2012-11-05,Bayan,Kahramanmaraş,DİĞER,Kasım,SONBAHAR,AKDENİZ
9305,2012-11-05,Bayan,İzmir,Zayıflama,Kasım,SONBAHAR,EGE
9306,2012-11-05,Erkek,Van,Güzellik,Kasım,SONBAHAR,DOĞU ANADOLU
9307,2012-11-05,Bayan,Van,DİĞER,Kasım,SONBAHAR,DOĞU ANADOLU
9308,2012-11-05,Bayan,İstanbul,Cinsel,Kasım,SONBAHAR,MARMARA
9309,2012-11-05,Bayan,Ankara,Bakım,Kasım,SONBAHAR,İÇ ANADOLU
9310,2012-11-05,Bayan,Ankara,Bakım,Kasım,SONBAHAR,İÇ ANADOLU
9311,2012-11-05,Erkek,Ankara,Cinsel,Kasım,SONBAHAR,İÇ ANADOLU
9312,2012-11-05,Erkek,Ankara,Bakım,Kasım,SONBAHAR,İÇ ANADOLU
9313,2012-11-05,Bayan,İstanbul,Ağrılar,Kasım,SONBAHAR,MARMARA
9314,2012-11-05,Bayan,İstanbul,DİĞER,Kasım,SONBAHAR,MARMARA
9315,2012-11-05,Bayan,Niğde,Bakım,Kasım,SONBAHAR,İÇ ANADOLU
9316,2012-11-05,Erkek,İstanbul,Cinsel,Kasım,SONBAHAR,MARMARA
9317,2012-11-05,Erkek,Hatay,Cinsel,Kasım,SONBAHAR,AKDENİZ
9318,2012-11-05,Erkek,İstanbul,Bakım,Kasım,SONBAHAR,MARMARA
9319,2012-11-05,Erkek,İstanbul,Cinsel,Kasım,SONBAHAR,MARMARA
9320,2012-11-05,Erkek,Afyon,Cinsel,Kasım,SONBAHAR,EGE
9321,2012-11-05,Bayan,İstanbul,Ağrılar,Kasım,SONBAHAR,MARMARA
9322,2012-11-05,Erkek,İstanbul,Zayıflama,Kasım,SONBAHAR,MARMARA
9323,2012-11-05,Erkek,İstanbul,Cinsel,Kasım,SONBAHAR,MARMARA
9324,2012-11-05,Bayan,Balıkesir,Zayıflama,Kasım,SONBAHAR,MARMARA
9325,2012-11-05,Erkek,İstanbul,Cinsel,Kasım,SONBAHAR,MARMARA
9326,2012-11-05,Erkek,Elazığ,DİĞER,Kasım,SONBAHAR,DOĞU ANADOLU
9327,2012-11-05,Erkek,İstanbul,Cinsel,Kasım,SONBAHAR,MARMARA
9328,2012-11-05,Bayan,Trabzon,Saç,Kasım,SONBAHAR,KARADENİZ
9329,2012-11-05,Erkek,İzmir,Cinsel,Kasım,SONBAHAR,EGE
9330,2012-11-06,Erkek,İstanbul,Güzellik,Kasım,SONBAHAR,MARMARA
9331,2012-11-06,Bayan,İstanbul,Zayıflama,Kasım,SONBAHAR,MARMARA
9332,2012-11-06,Erkek,Hatay,Saç,Kasım,SONBAHAR,AKDENİZ
9333,2012-11-06,Erkek,Ankara,Bakım,Kasım,SONBAHAR,İÇ ANADOLU
9334,2012-11-06,Erkek,Balıkesir,Cinsel,Kasım,SONBAHAR,MARMARA
9335,2012-11-06,Erkek,Trabzon,Bakım,Kasım,SONBAHAR,KARADENİZ
9336,2012-11-06,Erkek,Kayseri,Cinsel,Kasım,SONBAHAR,İÇ ANADOLU
9337,2012-11-06,Bayan,Manisa,DİĞER,Kasım,SONBAHAR,EGE
9338,2012-11-06,Bayan,Mersin,Saç,Kasım,SONBAHAR,AKDENİZ
9339,2012-11-06,Erkek,Antalya,Güzellik,Kasım,SONBAHAR,AKDENİZ
9340,2012-11-06,Bayan,Muş,Zayıflama,Kasım,SONBAHAR,DOĞU ANADOLU
9341,2012-11-06,Bayan,İstanbul,Zayıflama,Kasım,SONBAHAR,MARMARA
9342,2012-11-06,Erkek,Bolu,Cinsel,Kasım,SONBAHAR,KARADENİZ
9343,2012-11-06,Erkek,İstanbul,Cinsel,Kasım,SONBAHAR,MARMARA
9344,2012-11-06,Erkek,İstanbul,Bakım,Kasım,SONBAHAR,MARMARA
9345,2012-11-06,Erkek,Ankara,Bakım,Kasım,SONBAHAR,İÇ ANADOLU
9346,2012-11-07,Erkek,Muş,Cinsel,Kasım,SONBAHAR,DOĞU ANADOLU
9347,2012-11-07,Erkek,Hatay,Cinsel,Kasım,SONBAHAR,AKDENİZ
9348,2012-11-07,Erkek,Çanakkale,Cinsel,Kasım,SONBAHAR,MARMARA
9349,2012-11-07,Erkek,Denizli,Cinsel,Kasım,SONBAHAR,EGE
9350,2012-11-07,Erkek,İstanbul,Cinsel,Kasım,SONBAHAR,MARMARA
9351,2012-11-07,Erkek,İstanbul,Bakım,Kasım,SONBAHAR,MARMARA
9352,2012-11-07,Erkek,Ankara,Cinsel,Kasım,SONBAHAR,İÇ ANADOLU
9353,2012-11-07,Erkek,Aydın,Cinsel,Kasım,SONBAHAR,EGE
9354,2012-11-07,Erkek,Bingöl,Bakım,Kasım,SONBAHAR,DOĞU ANADOLU
9355,2012-11-07,Bayan,Mersin,Zayıflama,Kasım,SONBAHAR,AKDENİZ
9356,2012-11-07,Erkek,Samsun,Cinsel,Kasım,SONBAHAR,KARADENİZ
9357,2012-11-07,Bayan,İstanbul,Bakım,Kasım,SONBAHAR,MARMARA
9358,2012-11-07,Erkek,Mersin,Cinsel,Kasım,SONBAHAR,AKDENİZ
9359,2012-11-07,Erkek,Zonguldak,Cinsel,Kasım,SONBAHAR,KARADENİZ
9360,2012-11-07,Erkek,Muğla,Cinsel,Kasım,SONBAHAR,EGE
9361,2012-11-07,Bayan,Manisa,Zayıflama,Kasım,SONBAHAR,EGE
9362,2012-11-07,Erkek,Ankara,Cinsel,Kasım,SONBAHAR,İÇ ANADOLU
9363,2012-11-07,Bayan,İstanbul,Saç,Kasım,SONBAHAR,MARMARA
9364,2012-11-07,Bayan,İstanbul,Güzellik,Kasım,SONBAHAR,MARMARA
9365,2012-11-07,Bayan,Ordu,Cinsel,Kasım,SONBAHAR,KARADENİZ
9366,2012-11-07,Bayan,İstanbul,Zayıflama,Kasım,SONBAHAR,MARMARA
9367,2012-11-07,Erkek,İstanbul,Bakım,Kasım,SONBAHAR,MARMARA
9368,2012-11-07,Erkek,Bursa,Cinsel,Kasım,SONBAHAR,MARMARA
9369,2012-11-08,Bayan,Denizli,Ağrılar,Kasım,SONBAHAR,EGE
9370,2012-11-08,Erkek,Konya,Cinsel,Kasım,SONBAHAR,İÇ ANADOLU
9371,2012-11-08,Bayan,Ankara,Bakım,Kasım,SONBAHAR,İÇ ANADOLU
9372,2012-11-08,Erkek,Aksaray,Cinsel,Kasım,SONBAHAR,İÇ ANADOLU
9373,2012-11-08,Erkek,Konya,Cinsel,Kasım,SONBAHAR,İÇ ANADOLU
9374,2012-11-08,Bayan,Manisa,Saç,Kasım,SONBAHAR,EGE
9375,2012-11-08,Erkek,İstanbul,Cinsel,Kasım,SONBAHAR,MARMARA
9376,2012-11-08,Erkek,Balıkesir,Cinsel,Kasım,SONBAHAR,MARMARA
9377,2012-11-08,Erkek,İstanbul,Zayıflama,Kasım,SONBAHAR,MARMARA
9378,2012-11-08,Erkek,Konya,Cinsel,Kasım,SONBAHAR,İÇ ANADOLU
9379,2012-11-08,Erkek,İstanbul,Zayıflama,Kasım,SONBAHAR,MARMARA
9380,2012-11-08,Erkek,Manisa,Cinsel,Kasım,SONBAHAR,EGE
9381,2012-11-08,Bayan,Aydın,DİĞER,Kasım,SONBAHAR,EGE
9382,2012-11-08,Erkek,Konya,Ağrılar,Kasım,SONBAHAR,İÇ ANADOLU
9383,2012-11-08,Erkek,Şırnak,Cinsel,Kasım,SONBAHAR,DOĞU ANADOLU
9384,2012-11-08,Bayan,Eskişehir,Saç,Kasım,SONBAHAR,İÇ ANADOLU
9385,2012-11-08,Erkek,Şırnak,Cinsel,Kasım,SONBAHAR,DOĞU ANADOLU
9386,2012-11-08,Erkek,Ankara,Cinsel,Kasım,SONBAHAR,İÇ ANADOLU
9387,2012-11-08,Erkek,Kayseri,Cinsel,Kasım,SONBAHAR,İÇ ANADOLU
9388,2012-11-08,Bayan,Manisa,Bakım,Kasım,SONBAHAR,EGE
9389,2012-11-08,Erkek,İstanbul,Bakım,Kasım,SONBAHAR,MARMARA
9390,2012-11-08,Erkek,İstanbul,Cinsel,Kasım,SONBAHAR,MARMARA
9391,2012-11-08,Erkek,İstanbul,Cinsel,Kasım,SONBAHAR,MARMARA
9392,2012-11-08,Erkek,İstanbul,Bakım,Kasım,SONBAHAR,MARMARA
9393,2012-11-08,Erkek,İstanbul,Cinsel,Kasım,SONBAHAR,MARMARA
9394,2012-11-08,Erkek,Karabük,Cinsel,Kasım,SONBAHAR,KARADENİZ
9395,2012-11-08,Erkek,Gaziantep,Cinsel,Kasım,SONBAHAR,GÜNEYDOĞU
9396,2012-11-09,Erkek,Aydın,Cinsel,Kasım,SONBAHAR,EGE
9397,2012-11-09,Erkek,Artvin,Cinsel,Kasım,SONBAHAR,KARADENİZ
9398,2012-11-09,Bayan,Konya,Zayıflama,Kasım,SONBAHAR,İÇ ANADOLU
9399,2012-11-09,Erkek,Ankara,Ağrılar,Kasım,SONBAHAR,İÇ ANADOLU
9400,2012-11-09,Bayan,Mersin,Cinsel,Kasım,SONBAHAR,AKDENİZ
9401,2012-11-09,Erkek,İstanbul,Cinsel,Kasım,SONBAHAR,MARMARA
9402,2012-11-09,Erkek,Kars,Saç,Kasım,SONBAHAR,DOĞU ANADOLU
9403,2012-11-09,Erkek,Tokat,Güzellik,Kasım,SONBAHAR,KARADENİZ
9404,2012-11-09,Erkek,Konya,Cinsel,Kasım,SONBAHAR,İÇ ANADOLU
9405,2012-11-09,Erkek,İstanbul,Cinsel,Kasım,SONBAHAR,MARMARA
9406,2012-11-09,Erkek,Samsun,Cinsel,Kasım,SONBAHAR,KARADENİZ
9407,2012-11-09,Erkek,Adana,Cinsel,Kasım,SONBAHAR,AKDENİZ
9408,2012-11-09,Bayan,İstanbul,Saç,Kasım,SONBAHAR,MARMARA
9409,2012-11-09,Erkek,Antalya,Cinsel,Kasım,SONBAHAR,AKDENİZ
9410,2012-11-09,Erkek,Ankara,Cinsel,Kasım,SONBAHAR,İÇ ANADOLU
9411,2012-11-09,Erkek,İstanbul,Ağrılar,Kasım,SONBAHAR,MARMARA
9412,2012-11-09,Erkek,Manisa,Güzellik,Kasım,SONBAHAR,EGE
9413,2012-11-09,Erkek,Bursa,Saç,Kasım,SONBAHAR,MARMARA
9414,2012-11-09,Bayan,İzmir,Saç,Kasım,SONBAHAR,EGE
9415,2012-11-10,Erkek,Bursa,Cinsel,Kasım,SONBAHAR,MARMARA
9416,2012-11-10,Erkek,Van,DİĞER,Kasım,SONBAHAR,DOĞU ANADOLU
9417,2012-11-10,Erkek,Gaziantep,Bakım,Kasım,SONBAHAR,GÜNEYDOĞU
9418,2012-11-10,Erkek,Balıkesir,Cinsel,Kasım,SONBAHAR,MARMARA
9419,2012-11-10,Bayan,İstanbul,Cinsel,Kasım,SONBAHAR,MARMARA
9420,2012-11-10,Erkek,Burdur,Cinsel,Kasım,SONBAHAR,AKDENİZ
9421,2012-11-10,Erkek,İzmir,Ağrılar,Kasım,SONBAHAR,EGE
9422,2012-11-10,Erkek,Eskişehir,Bakım,Kasım,SONBAHAR,İÇ ANADOLU
9423,2012-11-10,Erkek,İstanbul,Cinsel,Kasım,SONBAHAR,MARMARA
9424,2012-11-10,Erkek,İstanbul,Bakım,Kasım,SONBAHAR,MARMARA
9425,2012-11-10,Bayan,Ankara,Saç,Kasım,SONBAHAR,İÇ ANADOLU
9426,2012-11-10,Erkek,Kayseri,Cinsel,Kasım,SONBAHAR,İÇ ANADOLU
9427,2012-11-10,Erkek,İstanbul,Zayıflama,Kasım,SONBAHAR,MARMARA
9428,2012-11-10,Erkek,Antalya,Cinsel,Kasım,SONBAHAR,AKDENİZ
9429,2012-11-10,Erkek,Karaman,Cinsel,Kasım,SONBAHAR,İÇ ANADOLU
9430,2012-11-12,Erkek,Aydın,DİĞER,Kasım,SONBAHAR,EGE
9431,2012-11-12,Erkek,Konya,Cinsel,Kasım,SONBAHAR,İÇ ANADOLU
9432,2012-11-12,Erkek,Niğde,Cinsel,Kasım,SONBAHAR,İÇ ANADOLU
9433,2012-11-12,Bayan,Ankara,Zayıflama,Kasım,SONBAHAR,İÇ ANADOLU
9434,2012-11-12,Erkek,İstanbul,Cinsel,Kasım,SONBAHAR,MARMARA
9435,2012-11-12,Erkek,Bursa,Cinsel,Kasım,SONBAHAR,MARMARA
9436,2012-11-12,Erkek,Manisa,Bakım,Kasım,SONBAHAR,EGE
9437,2012-11-12,Bayan,Eskişehir,Cinsel,Kasım,SONBAHAR,İÇ ANADOLU
9438,2012-11-12,Bayan,Manisa,Cinsel,Kasım,SONBAHAR,EGE
9439,2012-11-12,Erkek,Afyon,Cinsel,Kasım,SONBAHAR,EGE
9440,2012-11-12,Erkek,Kastamonu,Cinsel,Kasım,SONBAHAR,KARADENİZ
9441,2012-11-12,Erkek,Samsun,Cinsel,Kasım,SONBAHAR,KARADENİZ
9442,2012-11-12,Erkek,Adıyaman,Cinsel,Kasım,SONBAHAR,GÜNEYDOĞU
9443,2012-11-12,Erkek,Antalya,Cinsel,Kasım,SONBAHAR,AKDENİZ
9444,2012-11-12,Erkek,Trabzon,Cinsel,Kasım,SONBAHAR,KARADENİZ
9445,2012-11-12,Erkek,Kütahya,DİĞER,Kasım,SONBAHAR,EGE
9446,2012-11-12,Bayan,İstanbul,Bakım,Kasım,SONBAHAR,MARMARA
9447,2012-11-12,Erkek,Ankara,Zayıflama,Kasım,SONBAHAR,İÇ ANADOLU
9448,2012-11-12,Bayan,Manisa,Zayıflama,Kasım,SONBAHAR,EGE
9449,2012-11-12,Bayan,Muğla,Cinsel,Kasım,SONBAHAR,EGE
9450,2012-11-12,Bayan,Antalya,Cinsel,Kasım,SONBAHAR,AKDENİZ
9451,2012-11-12,Erkek,Kütahya,Cinsel,Kasım,SONBAHAR,EGE
9452,2012-11-12,Erkek,Adana,Cinsel,Kasım,SONBAHAR,AKDENİZ
9453,2012-11-12,Erkek,Van,Cinsel,Kasım,SONBAHAR,DOĞU ANADOLU
9454,2012-11-12,Erkek,İstanbul,Ağrılar,Kasım,SONBAHAR,MARMARA
9455,2012-11-12,Erkek,Antalya,Cinsel,Kasım,SONBAHAR,AKDENİZ
9456,2012-11-12,Erkek,Antalya,Cinsel,Kasım,SONBAHAR,AKDENİZ
9457,2012-11-12,Erkek,İstanbul,Güzellik,Kasım,SONBAHAR,MARMARA
9458,2012-11-12,Erkek,Muğla,Cinsel,Kasım,SONBAHAR,EGE
9459,2012-11-12,Erkek,İstanbul,Cinsel,Kasım,SONBAHAR,MARMARA
9460,2012-11-12,Erkek,Kahramanmaraş,Cinsel,Kasım,SONBAHAR,AKDENİZ
9461,2012-11-12,Erkek,Çorum,Cinsel,Kasım,SONBAHAR,KARADENİZ
9462,2012-11-12,Erkek,Afyon,Cinsel,Kasım,SONBAHAR,EGE
9463,2012-11-12,Erkek,İzmir,Cinsel,Kasım,SONBAHAR,EGE
9464,2012-11-12,Erkek,Karaman,Cinsel,Kasım,SONBAHAR,İÇ ANADOLU
9465,2012-11-12,Erkek,Samsun,Cinsel,Kasım,SONBAHAR,KARADENİZ
9466,2012-11-12,Erkek,İstanbul,Ağrılar,Kasım,SONBAHAR,MARMARA
9467,2012-11-12,Erkek,Bartın,Cinsel,Kasım,SONBAHAR,KARADENİZ
9468,2012-11-12,Erkek,Hatay,Cinsel,Kasım,SONBAHAR,AKDENİZ
9469,2012-11-12,Erkek,Eskişehir,Cinsel,Kasım,SONBAHAR,İÇ ANADOLU
9470,2012-11-12,Erkek,Tunceli,Cinsel,Kasım,SONBAHAR,DOĞU ANADOLU
9471,2012-11-12,Erkek,Antalya,Cinsel,Kasım,SONBAHAR,AKDENİZ
9472,2012-11-12,Bayan,Kayseri,Bakım,Kasım,SONBAHAR,İÇ ANADOLU
9473,2012-11-13,Erkek,Adana,DİĞER,Kasım,SONBAHAR,AKDENİZ
9474,2012-11-13,Erkek,İstanbul,Bakım,Kasım,SONBAHAR,MARMARA
9475,2012-11-13,Erkek,Uşak,Bakım,Kasım,SONBAHAR,EGE
9476,2012-11-13,Bayan,Tekirdağ,Bakım,Kasım,SONBAHAR,MARMARA
9477,2012-11-13,Erkek,Aksaray,Cinsel,Kasım,SONBAHAR,İÇ ANADOLU
9478,2012-11-13,Erkek,İstanbul,Cinsel,Kasım,SONBAHAR,MARMARA
9479,2012-11-13,Erkek,Şanlıurfa,Cinsel,Kasım,SONBAHAR,GÜNEYDOĞU
9480,2012-11-13,Erkek,İstanbul,Cinsel,Kasım,SONBAHAR,MARMARA
9481,2012-11-13,Erkek,İstanbul,Bakım,Kasım,SONBAHAR,MARMARA
9482,2012-11-13,Erkek,İstanbul,Cinsel,Kasım,SONBAHAR,MARMARA
9483,2012-11-13,Erkek,Gümüşhane,Cinsel,Kasım,SONBAHAR,KARADENİZ
9484,2012-11-13,Erkek,Hakkari,Saç,Kasım,SONBAHAR,DOĞU ANADOLU
9485,2012-11-13,Erkek,Eskişehir,Cinsel,Kasım,SONBAHAR,İÇ ANADOLU
9486,2012-11-13,Erkek,Aydın,Zayıflama,Kasım,SONBAHAR,EGE
9487,2012-11-13,Erkek,Çanakkale,Cinsel,Kasım,SONBAHAR,MARMARA
9488,2012-11-13,Erkek,Denizli,Cinsel,Kasım,SONBAHAR,EGE
9489,2012-11-13,Bayan,Ankara,Zayıflama,Kasım,SONBAHAR,İÇ ANADOLU
9490,2012-11-13,Erkek,İstanbul,Cinsel,Kasım,SONBAHAR,MARMARA
9491,2012-11-13,Erkek,Konya,Cinsel,Kasım,SONBAHAR,İÇ ANADOLU
9492,2012-11-13,Erkek,Kütahya,Cinsel,Kasım,SONBAHAR,EGE
9493,2012-11-13,Erkek,Sivas,Cinsel,Kasım,SONBAHAR,İÇ ANADOLU
9494,2012-11-13,Erkek,Çanakkale,Cinsel,Kasım,SONBAHAR,MARMARA
9495,2012-11-13,Erkek,Kahramanmaraş,Cinsel,Kasım,SONBAHAR,AKDENİZ
9496,2012-11-13,Bayan,İstanbul,Ağrılar,Kasım,SONBAHAR,MARMARA
9497,2012-11-13,Erkek,Samsun,Bakım,Kasım,SONBAHAR,KARADENİZ
9498,2012-11-13,Erkek,Çorum,Cinsel,Kasım,SONBAHAR,KARADENİZ
9499,2012-11-13,Erkek,Samsun,Saç,Kasım,SONBAHAR,KARADENİZ
9500,2012-11-13,Bayan,Gaziantep,Güzellik,Kasım,SONBAHAR,GÜNEYDOĞU
9501,2012-11-13,Bayan,İstanbul,Bakım,Kasım,SONBAHAR,MARMARA
9502,2012-11-13,Bayan,Manisa,Cinsel,Kasım,SONBAHAR,EGE
9503,2012-11-13,Erkek,İstanbul,Cinsel,Kasım,SONBAHAR,MARMARA
9504,2012-11-13,Erkek,Zonguldak,Cinsel,Kasım,SONBAHAR,KARADENİZ
9505,2012-11-13,Erkek,Karaman,Cinsel,Kasım,SONBAHAR,İÇ ANADOLU
9506,2012-11-13,Erkek,Adana,Cinsel,Kasım,SONBAHAR,AKDENİZ
9507,2012-11-13,Erkek,Antalya,Cinsel,Kasım,SONBAHAR,AKDENİZ
9508,2012-11-13,Erkek,Amasya,Cinsel,Kasım,SONBAHAR,KARADENİZ
9509,2012-11-14,Erkek,Kütahya,Cinsel,Kasım,SONBAHAR,EGE
9510,2012-11-14,Erkek,Zonguldak,Cinsel,Kasım,SONBAHAR,KARADENİZ
9511,2012-11-14,Erkek,Konya,Cinsel,Kasım,SONBAHAR,İÇ ANADOLU
9512,2012-11-14,Erkek,İstanbul,Cinsel,Kasım,SONBAHAR,MARMARA
9513,2012-11-14,Bayan,Ankara,Güzellik,Kasım,SONBAHAR,İÇ ANADOLU
9514,2012-11-14,Bayan,İstanbul,Bakım,Kasım,SONBAHAR,MARMARA
9515,2012-11-14,Bayan,İstanbul,Zayıflama,Kasım,SONBAHAR,MARMARA
9516,2013-12-28,Erkek,Antalya,Zayıflama,Aralık,KIŞ,AKDENİZ
9517,2013-12-28,Erkek,Denizli,Zayıflama,Aralık,KIŞ,EGE
9518,2013-12-28,Erkek,İstanbul,Güzellik,Aralık,KIŞ,MARMARA
9519,2013-12-28,Erkek,Gaziantep,Cinsel,Aralık,KIŞ,GÜNEYDOĞU
9520,2013-12-30,Bayan,İstanbul,Cinsel,Aralık,KIŞ,MARMARA
9521,2013-12-30,Erkek,Edirne,Cinsel,Aralık,KIŞ,MARMARA
9522,2013-12-30,Erkek,Tekirdağ,Ağrılar,Aralık,KIŞ,MARMARA
9523,2013-12-30,Erkek,İstanbul,Bakım,Aralık,KIŞ,MARMARA
9524,2013-12-30,Erkek,İstanbul,Ağrılar,Aralık,KIŞ,MARMARA
9525,2013-12-30,Bayan,İstanbul,Ağrılar,Aralık,KIŞ,MARMARA
9526,2013-12-30,Bayan,Çanakkale,Zayıflama,Aralık,KIŞ,MARMARA
9527,2013-12-30,Erkek,Çanakkale,Zayıflama,Aralık,KIŞ,MARMARA
9528,2013-12-30,Erkek,Antalya,Zayıflama,Aralık,KIŞ,AKDENİZ
9529,2013-12-30,Bayan,Ankara,Cinsel,Aralık,KIŞ,İÇ ANADOLU
9530,2013-12-30,Erkek,Ankara,Bakım,Aralık,KIŞ,İÇ ANADOLU
9531,2013-12-30,Erkek,Antalya,Zayıflama,Aralık,KIŞ,AKDENİZ
9532,2013-12-30,Erkek,Ankara,Zayıflama,Aralık,KIŞ,İÇ ANADOLU
9533,2013-12-30,Bayan,Sivas,Zayıflama,Aralık,KIŞ,İÇ ANADOLU
9534,2013-12-30,Erkek,Denizli,Cinsel,Aralık,KIŞ,EGE
9535,2013-12-30,Erkek,Zonguldak,Sağlık,Aralık,KIŞ,KARADENİZ
9536,2013-12-30,Erkek,Bursa,Saç,Aralık,KIŞ,MARMARA
9537,2013-12-31,Erkek,Aydın,DİĞER,Aralık,KIŞ,EGE
9538,2013-12-31,Bayan,Rize,Ağrılar,Aralık,KIŞ,KARADENİZ
9539,2013-12-31,Erkek,İstanbul,Cinsel,Aralık,KIŞ,MARMARA
9540,2013-12-31,Erkek,Antalya,Cinsel,Aralık,KIŞ,AKDENİZ
9541,2013-12-31,Bayan,Denizli,Zayıflama,Aralık,KIŞ,EGE
9542,2013-12-31,Erkek,Konya,Zayıflama,Aralık,KIŞ,İÇ ANADOLU
9543,2013-12-31,Bayan,İstanbul,Zayıflama,Aralık,KIŞ,MARMARA
9544,2013-12-31,Erkek,Trabzon,Zayıflama,Aralık,KIŞ,KARADENİZ
9545,2013-12-31,Erkek,İstanbul,Saç,Aralık,KIŞ,MARMARA
9546,2013-12-31,Bayan,Kilis,DİĞER,Aralık,KIŞ,GÜNEYDOĞU
9547,2012-06-23,Erkek,Çorum,Zayıflama,Haziran,YAZ,KARADENİZ
9548,2012-06-23,Bayan,Kocaeli,Saç,Haziran,YAZ,MARMARA
9549,2012-06-23,Bayan,İstanbul,Güzellik,Haziran,YAZ,MARMARA
9550,2012-06-23,Erkek,Çorum,Bakım,Haziran,YAZ,KARADENİZ
9551,2012-06-23,Erkek,Aydın,Zayıflama,Haziran,YAZ,EGE
9552,2012-06-23,Bayan,Hatay,Zayıflama,Haziran,YAZ,AKDENİZ
9553,2012-06-23,Erkek,İstanbul,Zayıflama,Haziran,YAZ,MARMARA
9554,2012-06-23,Erkek,Konya,Saç,Haziran,YAZ,İÇ ANADOLU
9555,2012-06-23,Erkek,Isparta,Saç,Haziran,YAZ,AKDENİZ
9556,2012-06-23,Bayan,Balıkesir,Güzellik,Haziran,YAZ,MARMARA
9557,2012-06-23,Erkek,İstanbul,Bakım,Haziran,YAZ,MARMARA
9558,2012-06-23,Bayan,Ankara,Bakım,Haziran,YAZ,İÇ ANADOLU
9559,2012-06-23,Erkek,İzmir,Güzellik,Haziran,YAZ,EGE
9560,2012-06-25,Bayan,İstanbul,Zayıflama,Haziran,YAZ,MARMARA
9561,2012-06-25,Erkek,Malatya,Cinsel,Haziran,YAZ,DOĞU ANADOLU
9562,2012-06-25,Erkek,İstanbul,Cinsel,Haziran,YAZ,MARMARA
9563,2012-06-25,Erkek,Muş,Cinsel,Haziran,YAZ,DOĞU ANADOLU
9564,2012-06-25,Bayan,Muğla,Bakım,Haziran,YAZ,EGE
9565,2012-06-25,Erkek,Muş,Güzellik,Haziran,YAZ,DOĞU ANADOLU
9566,2012-06-25,Erkek,Çanakkale,Saç,Haziran,YAZ,MARMARA
9567,2012-06-25,Erkek,Antalya,Bakım,Haziran,YAZ,AKDENİZ
9568,2012-06-25,Erkek,İstanbul,Zayıflama,Haziran,YAZ,MARMARA
9569,2012-06-25,Bayan,İstanbul,Bakım,Haziran,YAZ,MARMARA
9570,2012-06-25,Erkek,Konya,Zayıflama,Haziran,YAZ,İÇ ANADOLU
9571,2012-06-25,Erkek,İstanbul,Cinsel,Haziran,YAZ,MARMARA
9572,2012-06-25,Erkek,İstanbul,Güzellik,Haziran,YAZ,MARMARA
9573,2012-06-25,Erkek,Tekirdağ,Cinsel,Haziran,YAZ,MARMARA
9574,2012-06-25,Erkek,Manisa,Bakım,Haziran,YAZ,EGE
9575,2012-06-25,Erkek,Kahramanmaraş,Bakım,Haziran,YAZ,AKDENİZ
9576,2012-06-25,Erkek,Tekirdağ,Zayıflama,Haziran,YAZ,MARMARA
9577,2012-06-25,Erkek,Antalya,Saç,Haziran,YAZ,AKDENİZ
9578,2012-06-25,Erkek,Kırıkkale,Bakım,Haziran,YAZ,İÇ ANADOLU
9579,2012-06-25,Erkek,Şanlıurfa,Cinsel,Haziran,YAZ,GÜNEYDOĞU
9580,2012-06-25,Erkek,İstanbul,Cinsel,Haziran,YAZ,MARMARA
9581,2012-06-25,Bayan,Ankara,Zayıflama,Haziran,YAZ,İÇ ANADOLU
9582,2012-06-25,Erkek,İstanbul,Cinsel,Haziran,YAZ,MARMARA
9583,2012-06-25,Bayan,İzmir,Güzellik,Haziran,YAZ,EGE
9584,2012-06-25,Erkek,Ankara,Cinsel,Haziran,YAZ,İÇ ANADOLU
9585,2012-06-25,Bayan,Balıkesir,Zayıflama,Haziran,YAZ,MARMARA
9586,2012-06-25,Erkek,İstanbul,Zayıflama,Haziran,YAZ,MARMARA
9587,2012-06-25,Bayan,Samsun,Zayıflama,Haziran,YAZ,KARADENİZ
9588,2012-06-25,Erkek,Bursa,Cinsel,Haziran,YAZ,MARMARA
9589,2012-06-25,Erkek,Ankara,Bakım,Haziran,YAZ,İÇ ANADOLU
9590,2012-06-25,Erkek,İstanbul,Bakım,Haziran,YAZ,MARMARA
9591,2012-06-25,Erkek,Zonguldak,Bakım,Haziran,YAZ,KARADENİZ
9592,2012-06-25,Erkek,Aksaray,Zayıflama,Haziran,YAZ,İÇ ANADOLU
9593,2012-06-25,Erkek,Tekirdağ,Bakım,Haziran,YAZ,MARMARA
9594,2012-06-25,Erkek,Tekirdağ,Zayıflama,Haziran,YAZ,MARMARA
9595,2012-06-25,Erkek,İstanbul,Ağrılar,Haziran,YAZ,MARMARA
9596,2012-06-25,Erkek,Ankara,Cinsel,Haziran,YAZ,İÇ ANADOLU
9597,2012-06-25,Bayan,Hatay,Cinsel,Haziran,YAZ,AKDENİZ
9598,2012-06-25,Bayan,Manisa,Zayıflama,Haziran,YAZ,EGE
9599,2012-06-25,Erkek,Adıyaman,Zayıflama,Haziran,YAZ,GÜNEYDOĞU
9600,2012-06-26,Bayan,İzmir,Bakım,Haziran,YAZ,EGE
9601,2012-06-26,Erkek,Antalya,Zayıflama,Haziran,YAZ,AKDENİZ
9602,2012-06-26,Erkek,Aydın,Zayıflama,Haziran,YAZ,EGE
9603,2012-06-26,Bayan,Muş,Zayıflama,Haziran,YAZ,DOĞU ANADOLU
9604,2012-06-26,Erkek,İstanbul,Bakım,Haziran,YAZ,MARMARA
9605,2012-06-26,Erkek,İstanbul,Bakım,Haziran,YAZ,MARMARA
9606,2012-06-26,Erkek,İstanbul,Zayıflama,Haziran,YAZ,MARMARA
9607,2012-06-26,Bayan,İstanbul,Bakım,Haziran,YAZ,MARMARA
9608,2012-06-26,Erkek,Muş,Bakım,Haziran,YAZ,DOĞU ANADOLU
9609,2012-06-26,Erkek,İstanbul,Cinsel,Haziran,YAZ,MARMARA
9610,2012-06-26,Erkek,Ankara,DİĞER,Haziran,YAZ,İÇ ANADOLU
9611,2012-06-26,Erkek,İstanbul,Sağlık,Haziran,YAZ,MARMARA
9612,2012-06-26,Bayan,İstanbul,Zayıflama,Haziran,YAZ,MARMARA
9613,2012-06-26,Erkek,İstanbul,Bakım,Haziran,YAZ,MARMARA
9614,2012-06-26,Bayan,Gaziantep,Güzellik,Haziran,YAZ,GÜNEYDOĞU
9615,2012-06-26,Erkek,Ankara,Zayıflama,Haziran,YAZ,İÇ ANADOLU
9616,2012-06-26,Erkek,Muğla,Güzellik,Haziran,YAZ,EGE
9617,2012-06-26,Erkek,Bursa,Bakım,Haziran,YAZ,MARMARA
9618,2012-06-26,Bayan,Tekirdağ,Bakım,Haziran,YAZ,MARMARA
9619,2012-06-27,Erkek,İstanbul,DİĞER,Haziran,YAZ,MARMARA
9620,2012-06-27,Erkek,Kırıkkale,Zayıflama,Haziran,YAZ,İÇ ANADOLU
9621,2012-06-27,Erkek,İzmir,Zayıflama,Haziran,YAZ,EGE
9622,2012-06-27,Erkek,Şırnak,Zayıflama,Haziran,YAZ,DOĞU ANADOLU
9623,2012-06-27,Erkek,Tokat,Cinsel,Haziran,YAZ,KARADENİZ
9624,2012-06-27,Erkek,Erzurum,Cinsel,Haziran,YAZ,DOĞU ANADOLU
9625,2012-06-27,Bayan,Tekirdağ,Cinsel,Haziran,YAZ,MARMARA
9626,2012-06-27,Erkek,Adana,Zayıflama,Haziran,YAZ,AKDENİZ
9627,2012-06-27,Bayan,İstanbul,Bakım,Haziran,YAZ,MARMARA
9628,2012-06-27,Erkek,Adana,Bakım,Haziran,YAZ,AKDENİZ
9629,2012-06-27,Bayan,Zonguldak,Bakım,Haziran,YAZ,KARADENİZ
9630,2012-06-27,Erkek,İzmir,Sağlık,Haziran,YAZ,EGE
9631,2012-06-27,Erkek,Ankara,Bakım,Haziran,YAZ,İÇ ANADOLU
9632,2012-06-27,Bayan,Adana,Ağrılar,Haziran,YAZ,AKDENİZ
9633,2012-06-27,Erkek,Ankara,Bakım,Haziran,YAZ,İÇ ANADOLU
9634,2012-06-27,Erkek,İstanbul,DİĞER,Haziran,YAZ,MARMARA
9635,2012-06-27,Erkek,Kayseri,Zayıflama,Haziran,YAZ,İÇ ANADOLU
9636,2012-06-27,Erkek,Mersin,Zayıflama,Haziran,YAZ,AKDENİZ
9637,2012-06-27,Bayan,Muğla,Zayıflama,Haziran,YAZ,EGE
9638,2012-06-27,Erkek,Samsun,Cinsel,Haziran,YAZ,KARADENİZ
9639,2012-06-27,Erkek,Ankara,Saç,Haziran,YAZ,İÇ ANADOLU
9640,2012-06-27,Erkek,Giresun,Zayıflama,Haziran,YAZ,KARADENİZ
9641,2012-06-27,Erkek,İstanbul,Bakım,Haziran,YAZ,MARMARA
9642,2012-06-27,Erkek,Eskişehir,Cinsel,Haziran,YAZ,İÇ ANADOLU
9643,2012-06-27,Bayan,Ankara,Bakım,Haziran,YAZ,İÇ ANADOLU
9644,2012-06-27,Erkek,Çorum,Cinsel,Haziran,YAZ,KARADENİZ
9645,2012-06-28,Erkek,İstanbul,Zayıflama,Haziran,YAZ,MARMARA
9646,2012-06-28,Erkek,Adana,Saç,Haziran,YAZ,AKDENİZ
9647,2012-06-28,Erkek,Kırşehir,Zayıflama,Haziran,YAZ,İÇ ANADOLU
9648,2012-06-28,Erkek,Bursa,Zayıflama,Haziran,YAZ,MARMARA
9649,2012-06-28,Erkek,Mersin,Zayıflama,Haziran,YAZ,AKDENİZ
9650,2012-06-28,Erkek,Samsun,Cinsel,Haziran,YAZ,KARADENİZ
9651,2012-06-28,Erkek,İstanbul,Zayıflama,Haziran,YAZ,MARMARA
9652,2012-06-28,Bayan,Kars,DİĞER,Haziran,YAZ,DOĞU ANADOLU
9653,2012-06-28,Erkek,Kocaeli,Cinsel,Haziran,YAZ,MARMARA
9654,2012-06-28,Erkek,Mardin,Zayıflama,Haziran,YAZ,GÜNEYDOĞU
9655,2012-06-28,Erkek,Diyarbakır,Zayıflama,Haziran,YAZ,GÜNEYDOĞU
9656,2012-06-28,Bayan,İstanbul,Zayıflama,Haziran,YAZ,MARMARA
9657,2012-06-28,Bayan,İstanbul,Zayıflama,Haziran,YAZ,MARMARA
9658,2012-06-28,Bayan,Mersin,Bakım,Haziran,YAZ,AKDENİZ
9659,2012-06-28,Erkek,İstanbul,Cinsel,Haziran,YAZ,MARMARA
9660,2012-06-28,Bayan,İstanbul,Bakım,Haziran,YAZ,MARMARA
9661,2012-06-28,Erkek,Çorum,Cinsel,Haziran,YAZ,KARADENİZ
9662,2012-06-28,Erkek,İstanbul,Bakım,Haziran,YAZ,MARMARA
9663,2012-06-28,Erkek,İstanbul,Bakım,Haziran,YAZ,MARMARA
9664,2012-06-29,Erkek,Samsun,Sağlık,Haziran,YAZ,KARADENİZ
9665,2012-06-29,Erkek,Antalya,Bakım,Haziran,YAZ,AKDENİZ
9666,2012-06-29,Bayan,İzmir,Güzellik,Haziran,YAZ,EGE
9667,2012-06-29,Erkek,İstanbul,Bakım,Haziran,YAZ,MARMARA
9668,2012-06-29,Erkek,Şanlıurfa,Cinsel,Haziran,YAZ,GÜNEYDOĞU
9669,2012-06-29,Erkek,Gaziantep,Cinsel,Haziran,YAZ,GÜNEYDOĞU
9670,2012-06-29,Erkek,İstanbul,Cinsel,Haziran,YAZ,MARMARA
9671,2012-06-29,Bayan,İstanbul,Cinsel,Haziran,YAZ,MARMARA
9672,2012-06-29,Erkek,Kütahya,Cinsel,Haziran,YAZ,EGE
9673,2012-06-29,Erkek,Amasya,Zayıflama,Haziran,YAZ,KARADENİZ
9674,2012-06-29,Erkek,Sivas,Cinsel,Haziran,YAZ,İÇ ANADOLU
9675,2012-06-29,Erkek,İstanbul,Cinsel,Haziran,YAZ,MARMARA
9676,2012-06-29,Erkek,Samsun,Bakım,Haziran,YAZ,KARADENİZ
9677,2012-06-29,Erkek,İstanbul,Bakım,Haziran,YAZ,MARMARA
9678,2012-06-29,Erkek,İstanbul,Cinsel,Haziran,YAZ,MARMARA
9679,2012-06-29,Erkek,İstanbul,Saç,Haziran,YAZ,MARMARA
9680,2012-06-29,Erkek,Muş,Zayıflama,Haziran,YAZ,DOĞU ANADOLU
9681,2012-06-29,Bayan,Gaziantep,Zayıflama,Haziran,YAZ,GÜNEYDOĞU
9682,2012-06-29,Erkek,İstanbul,Bakım,Haziran,YAZ,MARMARA
9683,2012-06-29,Erkek,Hatay,Cinsel,Haziran,YAZ,AKDENİZ
9684,2012-06-29,Bayan,Gaziantep,Zayıflama,Haziran,YAZ,GÜNEYDOĞU
9685,2012-06-30,Erkek,Zonguldak,Cinsel,Haziran,YAZ,KARADENİZ
9686,2012-06-30,Erkek,İstanbul,Zayıflama,Haziran,YAZ,MARMARA
9687,2012-06-30,Erkek,İstanbul,Zayıflama,Haziran,YAZ,MARMARA
9688,2012-06-30,Bayan,Adana,DİĞER,Haziran,YAZ,AKDENİZ
9689,2012-06-30,Bayan,Adana,Zayıflama,Haziran,YAZ,AKDENİZ
9690,2012-06-30,Bayan,İstanbul,Cinsel,Haziran,YAZ,MARMARA
9691,2012-06-30,Bayan,Nevşehir,Zayıflama,Haziran,YAZ,İÇ ANADOLU
9692,2012-06-30,Bayan,Mersin,Zayıflama,Haziran,YAZ,AKDENİZ
9693,2012-06-30,Erkek,İstanbul,Cinsel,Haziran,YAZ,MARMARA
9694,2012-06-30,Erkek,Muğla,Bakım,Haziran,YAZ,EGE
9695,2012-06-30,Erkek,Bursa,Zayıflama,Haziran,YAZ,MARMARA
9696,2012-07-02,Bayan,İstanbul,Zayıflama,Temmuz,YAZ,MARMARA
9697,2012-07-02,Bayan,Adana,Güzellik,Temmuz,YAZ,AKDENİZ
9698,2012-07-02,Erkek,Eskişehir,Bakım,Temmuz,YAZ,İÇ ANADOLU
9699,2012-07-02,Erkek,Van,Cinsel,Temmuz,YAZ,DOĞU ANADOLU
9700,2012-07-02,Bayan,Kırıkkale,DİĞER,Temmuz,YAZ,İÇ ANADOLU
9701,2012-07-02,Bayan,Kütahya,Zayıflama,Temmuz,YAZ,EGE
9702,2012-07-02,Bayan,Yalova,Sağlık,Temmuz,YAZ,MARMARA
9703,2012-07-02,Bayan,Ankara,Ağrılar,Temmuz,YAZ,İÇ ANADOLU
9704,2012-07-02,Erkek,İstanbul,Cinsel,Temmuz,YAZ,MARMARA
9705,2012-07-02,Erkek,İstanbul,Cinsel,Temmuz,YAZ,MARMARA
9706,2012-07-02,Erkek,Konya,Bakım,Temmuz,YAZ,İÇ ANADOLU
9707,2012-07-02,Erkek,Eskişehir,Bakım,Temmuz,YAZ,İÇ ANADOLU
9708,2012-07-02,Erkek,Denizli,Cinsel,Temmuz,YAZ,EGE
9709,2012-07-02,Bayan,Muğla,Cinsel,Temmuz,YAZ,EGE
9710,2012-07-02,Erkek,Samsun,Cinsel,Temmuz,YAZ,KARADENİZ
9711,2012-07-02,Erkek,İstanbul,Zayıflama,Temmuz,YAZ,MARMARA
9712,2012-07-02,Erkek,İstanbul,Zayıflama,Temmuz,YAZ,MARMARA
9713,2012-07-02,Bayan,İstanbul,Zayıflama,Temmuz,YAZ,MARMARA
9714,2012-07-02,Erkek,İstanbul,Zayıflama,Temmuz,YAZ,MARMARA
9715,2012-07-02,Erkek,Ankara,Bakım,Temmuz,YAZ,İÇ ANADOLU
9716,2012-07-02,Erkek,Kocaeli,Zayıflama,Temmuz,YAZ,MARMARA
9717,2012-07-02,Bayan,Muğla,Bakım,Temmuz,YAZ,EGE
9718,2012-07-02,Erkek,Antalya,Zayıflama,Temmuz,YAZ,AKDENİZ
9719,2012-07-02,Erkek,Ankara,Zayıflama,Temmuz,YAZ,İÇ ANADOLU
9720,2012-07-02,Erkek,Amasya,Bakım,Temmuz,YAZ,KARADENİZ
9721,2012-07-02,Erkek,Adana,Cinsel,Temmuz,YAZ,AKDENİZ
9722,2012-07-02,Erkek,Ordu,Zayıflama,Temmuz,YAZ,KARADENİZ
9723,2012-07-02,Erkek,Tekirdağ,Cinsel,Temmuz,YAZ,MARMARA
9724,2012-07-02,Erkek,Bursa,Bakım,Temmuz,YAZ,MARMARA
9725,2012-07-02,Erkek,İstanbul,Güzellik,Temmuz,YAZ,MARMARA
9726,2012-07-02,Erkek,İstanbul,Saç,Temmuz,YAZ,MARMARA
9727,2012-07-02,Erkek,İstanbul,Bakım,Temmuz,YAZ,MARMARA
9728,2012-07-02,Erkek,İstanbul,Zayıflama,Temmuz,YAZ,MARMARA
9729,2012-07-02,Erkek,İstanbul,Zayıflama,Temmuz,YAZ,MARMARA
9730,2012-07-02,Bayan,Manisa,Zayıflama,Temmuz,YAZ,EGE
9731,2012-07-02,Bayan,İstanbul,Zayıflama,Temmuz,YAZ,MARMARA
9732,2012-07-02,Erkek,İstanbul,Güzellik,Temmuz,YAZ,MARMARA
9733,2012-07-02,Erkek,Gaziantep,Zayıflama,Temmuz,YAZ,GÜNEYDOĞU
9734,2012-07-02,Erkek,Gaziantep,Cinsel,Temmuz,YAZ,GÜNEYDOĞU
9735,2012-07-02,Erkek,İçel,Cinsel,Temmuz,YAZ,AKDENİZ
9736,2012-07-02,Erkek,Kayseri,Zayıflama,Temmuz,YAZ,İÇ ANADOLU
9737,2012-07-03,Erkek,İzmir,Bakım,Temmuz,YAZ,EGE
9738,2012-07-03,Erkek,Muğla,Zayıflama,Temmuz,YAZ,EGE
9739,2012-07-03,Erkek,Mersin,Bakım,Temmuz,YAZ,AKDENİZ
9740,2012-07-03,Bayan,Muğla,Zayıflama,Temmuz,YAZ,EGE
9741,2012-07-03,Erkek,Samsun,Cinsel,Temmuz,YAZ,KARADENİZ
9742,2012-07-03,Erkek,İstanbul,Zayıflama,Temmuz,YAZ,MARMARA
9743,2012-07-03,Bayan,Ankara,Zayıflama,Temmuz,YAZ,İÇ ANADOLU
9744,2012-07-03,Bayan,İstanbul,Cinsel,Temmuz,YAZ,MARMARA
9745,2012-07-03,Erkek,İstanbul,Bakım,Temmuz,YAZ,MARMARA
9746,2012-07-03,Erkek,Manisa,Bakım,Temmuz,YAZ,EGE
9747,2012-07-03,Erkek,Karaman,Bakım,Temmuz,YAZ,İÇ ANADOLU
9748,2012-07-03,Bayan,Kocaeli,Zayıflama,Temmuz,YAZ,MARMARA
9749,2012-07-03,Erkek,İstanbul,Zayıflama,Temmuz,YAZ,MARMARA
9750,2012-07-03,Erkek,Gaziantep,Zayıflama,Temmuz,YAZ,GÜNEYDOĞU
9751,2012-07-03,Erkek,Ankara,Zayıflama,Temmuz,YAZ,İÇ ANADOLU
9752,2012-07-03,Bayan,Mersin,DİĞER,Temmuz,YAZ,AKDENİZ
9753,2012-07-03,Erkek,Adana,Cinsel,Temmuz,YAZ,AKDENİZ
9754,2012-07-03,Bayan,İstanbul,Bakım,Temmuz,YAZ,MARMARA
9755,2012-07-03,Bayan,İstanbul,Bakım,Temmuz,YAZ,MARMARA
9756,2012-07-03,Erkek,İstanbul,Cinsel,Temmuz,YAZ,MARMARA
9757,2012-07-03,Erkek,İstanbul,Zayıflama,Temmuz,YAZ,MARMARA
9758,2012-07-03,Erkek,İstanbul,Zayıflama,Temmuz,YAZ,MARMARA
9759,2012-07-03,Erkek,Samsun,Zayıflama,Temmuz,YAZ,KARADENİZ
9760,2012-07-03,Bayan,Ankara,Zayıflama,Temmuz,YAZ,İÇ ANADOLU
9761,2012-07-03,Erkek,Hatay,Bakım,Temmuz,YAZ,AKDENİZ
9762,2012-07-03,Bayan,Adana,Bakım,Temmuz,YAZ,AKDENİZ
9763,2012-07-03,Erkek,Muğla,Cinsel,Temmuz,YAZ,EGE
9764,2012-07-03,Erkek,İstanbul,Zayıflama,Temmuz,YAZ,MARMARA
9765,2012-07-04,Bayan,İstanbul,Zayıflama,Temmuz,YAZ,MARMARA
9766,2012-07-04,Bayan,Gaziantep,Güzellik,Temmuz,YAZ,GÜNEYDOĞU
9767,2012-07-04,Erkek,Konya,Cinsel,Temmuz,YAZ,İÇ ANADOLU
9768,2012-07-04,Erkek,Kocaeli,Cinsel,Temmuz,YAZ,MARMARA
9769,2012-07-04,Erkek,Balıkesir,Cinsel,Temmuz,YAZ,MARMARA
9770,2012-07-04,Erkek,İstanbul,Cinsel,Temmuz,YAZ,MARMARA
9771,2012-07-04,Erkek,İstanbul,Bakım,Temmuz,YAZ,MARMARA
9772,2012-07-04,Erkek,Rize,Cinsel,Temmuz,YAZ,KARADENİZ
9773,2012-07-04,Bayan,Malatya,Zayıflama,Temmuz,YAZ,DOĞU ANADOLU
9774,2012-07-04,Erkek,İstanbul,Sağlık,Temmuz,YAZ,MARMARA
9775,2012-07-04,Bayan,İstanbul,Zayıflama,Temmuz,YAZ,MARMARA
9776,2012-07-04,Erkek,İstanbul,DİĞER,Temmuz,YAZ,MARMARA
9777,2012-07-04,Erkek,Gaziantep,Bakım,Temmuz,YAZ,GÜNEYDOĞU
9778,2012-07-04,Bayan,Tekirdağ,Zayıflama,Temmuz,YAZ,MARMARA
9779,2012-07-04,Erkek,İstanbul,Cinsel,Temmuz,YAZ,MARMARA
9780,2012-07-04,Erkek,İzmir,Zayıflama,Temmuz,YAZ,EGE
9781,2012-07-04,Bayan,Antalya,Saç,Temmuz,YAZ,AKDENİZ
9782,2012-07-04,Erkek,Trabzon,Bakım,Temmuz,YAZ,KARADENİZ
9783,2012-07-04,Erkek,Antalya,Cinsel,Temmuz,YAZ,AKDENİZ
9784,2012-07-04,Bayan,Kocaeli,Ağrılar,Temmuz,YAZ,MARMARA
9785,2012-07-05,Erkek,Karabük,Saç,Temmuz,YAZ,KARADENİZ
9786,2012-07-05,Erkek,İstanbul,Bakım,Temmuz,YAZ,MARMARA
9787,2012-07-05,Erkek,Şırnak,Saç,Temmuz,YAZ,DOĞU ANADOLU
9788,2012-07-05,Erkek,Bursa,Zayıflama,Temmuz,YAZ,MARMARA
9789,2012-07-05,Bayan,Kocaeli,Saç,Temmuz,YAZ,MARMARA
9790,2012-07-05,Erkek,Malatya,Zayıflama,Temmuz,YAZ,DOĞU ANADOLU
9791,2012-07-05,Erkek,Antalya,Zayıflama,Temmuz,YAZ,AKDENİZ
9792,2012-07-05,Erkek,Antalya,Bakım,Temmuz,YAZ,AKDENİZ
9793,2012-07-05,Erkek,Hatay,Zayıflama,Temmuz,YAZ,AKDENİZ
9794,2012-07-05,Erkek,İstanbul,Bakım,Temmuz,YAZ,MARMARA
9795,2012-07-05,Erkek,Konya,Bakım,Temmuz,YAZ,İÇ ANADOLU
9796,2012-07-05,Bayan,İzmir,Zayıflama,Temmuz,YAZ,EGE
9797,2012-07-05,Erkek,Ankara,Bakım,Temmuz,YAZ,İÇ ANADOLU
9798,2012-07-05,Erkek,Trabzon,Zayıflama,Temmuz,YAZ,KARADENİZ
9799,2012-07-05,Erkek,Bursa,Bakım,Temmuz,YAZ,MARMARA
9800,2012-07-05,Bayan,Antalya,Bakım,Temmuz,YAZ,AKDENİZ
9801,2012-07-05,Erkek,İzmir,Bakım,Temmuz,YAZ,EGE
9802,2012-07-05,Erkek,İstanbul,Zayıflama,Temmuz,YAZ,MARMARA
9803,2012-07-05,Erkek,Denizli,Zayıflama,Temmuz,YAZ,EGE
9804,2012-07-05,Erkek,İzmir,Bakım,Temmuz,YAZ,EGE
9805,2012-07-06,Bayan,Afyon,Zayıflama,Temmuz,YAZ,EGE
9806,2012-07-06,Erkek,Bursa,Bakım,Temmuz,YAZ,MARMARA
9807,2012-07-06,Erkek,İzmir,Zayıflama,Temmuz,YAZ,EGE
9808,2012-07-06,Erkek,Mersin,Zayıflama,Temmuz,YAZ,AKDENİZ
9809,2012-07-06,Bayan,İstanbul,Bakım,Temmuz,YAZ,MARMARA
9810,2012-07-06,Bayan,İzmir,Zayıflama,Temmuz,YAZ,EGE
9811,2012-07-06,Erkek,Gaziantep,Zayıflama,Temmuz,YAZ,GÜNEYDOĞU
9812,2012-07-06,Erkek,Çanakkale,Bakım,Temmuz,YAZ,MARMARA
9813,2012-07-06,Bayan,İstanbul,Bakım,Temmuz,YAZ,MARMARA
9814,2012-07-06,Erkek,Zonguldak,Sağlık,Temmuz,YAZ,KARADENİZ
9815,2012-07-06,Bayan,Antalya,Zayıflama,Temmuz,YAZ,AKDENİZ
9816,2012-07-06,Erkek,İstanbul,Zayıflama,Temmuz,YAZ,MARMARA
9817,2012-07-06,Erkek,Hatay,Saç,Temmuz,YAZ,AKDENİZ
9818,2012-07-06,Erkek,İstanbul,Cinsel,Temmuz,YAZ,MARMARA
9819,2012-07-06,Bayan,Kayseri,Bakım,Temmuz,YAZ,İÇ ANADOLU
9820,2012-07-06,Erkek,Hatay,Cinsel,Temmuz,YAZ,AKDENİZ
9821,2012-07-06,Erkek,İstanbul,Cinsel,Temmuz,YAZ,MARMARA
9822,2012-07-06,Bayan,Bitlis,Zayıflama,Temmuz,YAZ,DOĞU ANADOLU
9823,2012-07-06,Bayan,Muğla,Zayıflama,Temmuz,YAZ,EGE
9824,2012-07-07,Erkek,Niğde,Bakım,Temmuz,YAZ,İÇ ANADOLU
9825,2012-07-07,Erkek,Gaziantep,Cinsel,Temmuz,YAZ,GÜNEYDOĞU
9826,2012-07-07,Bayan,Konya,Zayıflama,Temmuz,YAZ,İÇ ANADOLU
9827,2012-07-07,Bayan,Gaziantep,Bakım,Temmuz,YAZ,GÜNEYDOĞU
9828,2012-07-07,Bayan,Bursa,Bakım,Temmuz,YAZ,MARMARA
9829,2012-07-07,Erkek,Samsun,Cinsel,Temmuz,YAZ,KARADENİZ
9830,2012-07-09,Erkek,Antalya,Zayıflama,Temmuz,YAZ,AKDENİZ
9831,2012-07-09,Erkek,İstanbul,Cinsel,Temmuz,YAZ,MARMARA
9832,2012-07-09,Erkek,Diyarbakır,Cinsel,Temmuz,YAZ,GÜNEYDOĞU
9833,2012-07-09,Erkek,Çorum,Zayıflama,Temmuz,YAZ,KARADENİZ
9834,2012-07-09,Erkek,Bursa,Bakım,Temmuz,YAZ,MARMARA
9835,2012-07-09,Erkek,İstanbul,Ağrılar,Temmuz,YAZ,MARMARA
9836,2012-07-09,Erkek,İstanbul,Cinsel,Temmuz,YAZ,MARMARA
9837,2012-07-09,Erkek,Amasya,Cinsel,Temmuz,YAZ,KARADENİZ
9838,2012-07-09,Erkek,İstanbul,Cinsel,Temmuz,YAZ,MARMARA
9839,2012-07-09,Erkek,Van,Cinsel,Temmuz,YAZ,DOĞU ANADOLU
9840,2012-07-09,Erkek,İstanbul,Cinsel,Temmuz,YAZ,MARMARA
9841,2012-07-09,Erkek,Mersin,Zayıflama,Temmuz,YAZ,AKDENİZ
9842,2012-07-09,Erkek,Artvin,Bakım,Temmuz,YAZ,KARADENİZ
9843,2012-07-09,Bayan,Hatay,Zayıflama,Temmuz,YAZ,AKDENİZ
9844,2012-07-09,Erkek,Ankara,Zayıflama,Temmuz,YAZ,İÇ ANADOLU
9845,2012-07-09,Bayan,Antalya,Bakım,Temmuz,YAZ,AKDENİZ
9846,2012-07-09,Erkek,İstanbul,Saç,Temmuz,YAZ,MARMARA
9847,2012-07-09,Erkek,İstanbul,Cinsel,Temmuz,YAZ,MARMARA
9848,2012-07-09,Erkek,İstanbul,Bakım,Temmuz,YAZ,MARMARA
9849,2012-07-09,Erkek,Çorum,Bakım,Temmuz,YAZ,KARADENİZ
9850,2012-07-09,Erkek,Muğla,Cinsel,Temmuz,YAZ,EGE
9851,2012-07-09,Erkek,Hatay,Cinsel,Temmuz,YAZ,AKDENİZ
9852,2012-07-09,Bayan,İstanbul,Zayıflama,Temmuz,YAZ,MARMARA
9853,2012-07-09,Erkek,İstanbul,Bakım,Temmuz,YAZ,MARMARA
9854,2012-07-09,Bayan,Hatay,Zayıflama,Temmuz,YAZ,AKDENİZ
9855,2012-07-09,Erkek,İstanbul,Cinsel,Temmuz,YAZ,MARMARA
9856,2012-07-09,Erkek,İstanbul,Bakım,Temmuz,YAZ,MARMARA
9857,2012-07-09,Bayan,Bursa,Zayıflama,Temmuz,YAZ,MARMARA
9858,2012-07-09,Bayan,Denizli,Zayıflama,Temmuz,YAZ,EGE
9859,2012-07-09,Erkek,Malatya,Zayıflama,Temmuz,YAZ,DOĞU ANADOLU
9860,2012-07-09,Erkek,İstanbul,Bakım,Temmuz,YAZ,MARMARA
9861,2012-07-09,Bayan,İstanbul,Güzellik,Temmuz,YAZ,MARMARA
9862,2012-07-09,Erkek,Eskişehir,Zayıflama,Temmuz,YAZ,İÇ ANADOLU
9863,2012-07-09,Erkek,İstanbul,Cinsel,Temmuz,YAZ,MARMARA
9864,2012-07-09,Erkek,Kocaeli,Cinsel,Temmuz,YAZ,MARMARA
9865,2012-07-09,Bayan,Çanakkale,Zayıflama,Temmuz,YAZ,MARMARA
9866,2012-07-09,Erkek,İstanbul,Bakım,Temmuz,YAZ,MARMARA
9867,2012-07-10,Bayan,İstanbul,Zayıflama,Temmuz,YAZ,MARMARA
9868,2012-07-10,Bayan,İstanbul,Zayıflama,Temmuz,YAZ,MARMARA
9869,2012-07-10,Erkek,İstanbul,Bakım,Temmuz,YAZ,MARMARA
9870,2012-07-10,Erkek,Aydın,Zayıflama,Temmuz,YAZ,EGE
9871,2012-07-10,Bayan,Gaziantep,Zayıflama,Temmuz,YAZ,GÜNEYDOĞU
9872,2012-07-10,Bayan,Antalya,Bakım,Temmuz,YAZ,AKDENİZ
9873,2012-07-10,Erkek,İstanbul,Zayıflama,Temmuz,YAZ,MARMARA
9874,2012-07-10,Erkek,Tekirdağ,Bakım,Temmuz,YAZ,MARMARA
9875,2012-07-10,Erkek,Zonguldak,Cinsel,Temmuz,YAZ,KARADENİZ
9876,2012-07-10,Erkek,Hatay,Cinsel,Temmuz,YAZ,AKDENİZ
9877,2012-07-10,Bayan,İstanbul,Bakım,Temmuz,YAZ,MARMARA
9878,2012-07-10,Bayan,Manisa,Zayıflama,Temmuz,YAZ,EGE
9879,2012-07-10,Erkek,İstanbul,Cinsel,Temmuz,YAZ,MARMARA
9880,2012-07-10,Erkek,İstanbul,Cinsel,Temmuz,YAZ,MARMARA
9881,2012-07-10,Erkek,İstanbul,Bakım,Temmuz,YAZ,MARMARA
9882,2012-07-10,Bayan,İstanbul,Zayıflama,Temmuz,YAZ,MARMARA
9883,2012-07-10,Bayan,İstanbul,Zayıflama,Temmuz,YAZ,MARMARA
9884,2012-07-10,Bayan,Muğla,Zayıflama,Temmuz,YAZ,EGE
9885,2012-07-10,Erkek,İstanbul,Bakım,Temmuz,YAZ,MARMARA
9886,2012-07-10,Erkek,Samsun,Sağlık,Temmuz,YAZ,KARADENİZ
9887,2012-07-10,Bayan,İzmir,Zayıflama,Temmuz,YAZ,EGE
9888,2012-07-10,Erkek,İzmir,Zayıflama,Temmuz,YAZ,EGE
9889,2012-07-10,Erkek,Rize,Bakım,Temmuz,YAZ,KARADENİZ
9890,2012-07-10,Bayan,Kütahya,Zayıflama,Temmuz,YAZ,EGE
9891,2012-07-10,Bayan,İstanbul,Zayıflama,Temmuz,YAZ,MARMARA
9892,2012-07-10,Erkek,Bolu,Bakım,Temmuz,YAZ,KARADENİZ
9893,2012-07-10,Bayan,İstanbul,Bakım,Temmuz,YAZ,MARMARA
9894,2012-07-10,Bayan,Mersin,Güzellik,Temmuz,YAZ,AKDENİZ
9895,2012-07-10,Erkek,Diyarbakır,Zayıflama,Temmuz,YAZ,GÜNEYDOĞU
9896,2012-07-10,Erkek,Samsun,Zayıflama,Temmuz,YAZ,KARADENİZ
9897,2012-07-10,Erkek,Zonguldak,Cinsel,Temmuz,YAZ,KARADENİZ
9898,2012-07-10,Erkek,Şırnak,Cinsel,Temmuz,YAZ,DOĞU ANADOLU
9899,2012-07-10,Erkek,Antalya,DİĞER,Temmuz,YAZ,AKDENİZ
9900,2012-07-11,Bayan,İzmir,DİĞER,Temmuz,YAZ,EGE
9901,2012-07-11,Erkek,Kocaeli,Zayıflama,Temmuz,YAZ,MARMARA
9902,2012-07-11,Erkek,İzmir,Cinsel,Temmuz,YAZ,EGE
9903,2012-07-11,Bayan,Bursa,Saç,Temmuz,YAZ,MARMARA
9904,2012-07-11,Erkek,Adana,Zayıflama,Temmuz,YAZ,AKDENİZ
9905,2012-07-11,Bayan,İstanbul,Cinsel,Temmuz,YAZ,MARMARA
9906,2012-07-11,Erkek,Adana,Zayıflama,Temmuz,YAZ,AKDENİZ
9907,2012-07-11,Bayan,Muğla,Zayıflama,Temmuz,YAZ,EGE
9908,2012-07-11,Erkek,İstanbul,Bakım,Temmuz,YAZ,MARMARA
9909,2012-07-11,Bayan,Mersin,DİĞER,Temmuz,YAZ,AKDENİZ
9910,2012-07-11,Bayan,İzmir,Zayıflama,Temmuz,YAZ,EGE
9911,2012-07-11,Erkek,Zonguldak,Cinsel,Temmuz,YAZ,KARADENİZ
9912,2012-07-11,Bayan,İzmir,Zayıflama,Temmuz,YAZ,EGE
9913,2012-07-11,Erkek,Ankara,Cinsel,Temmuz,YAZ,İÇ ANADOLU
9914,2012-07-11,Erkek,Balıkesir,Cinsel,Temmuz,YAZ,MARMARA
9915,2012-07-11,Erkek,İstanbul,Cinsel,Temmuz,YAZ,MARMARA
9916,2012-07-11,Erkek,İstanbul,Cinsel,Temmuz,YAZ,MARMARA
9917,2012-07-11,Erkek,Iğdır,Bakım,Temmuz,YAZ,DOĞU ANADOLU
9918,2012-07-11,Erkek,Ankara,Zayıflama,Temmuz,YAZ,İÇ ANADOLU
9919,2012-07-11,Bayan,Tunceli,Zayıflama,Temmuz,YAZ,DOĞU ANADOLU
9920,2012-07-11,Erkek,İstanbul,Zayıflama,Temmuz,YAZ,MARMARA
9921,2012-07-11,Bayan,Ankara,Zayıflama,Temmuz,YAZ,İÇ ANADOLU
9922,2012-07-11,Erkek,Sivas,Güzellik,Temmuz,YAZ,İÇ ANADOLU
9923,2012-07-12,Erkek,Edirne,Cinsel,Temmuz,YAZ,MARMARA
9924,2012-07-12,Bayan,Mersin,Zayıflama,Temmuz,YAZ,AKDENİZ
9925,2012-07-12,Erkek,Kütahya,Zayıflama,Temmuz,YAZ,EGE
9926,2012-07-12,Erkek,Kırıkkale,Bakım,Temmuz,YAZ,İÇ ANADOLU
9927,2012-07-12,Erkek,Antalya,DİĞER,Temmuz,YAZ,AKDENİZ
9928,2012-07-12,Erkek,Şanlıurfa,Güzellik,Temmuz,YAZ,GÜNEYDOĞU
9929,2012-07-12,Bayan,İstanbul,Zayıflama,Temmuz,YAZ,MARMARA
9930,2012-07-12,Erkek,Adıyaman,Bakım,Temmuz,YAZ,GÜNEYDOĞU
9931,2012-07-12,Bayan,Yalova,Zayıflama,Temmuz,YAZ,MARMARA
9932,2012-07-12,Erkek,İstanbul,Zayıflama,Temmuz,YAZ,MARMARA
9933,2012-07-12,Erkek,Balıkesir,Cinsel,Temmuz,YAZ,MARMARA
9934,2012-07-12,Erkek,İzmir,Zayıflama,Temmuz,YAZ,EGE
9935,2012-07-12,Erkek,Isparta,Bakım,Temmuz,YAZ,AKDENİZ
9936,2012-07-12,Erkek,İstanbul,Cinsel,Temmuz,YAZ,MARMARA
9937,2012-07-12,Erkek,İstanbul,Ağrılar,Temmuz,YAZ,MARMARA
9938,2012-07-12,Bayan,Muş,Zayıflama,Temmuz,YAZ,DOĞU ANADOLU
9939,2012-07-12,Erkek,Kocaeli,Güzellik,Temmuz,YAZ,MARMARA
9940,2012-07-12,Erkek,İstanbul,Cinsel,Temmuz,YAZ,MARMARA
9941,2012-07-12,Erkek,İstanbul,Cinsel,Temmuz,YAZ,MARMARA
9942,2012-07-12,Bayan,İstanbul,Zayıflama,Temmuz,YAZ,MARMARA
9943,2012-07-12,Bayan,Eskişehir,Güzellik,Temmuz,YAZ,İÇ ANADOLU
9944,2012-07-12,Bayan,İstanbul,Cinsel,Temmuz,YAZ,MARMARA
9945,2012-07-12,Bayan,Karabük,Zayıflama,Temmuz,YAZ,KARADENİZ
9946,2012-07-12,Bayan,İstanbul,Zayıflama,Temmuz,YAZ,MARMARA
9947,2012-07-12,Bayan,İstanbul,Zayıflama,Temmuz,YAZ,MARMARA
9948,2012-07-12,Erkek,Ankara,Zayıflama,Temmuz,YAZ,İÇ ANADOLU
9949,2012-07-13,Erkek,Siirt,Cinsel,Temmuz,YAZ,GÜNEYDOĞU
9950,2012-07-13,Bayan,Hatay,Cinsel,Temmuz,YAZ,AKDENİZ
9951,2012-07-13,Erkek,Muğla,Cinsel,Temmuz,YAZ,EGE
9952,2012-07-13,Bayan,Artvin,Güzellik,Temmuz,YAZ,KARADENİZ
9953,2012-07-13,Erkek,İstanbul,DİĞER,Temmuz,YAZ,MARMARA
9954,2012-07-13,Erkek,Muş,Zayıflama,Temmuz,YAZ,DOĞU ANADOLU
9955,2012-07-13,Bayan,İstanbul,Cinsel,Temmuz,YAZ,MARMARA
9956,2012-07-13,Erkek,Ankara,Bakım,Temmuz,YAZ,İÇ ANADOLU
9957,2012-07-13,Erkek,Eskişehir,Bakım,Temmuz,YAZ,İÇ ANADOLU
9958,2012-07-13,Erkek,Ankara,Bakım,Temmuz,YAZ,İÇ ANADOLU
9959,2012-07-13,Erkek,İzmir,Bakım,Temmuz,YAZ,EGE
9960,2012-07-13,Erkek,Ankara,Güzellik,Temmuz,YAZ,İÇ ANADOLU
9961,2012-07-13,Erkek,Edirne,Cinsel,Temmuz,YAZ,MARMARA
9962,2012-07-13,Erkek,Kastamonu,Cinsel,Temmuz,YAZ,KARADENİZ
9963,2012-07-13,Bayan,İstanbul,Bakım,Temmuz,YAZ,MARMARA
9964,2012-07-13,Erkek,İstanbul,DİĞER,Temmuz,YAZ,MARMARA
9965,2012-07-13,Erkek,Ankara,Zayıflama,Temmuz,YAZ,İÇ ANADOLU
9966,2012-07-13,Erkek,Konya,Cinsel,Temmuz,YAZ,İÇ ANADOLU
9967,2012-07-13,Erkek,Sivas,Zayıflama,Temmuz,YAZ,İÇ ANADOLU
9968,2012-07-13,Erkek,Çorum,Cinsel,Temmuz,YAZ,KARADENİZ
9969,2012-07-13,Erkek,İstanbul,Cinsel,Temmuz,YAZ,MARMARA
9970,2012-07-13,Erkek,İstanbul,Zayıflama,Temmuz,YAZ,MARMARA
9971,2012-07-13,Erkek,Muş,Zayıflama,Temmuz,YAZ,DOĞU ANADOLU
9972,2012-07-13,Erkek,Rize,Cinsel,Temmuz,YAZ,KARADENİZ
9973,2012-07-13,Erkek,İstanbul,Cinsel,Temmuz,YAZ,MARMARA
9974,2012-07-14,Erkek,Malatya,Cinsel,Temmuz,YAZ,DOĞU ANADOLU
9975,2012-07-14,Erkek,Van,Zayıflama,Temmuz,YAZ,DOĞU ANADOLU
9976,2012-07-14,Erkek,İstanbul,Bakım,Temmuz,YAZ,MARMARA
9977,2012-07-14,Erkek,Adana,Sağlık,Temmuz,YAZ,AKDENİZ
9978,2012-07-14,Bayan,Bolu,Zayıflama,Temmuz,YAZ,KARADENİZ
9979,2012-07-14,Erkek,Van,Ağrılar,Temmuz,YAZ,DOĞU ANADOLU
9980,2012-07-14,Erkek,İstanbul,Zayıflama,Temmuz,YAZ,MARMARA
9981,2012-07-14,Erkek,İstanbul,Cinsel,Temmuz,YAZ,MARMARA
9982,2012-07-14,Erkek,Zonguldak,Cinsel,Temmuz,YAZ,KARADENİZ
9983,2012-07-14,Bayan,Karaman,Cinsel,Temmuz,YAZ,İÇ ANADOLU
9984,2012-07-14,Bayan,İstanbul,Zayıflama,Temmuz,YAZ,MARMARA
9985,2012-07-14,Erkek,İstanbul,Cinsel,Temmuz,YAZ,MARMARA
9986,2012-07-14,Bayan,Ankara,Saç,Temmuz,YAZ,İÇ ANADOLU
9987,2012-07-14,Erkek,İstanbul,Cinsel,Temmuz,YAZ,MARMARA
9988,2012-07-14,Bayan,Denizli,Zayıflama,Temmuz,YAZ,EGE
9989,2012-07-16,Erkek,Balıkesir,Bakım,Temmuz,YAZ,MARMARA
9990,2012-07-16,Bayan,Şanlıurfa,Cinsel,Temmuz,YAZ,GÜNEYDOĞU
9991,2012-07-16,Bayan,İstanbul,Zayıflama,Temmuz,YAZ,MARMARA
9992,2012-07-16,Erkek,Kütahya,Cinsel,Temmuz,YAZ,EGE
9993,2012-07-16,Erkek,Adana,Cinsel,Temmuz,YAZ,AKDENİZ
9994,2012-07-16,Erkek,Mersin,Zayıflama,Temmuz,YAZ,AKDENİZ
9995,2012-07-16,Erkek,İstanbul,Bakım,Temmuz,YAZ,MARMARA
9996,2012-07-16,Erkek,İstanbul,Cinsel,Temmuz,YAZ,MARMARA
9997,2012-07-16,Bayan,Kars,Cinsel,Temmuz,YAZ,DOĞU ANADOLU
9998,2012-07-16,Erkek,Çanakkale,Zayıflama,Temmuz,YAZ,MARMARA
9999,2012-07-16,Bayan,Ankara,Güzellik,Temmuz,YAZ,İÇ ANADOLU
10000,2012-07-16,Bayan,Burdur,Zayıflama,Temmuz,YAZ,AKDENİZ
10001,2012-07-16,Erkek,Kocaeli,Bakım,Temmuz,YAZ,MARMARA
10002,2012-07-16,Erkek,İstanbul,Güzellik,Temmuz,YAZ,MARMARA
10003,2012-07-16,Bayan,Amasya,Sağlık,Temmuz,YAZ,KARADENİZ
10004,2012-07-16,Bayan,Ankara,Zayıflama,Temmuz,YAZ,İÇ ANADOLU
10005,2012-07-16,Erkek,Ankara,Zayıflama,Temmuz,YAZ,İÇ ANADOLU
10006,2012-07-16,Erkek,İstanbul,Cinsel,Temmuz,YAZ,MARMARA
10007,2012-07-16,Bayan,Kocaeli,Güzellik,Temmuz,YAZ,MARMARA
10008,2012-07-16,Erkek,İstanbul,Cinsel,Temmuz,YAZ,MARMARA
10009,2012-07-16,Bayan,Karaman,Zayıflama,Temmuz,YAZ,İÇ ANADOLU
10010,2012-07-16,Erkek,Kırşehir,Bakım,Temmuz,YAZ,İÇ ANADOLU
10011,2012-07-16,Erkek,İstanbul,Cinsel,Temmuz,YAZ,MARMARA
10012,2012-07-16,Erkek,İstanbul,Zayıflama,Temmuz,YAZ,MARMARA
10013,2012-07-16,Bayan,Ankara,Zayıflama,Temmuz,YAZ,İÇ ANADOLU
10014,2012-07-16,Erkek,İstanbul,Cinsel,Temmuz,YAZ,MARMARA
10015,2012-07-16,Erkek,İstanbul,Cinsel,Temmuz,YAZ,MARMARA
10016,2012-07-16,Erkek,Ankara,Cinsel,Temmuz,YAZ,İÇ ANADOLU
10017,2012-07-16,Erkek,Aydın,Zayıflama,Temmuz,YAZ,EGE
10018,2012-07-16,Bayan,Karabük,Bakım,Temmuz,YAZ,KARADENİZ
10019,2012-07-16,Bayan,Adana,Zayıflama,Temmuz,YAZ,AKDENİZ
10020,2012-07-16,Erkek,Antalya,Zayıflama,Temmuz,YAZ,AKDENİZ
10021,2012-07-16,Bayan,Antalya,Güzellik,Temmuz,YAZ,AKDENİZ
10022,2012-07-16,Erkek,Van,Bakım,Temmuz,YAZ,DOĞU ANADOLU
10023,2012-07-17,Erkek,Mardin,Zayıflama,Temmuz,YAZ,GÜNEYDOĞU
10024,2012-07-17,Bayan,İzmir,Zayıflama,Temmuz,YAZ,EGE
10025,2012-07-17,Erkek,Eskişehir,Bakım,Temmuz,YAZ,İÇ ANADOLU
10026,2012-07-17,Erkek,Ankara,Bakım,Temmuz,YAZ,İÇ ANADOLU
10027,2012-07-17,Bayan,Ankara,Zayıflama,Temmuz,YAZ,İÇ ANADOLU
10028,2012-07-17,Erkek,Antalya,Cinsel,Temmuz,YAZ,AKDENİZ
10029,2012-07-17,Erkek,Manisa,Zayıflama,Temmuz,YAZ,EGE
10030,2012-07-17,Erkek,Kastamonu,Sağlık,Temmuz,YAZ,KARADENİZ
10031,2012-07-17,Bayan,İstanbul,DİĞER,Temmuz,YAZ,MARMARA
10032,2012-07-17,Bayan,Balıkesir,Zayıflama,Temmuz,YAZ,MARMARA
10033,2012-07-17,Erkek,Erzurum,Bakım,Temmuz,YAZ,DOĞU ANADOLU
10034,2012-07-17,Bayan,İstanbul,Zayıflama,Temmuz,YAZ,MARMARA
10035,2012-07-17,Erkek,İstanbul,Zayıflama,Temmuz,YAZ,MARMARA
10036,2012-07-17,Bayan,Antalya,Zayıflama,Temmuz,YAZ,AKDENİZ
10037,2012-07-17,Erkek,İstanbul,Cinsel,Temmuz,YAZ,MARMARA
10038,2012-07-17,Bayan,Ağrı,Güzellik,Temmuz,YAZ,DOĞU ANADOLU
10039,2012-07-17,Bayan,Denizli,Zayıflama,Temmuz,YAZ,EGE
10040,2012-07-17,Bayan,Mersin,Zayıflama,Temmuz,YAZ,AKDENİZ
10041,2012-07-17,Bayan,Hatay,Zayıflama,Temmuz,YAZ,AKDENİZ
10042,2012-07-17,Bayan,İstanbul,DİĞER,Temmuz,YAZ,MARMARA
10043,2012-07-17,Bayan,İstanbul,Zayıflama,Temmuz,YAZ,MARMARA
10044,2012-07-17,Erkek,Denizli,Cinsel,Temmuz,YAZ,EGE
10045,2012-07-17,Erkek,Ankara,Zayıflama,Temmuz,YAZ,İÇ ANADOLU
10046,2012-07-18,Bayan,İstanbul,Zayıflama,Temmuz,YAZ,MARMARA
10047,2012-07-18,Erkek,Karaman,Bakım,Temmuz,YAZ,İÇ ANADOLU
10048,2012-07-18,Bayan,İstanbul,Zayıflama,Temmuz,YAZ,MARMARA
10049,2012-07-18,Erkek,İstanbul,Cinsel,Temmuz,YAZ,MARMARA
10050,2012-07-18,Erkek,Aydın,Zayıflama,Temmuz,YAZ,EGE
10051,2012-07-18,Erkek,İstanbul,Bakım,Temmuz,YAZ,MARMARA
10052,2012-07-18,Erkek,Uşak,Cinsel,Temmuz,YAZ,EGE
10053,2012-07-18,Bayan,İstanbul,Zayıflama,Temmuz,YAZ,MARMARA
10054,2012-07-18,Erkek,İstanbul,Zayıflama,Temmuz,YAZ,MARMARA
10055,2012-07-18,Erkek,Zonguldak,Zayıflama,Temmuz,YAZ,KARADENİZ
10056,2012-07-18,Bayan,İstanbul,Güzellik,Temmuz,YAZ,MARMARA
10057,2012-07-18,Erkek,Diyarbakır,Sağlık,Temmuz,YAZ,GÜNEYDOĞU
10058,2012-07-18,Erkek,İstanbul,Cinsel,Temmuz,YAZ,MARMARA
10059,2012-07-18,Bayan,Aydın,Bakım,Temmuz,YAZ,EGE
10060,2012-07-18,Erkek,Ankara,Bakım,Temmuz,YAZ,İÇ ANADOLU
10061,2012-07-18,Erkek,Muş,Zayıflama,Temmuz,YAZ,DOĞU ANADOLU
10062,2012-07-18,Erkek,İzmir,Cinsel,Temmuz,YAZ,EGE
10063,2012-07-18,Erkek,İzmir,Cinsel,Temmuz,YAZ,EGE
10064,2012-07-19,Erkek,Ankara,Ağrılar,Temmuz,YAZ,İÇ ANADOLU
10065,2012-07-19,Erkek,Konya,Zayıflama,Temmuz,YAZ,İÇ ANADOLU
10066,2012-07-19,Erkek,İstanbul,Cinsel,Temmuz,YAZ,MARMARA
10067,2012-07-19,Erkek,İstanbul,Bakım,Temmuz,YAZ,MARMARA
10068,2012-07-19,Erkek,Sivas,Zayıflama,Temmuz,YAZ,İÇ ANADOLU
10069,2012-07-19,Erkek,Zonguldak,Cinsel,Temmuz,YAZ,KARADENİZ
10070,2012-07-19,Erkek,İstanbul,Zayıflama,Temmuz,YAZ,MARMARA
10071,2012-07-19,Bayan,Şanlıurfa,Güzellik,Temmuz,YAZ,GÜNEYDOĞU
10072,2012-07-19,Bayan,Ankara,Zayıflama,Temmuz,YAZ,İÇ ANADOLU
10073,2012-07-19,Erkek,Rize,Zayıflama,Temmuz,YAZ,KARADENİZ
10074,2012-07-19,Bayan,Bursa,DİĞER,Temmuz,YAZ,MARMARA
10075,2012-07-19,Erkek,Manisa,Bakım,Temmuz,YAZ,EGE
10076,2012-07-19,Bayan,Adana,Zayıflama,Temmuz,YAZ,AKDENİZ
10077,2012-07-19,Bayan,Antalya,Zayıflama,Temmuz,YAZ,AKDENİZ
10078,2012-04-21,Erkek,İzmir,Bakım,Nisan,İLKBAHAR,EGE
10079,2012-04-21,Erkek,Düzce,Bakım,Nisan,İLKBAHAR,KARADENİZ
10080,2012-04-21,Erkek,Kütahya,Cinsel,Nisan,İLKBAHAR,EGE
10081,2012-04-21,Erkek,Samsun,Cinsel,Nisan,İLKBAHAR,KARADENİZ
10082,2012-04-21,Erkek,Adana,DİĞER,Nisan,İLKBAHAR,AKDENİZ
10083,2012-04-21,Erkek,Ankara,Zayıflama,Nisan,İLKBAHAR,İÇ ANADOLU
10084,2012-04-21,Bayan,Mersin,Zayıflama,Nisan,İLKBAHAR,AKDENİZ
10085,2012-04-21,Bayan,Bursa,DİĞER,Nisan,İLKBAHAR,MARMARA
10086,2012-04-21,Bayan,Manisa,Bakım,Nisan,İLKBAHAR,EGE
10087,2012-04-21,Bayan,Sivas,Zayıflama,Nisan,İLKBAHAR,İÇ ANADOLU
10088,2012-04-21,Bayan,Samsun,Zayıflama,Nisan,İLKBAHAR,KARADENİZ
10089,2012-04-21,Erkek,Muğla,DİĞER,Nisan,İLKBAHAR,EGE
10090,2012-04-21,Erkek,İstanbul,Bakım,Nisan,İLKBAHAR,MARMARA
10091,2012-04-21,Bayan,Tekirdağ,Bakım,Nisan,İLKBAHAR,MARMARA
10092,2012-04-21,Bayan,İstanbul,Zayıflama,Nisan,İLKBAHAR,MARMARA
10093,2012-04-21,Erkek,Aydın,Zayıflama,Nisan,İLKBAHAR,EGE
10094,2012-04-24,Erkek,Ardahan,Bakım,Nisan,İLKBAHAR,DOĞU ANADOLU
10095,2012-04-24,Erkek,Eskişehir,Zayıflama,Nisan,İLKBAHAR,İÇ ANADOLU
10096,2012-04-24,Bayan,Ankara,Zayıflama,Nisan,İLKBAHAR,İÇ ANADOLU
10097,2012-04-24,Bayan,Antalya,Bakım,Nisan,İLKBAHAR,AKDENİZ
10098,2012-04-24,Bayan,İstanbul,Ağrılar,Nisan,İLKBAHAR,MARMARA
10099,2012-04-24,Erkek,Ordu,DİĞER,Nisan,İLKBAHAR,KARADENİZ
10100,2012-04-24,Erkek,İstanbul,Cinsel,Nisan,İLKBAHAR,MARMARA
10101,2012-04-24,Erkek,İstanbul,Ağrılar,Nisan,İLKBAHAR,MARMARA
10102,2012-04-24,Erkek,Bursa,Güzellik,Nisan,İLKBAHAR,MARMARA
10103,2012-04-24,Bayan,Tekirdağ,Bakım,Nisan,İLKBAHAR,MARMARA
10104,2012-04-24,Bayan,Bursa,Bakım,Nisan,İLKBAHAR,MARMARA
10105,2012-04-24,Bayan,Kocaeli,Zayıflama,Nisan,İLKBAHAR,MARMARA
10106,2012-04-24,Erkek,Zonguldak,Cinsel,Nisan,İLKBAHAR,KARADENİZ
10107,2012-04-24,Erkek,Afyon,Zayıflama,Nisan,İLKBAHAR,EGE
10108,2012-04-24,Bayan,Tekirdağ,Zayıflama,Nisan,İLKBAHAR,MARMARA
10109,2012-04-24,Erkek,İstanbul,Zayıflama,Nisan,İLKBAHAR,MARMARA
10110,2012-04-24,Erkek,Bursa,Bakım,Nisan,İLKBAHAR,MARMARA
10111,2012-04-24,Erkek,Niğde,Ağrılar,Nisan,İLKBAHAR,İÇ ANADOLU
10112,2012-04-24,Bayan,Rize,DİĞER,Nisan,İLKBAHAR,KARADENİZ
10113,2012-04-24,Bayan,Bursa,Bakım,Nisan,İLKBAHAR,MARMARA
10114,2012-04-24,Erkek,İstanbul,Zayıflama,Nisan,İLKBAHAR,MARMARA
10115,2012-04-24,Erkek,Adana,Bakım,Nisan,İLKBAHAR,AKDENİZ
10116,2012-04-24,Erkek,İstanbul,Zayıflama,Nisan,İLKBAHAR,MARMARA
10117,2012-04-24,Erkek,İstanbul,DİĞER,Nisan,İLKBAHAR,MARMARA
10118,2012-04-24,Bayan,Eskişehir,Bakım,Nisan,İLKBAHAR,İÇ ANADOLU
10119,2012-04-24,Erkek,İzmir,Saç,Nisan,İLKBAHAR,EGE
10120,2012-04-24,Bayan,Bursa,DİĞER,Nisan,İLKBAHAR,MARMARA
10121,2012-04-24,Bayan,Batman,Zayıflama,Nisan,İLKBAHAR,GÜNEYDOĞU
10122,2012-04-24,Erkek,İzmir,Bakım,Nisan,İLKBAHAR,EGE
10123,2012-04-24,Erkek,İzmir,Bakım,Nisan,İLKBAHAR,EGE
10124,2012-04-24,Erkek,İzmir,Cinsel,Nisan,İLKBAHAR,EGE
10125,2012-04-24,Erkek,İstanbul,Bakım,Nisan,İLKBAHAR,MARMARA
10126,2012-04-24,Bayan,İstanbul,Cinsel,Nisan,İLKBAHAR,MARMARA
10127,2012-04-24,Erkek,Balıkesir,Zayıflama,Nisan,İLKBAHAR,MARMARA
10128,2012-04-24,Erkek,Manisa,Bakım,Nisan,İLKBAHAR,EGE
10129,2012-04-24,Bayan,İstanbul,Zayıflama,Nisan,İLKBAHAR,MARMARA
10130,2012-04-24,Erkek,Konya,Cinsel,Nisan,İLKBAHAR,İÇ ANADOLU
10131,2012-04-24,Erkek,İzmir,Bakım,Nisan,İLKBAHAR,EGE
10132,2012-04-24,Erkek,Adana,Bakım,Nisan,İLKBAHAR,AKDENİZ
10133,2012-04-24,Erkek,Kocaeli,Cinsel,Nisan,İLKBAHAR,MARMARA
10134,2012-04-24,Bayan,İstanbul,Zayıflama,Nisan,İLKBAHAR,MARMARA
10135,2012-04-24,Bayan,Tekirdağ,Bakım,Nisan,İLKBAHAR,MARMARA
10136,2012-04-24,Erkek,Ankara,Zayıflama,Nisan,İLKBAHAR,İÇ ANADOLU
10137,2012-04-24,Erkek,Sivas,Sağlık,Nisan,İLKBAHAR,İÇ ANADOLU
10138,2012-04-24,Erkek,Konya,Bakım,Nisan,İLKBAHAR,İÇ ANADOLU
10139,2012-04-24,Erkek,İstanbul,Bakım,Nisan,İLKBAHAR,MARMARA
10140,2012-04-24,Bayan,Mersin,Zayıflama,Nisan,İLKBAHAR,AKDENİZ
10141,2012-04-24,Erkek,İstanbul,Zayıflama,Nisan,İLKBAHAR,MARMARA
10142,2012-04-24,Bayan,Manisa,Cinsel,Nisan,İLKBAHAR,EGE
10143,2012-04-24,Bayan,İstanbul,Zayıflama,Nisan,İLKBAHAR,MARMARA
10144,2012-04-24,Erkek,İstanbul,Cinsel,Nisan,İLKBAHAR,MARMARA
10145,2012-04-24,Erkek,Gaziantep,Bakım,Nisan,İLKBAHAR,GÜNEYDOĞU
10146,2012-04-24,Erkek,Kocaeli,Cinsel,Nisan,İLKBAHAR,MARMARA
10147,2012-04-24,Erkek,Ankara,Zayıflama,Nisan,İLKBAHAR,İÇ ANADOLU
10148,2012-04-24,Erkek,Muş,Bakım,Nisan,İLKBAHAR,DOĞU ANADOLU
10149,2012-04-24,Erkek,Şanlıurfa,Zayıflama,Nisan,İLKBAHAR,GÜNEYDOĞU
10150,2012-04-24,Erkek,İstanbul,Bakım,Nisan,İLKBAHAR,MARMARA
10151,2012-04-24,Erkek,İstanbul,Saç,Nisan,İLKBAHAR,MARMARA
10152,2012-04-24,Erkek,Malatya,Cinsel,Nisan,İLKBAHAR,DOĞU ANADOLU
10153,2012-04-24,Erkek,Ankara,Bakım,Nisan,İLKBAHAR,İÇ ANADOLU
10154,2012-04-24,Erkek,Adana,Bakım,Nisan,İLKBAHAR,AKDENİZ
10155,2012-04-24,Bayan,Samsun,Zayıflama,Nisan,İLKBAHAR,KARADENİZ
10156,2012-04-24,Erkek,Samsun,Cinsel,Nisan,İLKBAHAR,KARADENİZ
10157,2012-04-24,Bayan,Denizli,Zayıflama,Nisan,İLKBAHAR,EGE
10158,2012-04-24,Bayan,Gaziantep,Bakım,Nisan,İLKBAHAR,GÜNEYDOĞU
10159,2012-04-24,Erkek,Manisa,Zayıflama,Nisan,İLKBAHAR,EGE
10160,2012-04-24,Erkek,İstanbul,Cinsel,Nisan,İLKBAHAR,MARMARA
10161,2012-04-24,Erkek,Kocaeli,Cinsel,Nisan,İLKBAHAR,MARMARA
10162,2012-04-24,Bayan,Mersin,Zayıflama,Nisan,İLKBAHAR,AKDENİZ
10163,2012-04-24,Bayan,Muş,Zayıflama,Nisan,İLKBAHAR,DOĞU ANADOLU
10164,2012-04-24,Erkek,Diyarbakır,Zayıflama,Nisan,İLKBAHAR,GÜNEYDOĞU
10165,2012-04-24,Erkek,Aksaray,DİĞER,Nisan,İLKBAHAR,İÇ ANADOLU
10166,2012-04-24,Bayan,Tekirdağ,Güzellik,Nisan,İLKBAHAR,MARMARA
10167,2012-04-24,Erkek,Adıyaman,Bakım,Nisan,İLKBAHAR,GÜNEYDOĞU
10168,2012-04-24,Erkek,Eskişehir,Bakım,Nisan,İLKBAHAR,İÇ ANADOLU
10169,2012-04-24,Erkek,İstanbul,Cinsel,Nisan,İLKBAHAR,MARMARA
10170,2012-04-24,Erkek,Ankara,Bakım,Nisan,İLKBAHAR,İÇ ANADOLU
10171,2012-04-24,Bayan,Antalya,Zayıflama,Nisan,İLKBAHAR,AKDENİZ
10172,2012-04-24,Erkek,Kırıkkale,Cinsel,Nisan,İLKBAHAR,İÇ ANADOLU
10173,2012-04-24,Erkek,Ankara,Bakım,Nisan,İLKBAHAR,İÇ ANADOLU
10174,2012-04-25,Erkek,Denizli,Zayıflama,Nisan,İLKBAHAR,EGE
10175,2012-04-25,Erkek,Ankara,Bakım,Nisan,İLKBAHAR,İÇ ANADOLU
10176,2012-04-25,Erkek,Eskişehir,Zayıflama,Nisan,İLKBAHAR,İÇ ANADOLU
10177,2012-04-25,Bayan,Ankara,Zayıflama,Nisan,İLKBAHAR,İÇ ANADOLU
10178,2012-04-25,Bayan,Antalya,Bakım,Nisan,İLKBAHAR,AKDENİZ
10179,2012-04-25,Erkek,Balıkesir,Zayıflama,Nisan,İLKBAHAR,MARMARA
10180,2012-04-25,Bayan,İstanbul,Zayıflama,Nisan,İLKBAHAR,MARMARA
10181,2012-04-25,Bayan,İstanbul,Zayıflama,Nisan,İLKBAHAR,MARMARA
10182,2012-04-25,Erkek,Samsun,Cinsel,Nisan,İLKBAHAR,KARADENİZ
10183,2012-04-25,Erkek,Kırıkkale,Cinsel,Nisan,İLKBAHAR,İÇ ANADOLU
10184,2012-04-25,Erkek,Bursa,Bakım,Nisan,İLKBAHAR,MARMARA
10185,2012-04-25,Erkek,İstanbul,Zayıflama,Nisan,İLKBAHAR,MARMARA
10186,2012-04-25,Erkek,Tekirdağ,Bakım,Nisan,İLKBAHAR,MARMARA
10187,2012-04-25,Erkek,Bursa,Bakım,Nisan,İLKBAHAR,MARMARA
10188,2012-04-25,Bayan,İstanbul,Zayıflama,Nisan,İLKBAHAR,MARMARA
10189,2012-04-25,Erkek,Bursa,Bakım,Nisan,İLKBAHAR,MARMARA
10190,2012-04-25,Erkek,İstanbul,Bakım,Nisan,İLKBAHAR,MARMARA
10191,2012-04-25,Bayan,Sivas,Zayıflama,Nisan,İLKBAHAR,İÇ ANADOLU
10192,2012-04-25,Erkek,Ankara,DİĞER,Nisan,İLKBAHAR,İÇ ANADOLU
10193,2012-04-25,Bayan,İstanbul,Bakım,Nisan,İLKBAHAR,MARMARA
10194,2012-04-25,Erkek,Manisa,Bakım,Nisan,İLKBAHAR,EGE
10195,2012-04-25,Erkek,İstanbul,Zayıflama,Nisan,İLKBAHAR,MARMARA
10196,2012-04-25,Bayan,Ankara,Zayıflama,Nisan,İLKBAHAR,İÇ ANADOLU
10197,2012-04-25,Erkek,Rize,Zayıflama,Nisan,İLKBAHAR,KARADENİZ
10198,2012-04-25,Bayan,Sivas,Zayıflama,Nisan,İLKBAHAR,İÇ ANADOLU
10199,2012-04-25,Bayan,Balıkesir,Zayıflama,Nisan,İLKBAHAR,MARMARA
10200,2012-04-25,Bayan,İzmir,Zayıflama,Nisan,İLKBAHAR,EGE
10201,2012-04-25,Erkek,İstanbul,Cinsel,Nisan,İLKBAHAR,MARMARA
10202,2012-04-25,Erkek,Ordu,Cinsel,Nisan,İLKBAHAR,KARADENİZ
10203,2012-04-25,Erkek,Antalya,Zayıflama,Nisan,İLKBAHAR,AKDENİZ
10204,2012-04-25,Bayan,İstanbul,Zayıflama,Nisan,İLKBAHAR,MARMARA
10205,2012-04-25,Bayan,Bitlis,Güzellik,Nisan,İLKBAHAR,DOĞU ANADOLU
10206,2012-04-25,Bayan,Manisa,Zayıflama,Nisan,İLKBAHAR,EGE
10207,2012-04-25,Erkek,Adana,Cinsel,Nisan,İLKBAHAR,AKDENİZ
10208,2012-04-26,Erkek,Kars,Bakım,Nisan,İLKBAHAR,DOĞU ANADOLU
10209,2012-04-26,Erkek,Hakkari,Sağlık,Nisan,İLKBAHAR,DOĞU ANADOLU
10210,2012-04-26,Bayan,Tokat,Bakım,Nisan,İLKBAHAR,KARADENİZ
10211,2012-04-26,Bayan,Antalya,Bakım,Nisan,İLKBAHAR,AKDENİZ
10212,2012-04-26,Erkek,Antalya,Zayıflama,Nisan,İLKBAHAR,AKDENİZ
10213,2012-04-26,Erkek,Ankara,Zayıflama,Nisan,İLKBAHAR,İÇ ANADOLU
10214,2012-04-26,Erkek,Eskişehir,Bakım,Nisan,İLKBAHAR,İÇ ANADOLU
10215,2012-04-26,Erkek,Mersin,Zayıflama,Nisan,İLKBAHAR,AKDENİZ
10216,2012-04-26,Bayan,İstanbul,Zayıflama,Nisan,İLKBAHAR,MARMARA
10217,2012-04-26,Erkek,Ankara,Bakım,Nisan,İLKBAHAR,İÇ ANADOLU
10218,2012-04-26,Bayan,Adıyaman,Zayıflama,Nisan,İLKBAHAR,GÜNEYDOĞU
10219,2012-04-26,Bayan,Tekirdağ,Zayıflama,Nisan,İLKBAHAR,MARMARA
10220,2012-04-26,Bayan,Diyarbakır,Bakım,Nisan,İLKBAHAR,GÜNEYDOĞU
10221,2012-04-26,Erkek,Antalya,Zayıflama,Nisan,İLKBAHAR,AKDENİZ
10222,2012-04-26,Erkek,Denizli,Bakım,Nisan,İLKBAHAR,EGE
10223,2012-04-26,Erkek,Erzurum,Zayıflama,Nisan,İLKBAHAR,DOĞU ANADOLU
10224,2012-04-26,Bayan,İstanbul,Zayıflama,Nisan,İLKBAHAR,MARMARA
10225,2012-04-26,Erkek,Adana,Zayıflama,Nisan,İLKBAHAR,AKDENİZ
10226,2012-04-26,Erkek,Kayseri,DİĞER,Nisan,İLKBAHAR,İÇ ANADOLU
10227,2012-04-26,Erkek,Gaziantep,Zayıflama,Nisan,İLKBAHAR,GÜNEYDOĞU
10228,2012-04-26,Erkek,Denizli,Bakım,Nisan,İLKBAHAR,EGE
10229,2012-04-26,Erkek,İstanbul,DİĞER,Nisan,İLKBAHAR,MARMARA
10230,2012-04-26,Bayan,İstanbul,Zayıflama,Nisan,İLKBAHAR,MARMARA
10231,2012-04-26,Bayan,Tekirdağ,Zayıflama,Nisan,İLKBAHAR,MARMARA
10232,2012-04-26,Erkek,İstanbul,Bakım,Nisan,İLKBAHAR,MARMARA
10233,2012-04-26,Bayan,Gaziantep,Zayıflama,Nisan,İLKBAHAR,GÜNEYDOĞU
10234,2012-04-26,Bayan,Ankara,Zayıflama,Nisan,İLKBAHAR,İÇ ANADOLU
10235,2012-04-26,Erkek,Bingöl,Cinsel,Nisan,İLKBAHAR,DOĞU ANADOLU
10236,2012-04-27,Erkek,Elazığ,Cinsel,Nisan,İLKBAHAR,DOĞU ANADOLU
10237,2012-04-27,Bayan,Ankara,Zayıflama,Nisan,İLKBAHAR,İÇ ANADOLU
10238,2012-04-27,Erkek,Yozgat,Zayıflama,Nisan,İLKBAHAR,İÇ ANADOLU
10239,2012-04-27,Erkek,Hatay,Zayıflama,Nisan,İLKBAHAR,AKDENİZ
10240,2012-04-27,Erkek,Sivas,Bakım,Nisan,İLKBAHAR,İÇ ANADOLU
10241,2012-04-27,Bayan,Burdur,Zayıflama,Nisan,İLKBAHAR,AKDENİZ
10242,2012-04-27,Bayan,Çanakkale,Zayıflama,Nisan,İLKBAHAR,MARMARA
10243,2012-04-27,Erkek,Kars,Zayıflama,Nisan,İLKBAHAR,DOĞU ANADOLU
10244,2012-04-27,Bayan,Kocaeli,Bakım,Nisan,İLKBAHAR,MARMARA
10245,2012-04-27,Bayan,İzmir,Zayıflama,Nisan,İLKBAHAR,EGE
10246,2012-04-27,Erkek,Aksaray,Cinsel,Nisan,İLKBAHAR,İÇ ANADOLU
10247,2012-04-27,Bayan,İstanbul,Zayıflama,Nisan,İLKBAHAR,MARMARA
10248,2012-04-27,Erkek,Konya,Zayıflama,Nisan,İLKBAHAR,İÇ ANADOLU
10249,2012-04-27,Bayan,Ankara,Güzellik,Nisan,İLKBAHAR,İÇ ANADOLU
10250,2012-04-27,Erkek,Artvin,Zayıflama,Nisan,İLKBAHAR,KARADENİZ
10251,2012-04-27,Erkek,İstanbul,Cinsel,Nisan,İLKBAHAR,MARMARA
10252,2012-04-27,Erkek,İstanbul,Cinsel,Nisan,İLKBAHAR,MARMARA
10253,2012-04-27,Bayan,Antalya,Zayıflama,Nisan,İLKBAHAR,AKDENİZ
10254,2012-04-27,Erkek,İstanbul,Güzellik,Nisan,İLKBAHAR,MARMARA
10255,2012-04-27,Erkek,Ankara,Zayıflama,Nisan,İLKBAHAR,İÇ ANADOLU
10256,2012-04-27,Bayan,İstanbul,Saç,Nisan,İLKBAHAR,MARMARA
10257,2012-04-27,Erkek,Tokat,DİĞER,Nisan,İLKBAHAR,KARADENİZ
10258,2012-04-27,Erkek,İstanbul,Saç,Nisan,İLKBAHAR,MARMARA
10259,2012-04-28,Erkek,İstanbul,Cinsel,Nisan,İLKBAHAR,MARMARA
10260,2012-04-28,Erkek,Adana,Saç,Nisan,İLKBAHAR,AKDENİZ
10261,2012-04-28,Erkek,Afyon,Bakım,Nisan,İLKBAHAR,EGE
10262,2012-04-28,Bayan,İstanbul,Zayıflama,Nisan,İLKBAHAR,MARMARA
10263,2012-04-28,Bayan,İzmir,Zayıflama,Nisan,İLKBAHAR,EGE
10264,2012-04-28,Bayan,İzmir,Cinsel,Nisan,İLKBAHAR,EGE
10265,2012-04-28,Bayan,Ankara,Bakım,Nisan,İLKBAHAR,İÇ ANADOLU
10266,2012-04-28,Erkek,İzmir,Bakım,Nisan,İLKBAHAR,EGE
10267,2012-04-28,Erkek,İstanbul,Ağrılar,Nisan,İLKBAHAR,MARMARA
10268,2012-04-28,Erkek,Zonguldak,DİĞER,Nisan,İLKBAHAR,KARADENİZ
10269,2012-04-28,Bayan,Konya,Bakım,Nisan,İLKBAHAR,İÇ ANADOLU
10270,2012-04-28,Bayan,Ankara,Zayıflama,Nisan,İLKBAHAR,İÇ ANADOLU
10271,2012-04-28,Bayan,İzmir,Bakım,Nisan,İLKBAHAR,EGE
10272,2012-04-28,Erkek,İstanbul,Bakım,Nisan,İLKBAHAR,MARMARA
10273,2012-04-28,Bayan,Zonguldak,Zayıflama,Nisan,İLKBAHAR,KARADENİZ
10274,2012-04-30,Erkek,Afyon,Bakım,Nisan,İLKBAHAR,EGE
10275,2012-04-30,Bayan,Eskişehir,Bakım,Nisan,İLKBAHAR,İÇ ANADOLU
10276,2012-04-30,Erkek,İstanbul,DİĞER,Nisan,İLKBAHAR,MARMARA
10277,2012-04-30,Bayan,İstanbul,Cinsel,Nisan,İLKBAHAR,MARMARA
10278,2012-04-30,Erkek,Çanakkale,Güzellik,Nisan,İLKBAHAR,MARMARA
10279,2012-04-30,Erkek,Kocaeli,Bakım,Nisan,İLKBAHAR,MARMARA
10280,2012-04-30,Bayan,Elazığ,Zayıflama,Nisan,İLKBAHAR,DOĞU ANADOLU
10281,2012-04-30,Erkek,Kocaeli,Cinsel,Nisan,İLKBAHAR,MARMARA
10282,2012-04-30,Erkek,Aksaray,Zayıflama,Nisan,İLKBAHAR,İÇ ANADOLU
10283,2012-04-30,Bayan,Ankara,Bakım,Nisan,İLKBAHAR,İÇ ANADOLU
10284,2012-04-30,Erkek,Denizli,Zayıflama,Nisan,İLKBAHAR,EGE
10285,2012-04-30,Erkek,İstanbul,Zayıflama,Nisan,İLKBAHAR,MARMARA
10286,2012-04-30,Erkek,Mersin,Bakım,Nisan,İLKBAHAR,AKDENİZ
10287,2012-04-30,Erkek,Zonguldak,Cinsel,Nisan,İLKBAHAR,KARADENİZ
10288,2012-04-30,Erkek,İstanbul,Zayıflama,Nisan,İLKBAHAR,MARMARA
10289,2012-04-30,Bayan,Bursa,Bakım,Nisan,İLKBAHAR,MARMARA
10290,2012-04-30,Bayan,Samsun,Zayıflama,Nisan,İLKBAHAR,KARADENİZ
10291,2012-04-30,Erkek,Mersin,Bakım,Nisan,İLKBAHAR,AKDENİZ
10292,2012-04-30,Bayan,İzmir,Zayıflama,Nisan,İLKBAHAR,EGE
10293,2012-04-30,Erkek,Konya,Zayıflama,Nisan,İLKBAHAR,İÇ ANADOLU
10294,2012-04-30,Erkek,İstanbul,Bakım,Nisan,İLKBAHAR,MARMARA
10295,2012-04-30,Erkek,Balıkesir,Bakım,Nisan,İLKBAHAR,MARMARA
10296,2012-04-30,Bayan,İstanbul,Zayıflama,Nisan,İLKBAHAR,MARMARA
10297,2012-04-30,Erkek,Siirt,Cinsel,Nisan,İLKBAHAR,GÜNEYDOĞU
10298,2012-04-30,Bayan,Manisa,Zayıflama,Nisan,İLKBAHAR,EGE
10299,2012-04-30,Bayan,İstanbul,Güzellik,Nisan,İLKBAHAR,MARMARA
10300,2012-04-30,Erkek,Kars,Zayıflama,Nisan,İLKBAHAR,DOĞU ANADOLU
10301,2012-04-30,Bayan,İstanbul,Zayıflama,Nisan,İLKBAHAR,MARMARA
10302,2012-04-30,Erkek,Mersin,Zayıflama,Nisan,İLKBAHAR,AKDENİZ
10303,2012-04-30,Bayan,İstanbul,Zayıflama,Nisan,İLKBAHAR,MARMARA
10304,2012-04-30,Erkek,İstanbul,Zayıflama,Nisan,İLKBAHAR,MARMARA
10305,2012-04-30,Erkek,İstanbul,Cinsel,Nisan,İLKBAHAR,MARMARA
10306,2012-04-30,Erkek,İstanbul,Zayıflama,Nisan,İLKBAHAR,MARMARA
10307,2012-04-30,Bayan,Gaziantep,Zayıflama,Nisan,İLKBAHAR,GÜNEYDOĞU
10308,2012-04-30,Erkek,İstanbul,Cinsel,Nisan,İLKBAHAR,MARMARA
10309,2012-04-30,Erkek,Van,Zayıflama,Nisan,İLKBAHAR,DOĞU ANADOLU
10310,2012-04-30,Bayan,İzmir,Zayıflama,Nisan,İLKBAHAR,EGE
10311,2012-04-30,Bayan,İzmir,Zayıflama,Nisan,İLKBAHAR,EGE
10312,2012-04-30,Bayan,İzmir,Zayıflama,Nisan,İLKBAHAR,EGE
10313,2012-04-30,Bayan,Bursa,Zayıflama,Nisan,İLKBAHAR,MARMARA
10314,2012-04-30,Bayan,İstanbul,Zayıflama,Nisan,İLKBAHAR,MARMARA
10315,2012-04-30,Erkek,İzmir,Zayıflama,Nisan,İLKBAHAR,EGE
10316,2012-04-30,Erkek,İstanbul,DİĞER,Nisan,İLKBAHAR,MARMARA
10317,2012-04-30,Erkek,İstanbul,Bakım,Nisan,İLKBAHAR,MARMARA
10318,2012-04-30,Erkek,Eskişehir,Bakım,Nisan,İLKBAHAR,İÇ ANADOLU
10319,2012-04-30,Erkek,Ankara,Zayıflama,Nisan,İLKBAHAR,İÇ ANADOLU
10320,2012-04-30,Bayan,İzmir,Zayıflama,Nisan,İLKBAHAR,EGE
10321,2012-04-30,Bayan,Çanakkale,Zayıflama,Nisan,İLKBAHAR,MARMARA
10322,2012-04-30,Bayan,İstanbul,Zayıflama,Nisan,İLKBAHAR,MARMARA
10323,2012-04-30,Erkek,Ankara,Bakım,Nisan,İLKBAHAR,İÇ ANADOLU
10324,2012-05-02,Erkek,Adana,Bakım,Mayıs,İLKBAHAR,AKDENİZ
10325,2012-05-02,Erkek,İstanbul,Güzellik,Mayıs,İLKBAHAR,MARMARA
10326,2012-05-02,Erkek,Diyarbakır,Zayıflama,Mayıs,İLKBAHAR,GÜNEYDOĞU
10327,2012-05-02,Bayan,Bursa,Zayıflama,Mayıs,İLKBAHAR,MARMARA
10328,2012-05-02,Bayan,Mersin,Zayıflama,Mayıs,İLKBAHAR,AKDENİZ
10329,2012-05-02,Erkek,Giresun,Zayıflama,Mayıs,İLKBAHAR,KARADENİZ
10330,2012-05-02,Bayan,Hakkari,Zayıflama,Mayıs,İLKBAHAR,DOĞU ANADOLU
10331,2012-05-02,Erkek,Adana,Zayıflama,Mayıs,İLKBAHAR,AKDENİZ
10332,2012-05-02,Bayan,Ordu,Zayıflama,Mayıs,İLKBAHAR,KARADENİZ
10333,2012-05-02,Erkek,İstanbul,DİĞER,Mayıs,İLKBAHAR,MARMARA
10334,2012-05-02,Erkek,Bursa,DİĞER,Mayıs,İLKBAHAR,MARMARA
10335,2012-05-02,Bayan,Ankara,Bakım,Mayıs,İLKBAHAR,İÇ ANADOLU
10336,2012-05-02,Bayan,Kocaeli,Zayıflama,Mayıs,İLKBAHAR,MARMARA
10337,2012-05-02,Bayan,Yozgat,Zayıflama,Mayıs,İLKBAHAR,İÇ ANADOLU
10338,2012-05-02,Erkek,Manisa,Bakım,Mayıs,İLKBAHAR,EGE
10339,2012-05-02,Erkek,Mersin,Cinsel,Mayıs,İLKBAHAR,AKDENİZ
10340,2012-05-02,Erkek,Manisa,Bakım,Mayıs,İLKBAHAR,EGE
10341,2012-05-02,Bayan,İstanbul,Zayıflama,Mayıs,İLKBAHAR,MARMARA
10342,2012-05-02,Erkek,Ankara,Zayıflama,Mayıs,İLKBAHAR,İÇ ANADOLU
10343,2012-05-02,Erkek,Erzincan,Bakım,Mayıs,İLKBAHAR,DOĞU ANADOLU
10344,2012-05-02,Erkek,Gaziantep,Cinsel,Mayıs,İLKBAHAR,GÜNEYDOĞU
10345,2012-05-02,Erkek,Gaziantep,Saç,Mayıs,İLKBAHAR,GÜNEYDOĞU
10346,2012-05-02,Erkek,İstanbul,Bakım,Mayıs,İLKBAHAR,MARMARA
10347,2012-05-02,Bayan,Kocaeli,Zayıflama,Mayıs,İLKBAHAR,MARMARA
10348,2012-05-02,Bayan,İstanbul,Zayıflama,Mayıs,İLKBAHAR,MARMARA
10349,2012-05-02,Bayan,Gaziantep,Bakım,Mayıs,İLKBAHAR,GÜNEYDOĞU
10350,2012-05-02,Bayan,İzmir,Zayıflama,Mayıs,İLKBAHAR,EGE
10351,2012-05-02,Erkek,İstanbul,Zayıflama,Mayıs,İLKBAHAR,MARMARA
10352,2012-05-02,Erkek,Ankara,Zayıflama,Mayıs,İLKBAHAR,İÇ ANADOLU
10353,2012-05-02,Erkek,Şanlıurfa,Zayıflama,Mayıs,İLKBAHAR,GÜNEYDOĞU
10354,2012-05-02,Bayan,İstanbul,Bakım,Mayıs,İLKBAHAR,MARMARA
10355,2012-05-02,Bayan,İstanbul,Zayıflama,Mayıs,İLKBAHAR,MARMARA
10356,2012-05-02,Erkek,İstanbul,Zayıflama,Mayıs,İLKBAHAR,MARMARA
10357,2012-05-02,Bayan,Ankara,Zayıflama,Mayıs,İLKBAHAR,İÇ ANADOLU
10358,2012-05-02,Bayan,İstanbul,Saç,Mayıs,İLKBAHAR,MARMARA
10359,2012-05-02,Erkek,İzmir,Zayıflama,Mayıs,İLKBAHAR,EGE
10360,2012-05-02,Erkek,Şırnak,DİĞER,Mayıs,İLKBAHAR,DOĞU ANADOLU
10361,2012-05-02,Erkek,Bursa,Bakım,Mayıs,İLKBAHAR,MARMARA
10362,2012-05-02,Erkek,Kars,Güzellik,Mayıs,İLKBAHAR,DOĞU ANADOLU
10363,2012-05-02,Erkek,Samsun,Cinsel,Mayıs,İLKBAHAR,KARADENİZ
10364,2012-05-02,Erkek,Ankara,Zayıflama,Mayıs,İLKBAHAR,İÇ ANADOLU
10365,2012-05-02,Bayan,Zonguldak,Bakım,Mayıs,İLKBAHAR,KARADENİZ
10366,2012-05-02,Bayan,Çorum,Bakım,Mayıs,İLKBAHAR,KARADENİZ
10367,2012-05-02,Erkek,Kayseri,Bakım,Mayıs,İLKBAHAR,İÇ ANADOLU
10368,2012-05-02,Bayan,İstanbul,Zayıflama,Mayıs,İLKBAHAR,MARMARA
10369,2012-05-02,Erkek,Ankara,Bakım,Mayıs,İLKBAHAR,İÇ ANADOLU
10370,2012-05-02,Erkek,Hatay,Bakım,Mayıs,İLKBAHAR,AKDENİZ
10371,2012-05-02,Erkek,Zonguldak,DİĞER,Mayıs,İLKBAHAR,KARADENİZ
10372,2012-05-02,Erkek,İstanbul,Sağlık,Mayıs,İLKBAHAR,MARMARA
10373,2012-05-02,Erkek,İstanbul,Cinsel,Mayıs,İLKBAHAR,MARMARA
10374,2012-05-02,Erkek,İzmir,DİĞER,Mayıs,İLKBAHAR,EGE
10375,2012-05-02,Erkek,Ankara,Cinsel,Mayıs,İLKBAHAR,İÇ ANADOLU
10376,2012-05-02,Erkek,İstanbul,Güzellik,Mayıs,İLKBAHAR,MARMARA
10377,2012-05-02,Bayan,Muğla,Zayıflama,Mayıs,İLKBAHAR,EGE
10378,2012-05-03,Bayan,İstanbul,Bakım,Mayıs,İLKBAHAR,MARMARA
10379,2012-05-03,Bayan,Kocaeli,Zayıflama,Mayıs,İLKBAHAR,MARMARA
10380,2012-05-03,Erkek,İzmir,DİĞER,Mayıs,İLKBAHAR,EGE
10381,2012-05-03,Erkek,Zonguldak,Ağrılar,Mayıs,İLKBAHAR,KARADENİZ
10382,2012-05-03,Erkek,İstanbul,Zayıflama,Mayıs,İLKBAHAR,MARMARA
10383,2012-05-03,Erkek,Sivas,Cinsel,Mayıs,İLKBAHAR,İÇ ANADOLU
10384,2012-05-03,Bayan,İstanbul,Zayıflama,Mayıs,İLKBAHAR,MARMARA
10385,2012-05-03,Bayan,Ankara,Zayıflama,Mayıs,İLKBAHAR,İÇ ANADOLU
10386,2012-05-03,Bayan,Kocaeli,Zayıflama,Mayıs,İLKBAHAR,MARMARA
10387,2012-05-03,Bayan,İstanbul,Zayıflama,Mayıs,İLKBAHAR,MARMARA
10388,2012-05-03,Bayan,Ankara,DİĞER,Mayıs,İLKBAHAR,İÇ ANADOLU
10389,2012-05-03,Erkek,Mersin,Bakım,Mayıs,İLKBAHAR,AKDENİZ
10390,2012-05-03,Erkek,İzmir,Zayıflama,Mayıs,İLKBAHAR,EGE
10391,2012-05-03,Erkek,Gaziantep,DİĞER,Mayıs,İLKBAHAR,GÜNEYDOĞU
10392,2012-05-03,Bayan,Kayseri,Bakım,Mayıs,İLKBAHAR,İÇ ANADOLU
10393,2012-05-03,Erkek,Ankara,Zayıflama,Mayıs,İLKBAHAR,İÇ ANADOLU
10394,2012-05-03,Bayan,Gaziantep,Zayıflama,Mayıs,İLKBAHAR,GÜNEYDOĞU
10395,2012-05-03,Erkek,İstanbul,Bakım,Mayıs,İLKBAHAR,MARMARA
10396,2012-05-03,Bayan,İstanbul,Bakım,Mayıs,İLKBAHAR,MARMARA
10397,2012-05-03,Erkek,Ankara,Zayıflama,Mayıs,İLKBAHAR,İÇ ANADOLU
10398,2012-05-03,Erkek,İzmir,Cinsel,Mayıs,İLKBAHAR,EGE
10399,2012-05-03,Erkek,Ankara,Bakım,Mayıs,İLKBAHAR,İÇ ANADOLU
10400,2012-05-03,Bayan,İstanbul,Bakım,Mayıs,İLKBAHAR,MARMARA
10401,2012-05-03,Bayan,İstanbul,Bakım,Mayıs,İLKBAHAR,MARMARA
10402,2012-05-03,Erkek,Zonguldak,Bakım,Mayıs,İLKBAHAR,KARADENİZ
10403,2012-05-03,Erkek,Gümüşhane,Cinsel,Mayıs,İLKBAHAR,KARADENİZ
10404,2012-05-03,Erkek,Antalya,Zayıflama,Mayıs,İLKBAHAR,AKDENİZ
10405,2012-05-03,Bayan,Eskişehir,Zayıflama,Mayıs,İLKBAHAR,İÇ ANADOLU
10406,2012-05-03,Erkek,Ankara,Zayıflama,Mayıs,İLKBAHAR,İÇ ANADOLU
10407,2012-05-03,Erkek,İstanbul,Zayıflama,Mayıs,İLKBAHAR,MARMARA
10408,2012-05-03,Erkek,Balıkesir,Bakım,Mayıs,İLKBAHAR,MARMARA
10409,2012-05-03,Erkek,Ankara,Bakım,Mayıs,İLKBAHAR,İÇ ANADOLU
10410,2012-05-03,Erkek,İstanbul,Zayıflama,Mayıs,İLKBAHAR,MARMARA
10411,2012-05-03,Erkek,İstanbul,Bakım,Mayıs,İLKBAHAR,MARMARA
10412,2012-05-03,Bayan,Ankara,Zayıflama,Mayıs,İLKBAHAR,İÇ ANADOLU
10413,2012-05-03,Bayan,İstanbul,Zayıflama,Mayıs,İLKBAHAR,MARMARA
10414,2012-05-04,Erkek,İstanbul,Bakım,Mayıs,İLKBAHAR,MARMARA
10415,2012-05-04,Erkek,Gaziantep,Bakım,Mayıs,İLKBAHAR,GÜNEYDOĞU
10416,2012-05-04,Erkek,İstanbul,Bakım,Mayıs,İLKBAHAR,MARMARA
10417,2012-05-04,Erkek,Isparta,Cinsel,Mayıs,İLKBAHAR,AKDENİZ
10418,2012-05-04,Erkek,Kocaeli,Zayıflama,Mayıs,İLKBAHAR,MARMARA
10419,2012-05-04,Bayan,Ankara,Zayıflama,Mayıs,İLKBAHAR,İÇ ANADOLU
10420,2012-05-04,Bayan,İstanbul,Güzellik,Mayıs,İLKBAHAR,MARMARA
10421,2012-05-04,Erkek,İzmir,Bakım,Mayıs,İLKBAHAR,EGE
10422,2012-05-04,Erkek,Antalya,Zayıflama,Mayıs,İLKBAHAR,AKDENİZ
10423,2012-05-04,Erkek,Denizli,Zayıflama,Mayıs,İLKBAHAR,EGE
10424,2012-05-04,Bayan,Mersin,Zayıflama,Mayıs,İLKBAHAR,AKDENİZ
10425,2012-05-04,Erkek,İstanbul,Zayıflama,Mayıs,İLKBAHAR,MARMARA
10426,2012-05-04,Bayan,İzmir,Saç,Mayıs,İLKBAHAR,EGE
10427,2012-05-04,Erkek,İstanbul,Bakım,Mayıs,İLKBAHAR,MARMARA
10428,2012-05-04,Erkek,Rize,Bakım,Mayıs,İLKBAHAR,KARADENİZ
10429,2012-05-04,Bayan,Adana,Zayıflama,Mayıs,İLKBAHAR,AKDENİZ
10430,2012-05-04,Erkek,Aydın,Bakım,Mayıs,İLKBAHAR,EGE
10431,2012-05-04,Bayan,İstanbul,Zayıflama,Mayıs,İLKBAHAR,MARMARA
10432,2012-05-04,Bayan,Ankara,Zayıflama,Mayıs,İLKBAHAR,İÇ ANADOLU
10433,2012-05-04,Bayan,Diyarbakır,Zayıflama,Mayıs,İLKBAHAR,GÜNEYDOĞU
10434,2012-05-04,Erkek,Yozgat,Bakım,Mayıs,İLKBAHAR,İÇ ANADOLU
10435,2012-05-04,Erkek,İstanbul,Zayıflama,Mayıs,İLKBAHAR,MARMARA
10436,2012-05-04,Erkek,İstanbul,Cinsel,Mayıs,İLKBAHAR,MARMARA
10437,2012-05-04,Erkek,Bursa,Bakım,Mayıs,İLKBAHAR,MARMARA
10438,2012-05-04,Bayan,İstanbul,Zayıflama,Mayıs,İLKBAHAR,MARMARA
10439,2012-05-05,Bayan,Antalya,DİĞER,Mayıs,İLKBAHAR,AKDENİZ
10440,2012-05-05,Erkek,Bursa,Cinsel,Mayıs,İLKBAHAR,MARMARA
10441,2012-05-05,Bayan,İstanbul,Zayıflama,Mayıs,İLKBAHAR,MARMARA
10442,2012-05-05,Erkek,Çorum,Bakım,Mayıs,İLKBAHAR,KARADENİZ
10443,2012-05-05,Erkek,Ankara,Zayıflama,Mayıs,İLKBAHAR,İÇ ANADOLU
10444,2012-05-05,Erkek,Zonguldak,Bakım,Mayıs,İLKBAHAR,KARADENİZ
10445,2012-05-05,Erkek,Adana,Zayıflama,Mayıs,İLKBAHAR,AKDENİZ
10446,2012-05-05,Erkek,İzmir,Saç,Mayıs,İLKBAHAR,EGE
10447,2012-05-05,Bayan,Erzurum,Zayıflama,Mayıs,İLKBAHAR,DOĞU ANADOLU
10448,2012-05-05,Erkek,İstanbul,Bakım,Mayıs,İLKBAHAR,MARMARA
10449,2012-05-05,Erkek,Mersin,DİĞER,Mayıs,İLKBAHAR,AKDENİZ
10450,2012-05-05,Erkek,İstanbul,Zayıflama,Mayıs,İLKBAHAR,MARMARA
10451,2012-05-05,Bayan,Gaziantep,Bakım,Mayıs,İLKBAHAR,GÜNEYDOĞU
10452,2012-05-05,Erkek,Kars,Zayıflama,Mayıs,İLKBAHAR,DOĞU ANADOLU
10453,2012-05-05,Bayan,Gaziantep,Zayıflama,Mayıs,İLKBAHAR,GÜNEYDOĞU
10454,2012-05-05,Erkek,Kayseri,DİĞER,Mayıs,İLKBAHAR,İÇ ANADOLU
10455,2012-05-05,Erkek,İstanbul,Zayıflama,Mayıs,İLKBAHAR,MARMARA
10456,2012-05-05,Erkek,İstanbul,Zayıflama,Mayıs,İLKBAHAR,MARMARA
10457,2012-05-05,Erkek,İstanbul,Zayıflama,Mayıs,İLKBAHAR,MARMARA
10458,2012-05-05,Bayan,Bursa,Zayıflama,Mayıs,İLKBAHAR,MARMARA
10459,2012-05-07,Erkek,Diyarbakır,DİĞER,Mayıs,İLKBAHAR,GÜNEYDOĞU
10460,2012-05-07,Erkek,Ankara,DİĞER,Mayıs,İLKBAHAR,İÇ ANADOLU
10461,2012-05-07,Erkek,Ankara,Zayıflama,Mayıs,İLKBAHAR,İÇ ANADOLU
10462,2012-05-07,Bayan,Ankara,Zayıflama,Mayıs,İLKBAHAR,İÇ ANADOLU
10463,2012-05-07,Erkek,Ankara,Zayıflama,Mayıs,İLKBAHAR,İÇ ANADOLU
10464,2012-05-07,Bayan,Manisa,Saç,Mayıs,İLKBAHAR,EGE
10465,2012-05-07,Erkek,İstanbul,Bakım,Mayıs,İLKBAHAR,MARMARA
10466,2012-05-07,Bayan,Zonguldak,Bakım,Mayıs,İLKBAHAR,KARADENİZ
10467,2012-05-07,Erkek,Muş,Cinsel,Mayıs,İLKBAHAR,DOĞU ANADOLU
10468,2012-05-07,Erkek,İstanbul,Zayıflama,Mayıs,İLKBAHAR,MARMARA
10469,2012-05-07,Erkek,Konya,Ağrılar,Mayıs,İLKBAHAR,İÇ ANADOLU
10470,2012-05-07,Bayan,Çanakkale,Zayıflama,Mayıs,İLKBAHAR,MARMARA
10471,2012-05-07,Erkek,Sivas,Zayıflama,Mayıs,İLKBAHAR,İÇ ANADOLU
10472,2012-05-07,Bayan,İstanbul,DİĞER,Mayıs,İLKBAHAR,MARMARA
10473,2012-05-07,Erkek,Ankara,Zayıflama,Mayıs,İLKBAHAR,İÇ ANADOLU
10474,2012-05-07,Bayan,Antalya,Zayıflama,Mayıs,İLKBAHAR,AKDENİZ
10475,2012-05-07,Bayan,Bursa,Saç,Mayıs,İLKBAHAR,MARMARA
10476,2012-05-07,Bayan,Çorum,Saç,Mayıs,İLKBAHAR,KARADENİZ
10477,2012-05-07,Bayan,Muğla,Zayıflama,Mayıs,İLKBAHAR,EGE
10478,2012-05-07,Erkek,Bursa,Bakım,Mayıs,İLKBAHAR,MARMARA
10479,2012-05-07,Erkek,İstanbul,Zayıflama,Mayıs,İLKBAHAR,MARMARA
10480,2012-05-07,Erkek,İstanbul,Sağlık,Mayıs,İLKBAHAR,MARMARA
10481,2012-05-07,Erkek,Ankara,Zayıflama,Mayıs,İLKBAHAR,İÇ ANADOLU
10482,2012-05-07,Bayan,İstanbul,Zayıflama,Mayıs,İLKBAHAR,MARMARA
10483,2012-05-07,Erkek,İstanbul,Zayıflama,Mayıs,İLKBAHAR,MARMARA
10484,2012-05-07,Erkek,Ordu,DİĞER,Mayıs,İLKBAHAR,KARADENİZ
10485,2012-05-07,Bayan,Ankara,Zayıflama,Mayıs,İLKBAHAR,İÇ ANADOLU
10486,2012-05-07,Erkek,İzmir,Zayıflama,Mayıs,İLKBAHAR,EGE
10487,2012-05-07,Erkek,İstanbul,Zayıflama,Mayıs,İLKBAHAR,MARMARA
10488,2012-05-08,Erkek,Yozgat,Sağlık,Mayıs,İLKBAHAR,İÇ ANADOLU
10489,2012-05-08,Erkek,Konya,DİĞER,Mayıs,İLKBAHAR,İÇ ANADOLU
10490,2012-05-08,Bayan,Zonguldak,Zayıflama,Mayıs,İLKBAHAR,KARADENİZ
10491,2012-05-08,Bayan,Bursa,Zayıflama,Mayıs,İLKBAHAR,MARMARA
10492,2012-05-08,Erkek,İstanbul,Bakım,Mayıs,İLKBAHAR,MARMARA
10493,2012-05-08,Bayan,İstanbul,Zayıflama,Mayıs,İLKBAHAR,MARMARA
10494,2012-05-08,Bayan,İstanbul,Zayıflama,Mayıs,İLKBAHAR,MARMARA
10495,2012-05-08,Erkek,İstanbul,Cinsel,Mayıs,İLKBAHAR,MARMARA
10496,2012-05-08,Bayan,Muş,DİĞER,Mayıs,İLKBAHAR,DOĞU ANADOLU
10497,2012-05-08,Erkek,İstanbul,Zayıflama,Mayıs,İLKBAHAR,MARMARA
10498,2012-05-08,Bayan,Çanakkale,Zayıflama,Mayıs,İLKBAHAR,MARMARA
10499,2012-05-08,Erkek,Konya,DİĞER,Mayıs,İLKBAHAR,İÇ ANADOLU
10500,2012-05-08,Bayan,İstanbul,Zayıflama,Mayıs,İLKBAHAR,MARMARA
10501,2012-05-08,Erkek,Ankara,Saç,Mayıs,İLKBAHAR,İÇ ANADOLU
10502,2012-05-08,Erkek,Konya,DİĞER,Mayıs,İLKBAHAR,İÇ ANADOLU
10503,2012-05-08,Bayan,Ordu,Zayıflama,Mayıs,İLKBAHAR,KARADENİZ
10504,2012-05-08,Erkek,İstanbul,Güzellik,Mayıs,İLKBAHAR,MARMARA
10505,2012-05-08,Erkek,Adana,Saç,Mayıs,İLKBAHAR,AKDENİZ
10506,2012-05-08,Erkek,İzmir,Ağrılar,Mayıs,İLKBAHAR,EGE
10507,2012-05-08,Bayan,Ankara,Cinsel,Mayıs,İLKBAHAR,İÇ ANADOLU
10508,2012-05-08,Erkek,İstanbul,Cinsel,Mayıs,İLKBAHAR,MARMARA
10509,2012-05-08,Bayan,Adana,Zayıflama,Mayıs,İLKBAHAR,AKDENİZ
10510,2012-05-08,Erkek,Ankara,Zayıflama,Mayıs,İLKBAHAR,İÇ ANADOLU
10511,2012-05-08,Erkek,İzmir,Zayıflama,Mayıs,İLKBAHAR,EGE
10512,2012-05-08,Bayan,İstanbul,Zayıflama,Mayıs,İLKBAHAR,MARMARA
10513,2012-05-08,Erkek,Bursa,DİĞER,Mayıs,İLKBAHAR,MARMARA
10514,2012-05-08,Erkek,Ankara,Zayıflama,Mayıs,İLKBAHAR,İÇ ANADOLU
10515,2012-05-09,Erkek,Antalya,DİĞER,Mayıs,İLKBAHAR,AKDENİZ
10516,2012-05-09,Bayan,İzmir,Zayıflama,Mayıs,İLKBAHAR,EGE
10517,2012-05-09,Erkek,Artvin,Zayıflama,Mayıs,İLKBAHAR,KARADENİZ
10518,2012-05-09,Bayan,Hatay,Zayıflama,Mayıs,İLKBAHAR,AKDENİZ
10519,2012-05-09,Bayan,İzmir,Zayıflama,Mayıs,İLKBAHAR,EGE
10520,2012-05-09,Bayan,İstanbul,Zayıflama,Mayıs,İLKBAHAR,MARMARA
10521,2012-05-09,Erkek,Afyon,DİĞER,Mayıs,İLKBAHAR,EGE
10522,2012-05-09,Erkek,İstanbul,Cinsel,Mayıs,İLKBAHAR,MARMARA
10523,2012-05-09,Bayan,Afyon,Zayıflama,Mayıs,İLKBAHAR,EGE
10524,2012-05-09,Erkek,Uşak,Cinsel,Mayıs,İLKBAHAR,EGE
10525,2012-05-09,Erkek,Çanakkale,DİĞER,Mayıs,İLKBAHAR,MARMARA
10526,2012-05-09,Erkek,İstanbul,Ağrılar,Mayıs,İLKBAHAR,MARMARA
10527,2012-05-09,Erkek,Ankara,Ağrılar,Mayıs,İLKBAHAR,İÇ ANADOLU
10528,2012-05-09,Erkek,Muğla,Zayıflama,Mayıs,İLKBAHAR,EGE
10529,2012-05-09,Erkek,Bursa,DİĞER,Mayıs,İLKBAHAR,MARMARA
10530,2012-05-09,Erkek,Ankara,Cinsel,Mayıs,İLKBAHAR,İÇ ANADOLU
10531,2012-05-09,Erkek,Şanlıurfa,Zayıflama,Mayıs,İLKBAHAR,GÜNEYDOĞU
10532,2012-05-09,Erkek,İstanbul,Zayıflama,Mayıs,İLKBAHAR,MARMARA
10533,2012-05-09,Erkek,İstanbul,Zayıflama,Mayıs,İLKBAHAR,MARMARA
10534,2012-05-09,Erkek,Ankara,Zayıflama,Mayıs,İLKBAHAR,İÇ ANADOLU
10535,2012-05-09,Bayan,Kocaeli,Zayıflama,Mayıs,İLKBAHAR,MARMARA
10536,2012-05-09,Erkek,İstanbul,Zayıflama,Mayıs,İLKBAHAR,MARMARA
10537,2012-05-09,Bayan,İstanbul,Zayıflama,Mayıs,İLKBAHAR,MARMARA
10538,2012-05-09,Erkek,Mersin,DİĞER,Mayıs,İLKBAHAR,AKDENİZ
10539,2012-05-09,Bayan,Konya,Zayıflama,Mayıs,İLKBAHAR,İÇ ANADOLU
10540,2012-05-09,Bayan,Hatay,Zayıflama,Mayıs,İLKBAHAR,AKDENİZ
10541,2012-05-09,Erkek,Zonguldak,Zayıflama,Mayıs,İLKBAHAR,KARADENİZ
10542,2012-05-09,Erkek,Aydın,Cinsel,Mayıs,İLKBAHAR,EGE
10543,2012-05-09,Erkek,Hatay,Zayıflama,Mayıs,İLKBAHAR,AKDENİZ
10544,2012-05-09,Erkek,Denizli,Cinsel,Mayıs,İLKBAHAR,EGE
10545,2012-05-09,Erkek,Ankara,Cinsel,Mayıs,İLKBAHAR,İÇ ANADOLU
10546,2012-05-10,Erkek,Adana,Zayıflama,Mayıs,İLKBAHAR,AKDENİZ
10547,2012-05-10,Erkek,Karaman,Cinsel,Mayıs,İLKBAHAR,İÇ ANADOLU
10548,2012-05-10,Erkek,İstanbul,Zayıflama,Mayıs,İLKBAHAR,MARMARA
10549,2012-05-10,Erkek,Muş,Bakım,Mayıs,İLKBAHAR,DOĞU ANADOLU
10550,2012-05-10,Erkek,Adana,Bakım,Mayıs,İLKBAHAR,AKDENİZ
10551,2012-05-10,Erkek,İstanbul,Ağrılar,Mayıs,İLKBAHAR,MARMARA
10552,2012-05-10,Erkek,Tunceli,Zayıflama,Mayıs,İLKBAHAR,DOĞU ANADOLU
10553,2012-05-10,Erkek,İstanbul,Zayıflama,Mayıs,İLKBAHAR,MARMARA
10554,2012-05-10,Bayan,Bursa,Zayıflama,Mayıs,İLKBAHAR,MARMARA
10555,2012-05-10,Erkek,Bursa,Zayıflama,Mayıs,İLKBAHAR,MARMARA
10556,2012-05-10,Erkek,Tekirdağ,Zayıflama,Mayıs,İLKBAHAR,MARMARA
10557,2012-05-10,Bayan,İstanbul,Bakım,Mayıs,İLKBAHAR,MARMARA
10558,2012-05-10,Bayan,Çorum,Bakım,Mayıs,İLKBAHAR,KARADENİZ
10559,2012-05-10,Erkek,İstanbul,Bakım,Mayıs,İLKBAHAR,MARMARA
10560,2012-05-10,Erkek,İstanbul,DİĞER,Mayıs,İLKBAHAR,MARMARA
10561,2012-05-10,Erkek,İstanbul,Cinsel,Mayıs,İLKBAHAR,MARMARA
10562,2012-05-10,Erkek,Afyon,Cinsel,Mayıs,İLKBAHAR,EGE
10563,2012-05-10,Bayan,İstanbul,Bakım,Mayıs,İLKBAHAR,MARMARA
10564,2012-05-10,Bayan,Bolu,Bakım,Mayıs,İLKBAHAR,KARADENİZ
10565,2012-05-10,Erkek,Adana,Cinsel,Mayıs,İLKBAHAR,AKDENİZ
10566,2012-05-10,Bayan,Eskişehir,Zayıflama,Mayıs,İLKBAHAR,İÇ ANADOLU
10567,2012-05-10,Bayan,Eskişehir,Zayıflama,Mayıs,İLKBAHAR,İÇ ANADOLU
10568,2012-05-10,Bayan,İstanbul,Bakım,Mayıs,İLKBAHAR,MARMARA
10569,2012-05-10,Bayan,Bursa,Zayıflama,Mayıs,İLKBAHAR,MARMARA
10570,2012-05-10,Erkek,Adana,Zayıflama,Mayıs,İLKBAHAR,AKDENİZ
10571,2012-05-10,Erkek,Denizli,Bakım,Mayıs,İLKBAHAR,EGE
10572,2012-05-11,Bayan,Tekirdağ,Bakım,Mayıs,İLKBAHAR,MARMARA
10573,2012-05-11,Erkek,Bursa,Zayıflama,Mayıs,İLKBAHAR,MARMARA
10574,2012-05-11,Erkek,Karaman,Bakım,Mayıs,İLKBAHAR,İÇ ANADOLU
10575,2012-05-11,Erkek,İstanbul,Cinsel,Mayıs,İLKBAHAR,MARMARA
10576,2012-05-11,Erkek,Kütahya,Bakım,Mayıs,İLKBAHAR,EGE
10577,2012-05-11,Bayan,Tunceli,Bakım,Mayıs,İLKBAHAR,DOĞU ANADOLU
10578,2012-05-11,Bayan,Mersin,Zayıflama,Mayıs,İLKBAHAR,AKDENİZ
10579,2012-05-11,Bayan,İstanbul,Cinsel,Mayıs,İLKBAHAR,MARMARA
10580,2012-05-11,Erkek,İstanbul,Zayıflama,Mayıs,İLKBAHAR,MARMARA
10581,2012-05-11,Bayan,Kocaeli,Zayıflama,Mayıs,İLKBAHAR,MARMARA
10582,2012-05-11,Bayan,Çanakkale,Zayıflama,Mayıs,İLKBAHAR,MARMARA
10583,2012-05-11,Erkek,Isparta,Bakım,Mayıs,İLKBAHAR,AKDENİZ
10584,2012-05-11,Erkek,Ordu,Ağrılar,Mayıs,İLKBAHAR,KARADENİZ
10585,2012-05-11,Erkek,Diyarbakır,Cinsel,Mayıs,İLKBAHAR,GÜNEYDOĞU
10586,2012-05-11,Bayan,Konya,Bakım,Mayıs,İLKBAHAR,İÇ ANADOLU
10587,2012-05-12,Erkek,Ankara,Saç,Mayıs,İLKBAHAR,İÇ ANADOLU
10588,2012-05-12,Erkek,Muş,Cinsel,Mayıs,İLKBAHAR,DOĞU ANADOLU
10589,2012-05-12,Bayan,İzmir,Zayıflama,Mayıs,İLKBAHAR,EGE
10590,2012-05-12,Erkek,Aydın,Saç,Mayıs,İLKBAHAR,EGE
10591,2012-05-12,Erkek,İstanbul,Zayıflama,Mayıs,İLKBAHAR,MARMARA
10592,2012-05-12,Bayan,Ankara,Güzellik,Mayıs,İLKBAHAR,İÇ ANADOLU
10593,2012-05-12,Erkek,İstanbul,Zayıflama,Mayıs,İLKBAHAR,MARMARA
10594,2012-05-12,Erkek,Konya,Zayıflama,Mayıs,İLKBAHAR,İÇ ANADOLU
10595,2012-05-12,Erkek,Ankara,Sağlık,Mayıs,İLKBAHAR,İÇ ANADOLU
10596,2012-05-14,Erkek,Gaziantep,Cinsel,Mayıs,İLKBAHAR,GÜNEYDOĞU
10597,2012-05-14,Erkek,Konya,Bakım,Mayıs,İLKBAHAR,İÇ ANADOLU
10598,2012-05-14,Erkek,Aydın,Bakım,Mayıs,İLKBAHAR,EGE
10599,2012-05-14,Erkek,Bursa,Zayıflama,Mayıs,İLKBAHAR,MARMARA
10600,2012-05-14,Erkek,Eskişehir,Bakım,Mayıs,İLKBAHAR,İÇ ANADOLU
10601,2012-05-14,Erkek,Antalya,Zayıflama,Mayıs,İLKBAHAR,AKDENİZ
10602,2012-05-14,Erkek,Afyon,Zayıflama,Mayıs,İLKBAHAR,EGE
10603,2012-05-14,Erkek,Bursa,Saç,Mayıs,İLKBAHAR,MARMARA
10604,2012-05-14,Bayan,Adana,Zayıflama,Mayıs,İLKBAHAR,AKDENİZ
10605,2012-05-14,Bayan,Tokat,Bakım,Mayıs,İLKBAHAR,KARADENİZ
